{
"type": "FeatureCollection",
"name": "Kecamatan Semarang",
"crs": { "type": "name", "properties": { "name": "urn:ogc:def:crs:OGC:1.3:CRS84" } },
"features": [
{ "type": "Feature", "properties": { "Kecamatan": "Banyumanik", "Kota": "Kota Semarang", "adm3": "33.74.11" }, "geometry": { "type": "MultiPolygon", "coordinates": [ [ [ [ 110.422447204000093, -7.096894264999889 ], [ 110.422241212000131, -7.097384929999976 ], [ 110.422142030000089, -7.097695349999924 ], [ 110.421989440000061, -7.098077297999907 ], [ 110.421958924000194, -7.098150730999919 ], [ 110.421943665000072, -7.099517822999815 ], [ 110.421920777000139, -7.100209234999909 ], [ 110.421905518000074, -7.100881576999939 ], [ 110.421905518000074, -7.10173511399995 ], [ 110.421859741000105, -7.102522850999947 ], [ 110.421875, -7.103162765999969 ], [ 110.42173767100013, -7.103792667999926 ], [ 110.421623230000137, -7.104205606999926 ], [ 110.42129516500006, -7.104675768999925 ], [ 110.420944214000087, -7.104904651999902 ], [ 110.420570374000079, -7.105076312999927 ], [ 110.420295716000055, -7.105092525999908 ], [ 110.420051574000126, -7.104968547999874 ], [ 110.419868468000061, -7.104871272999901 ], [ 110.419654846000185, -7.104898451999929 ], [ 110.419158935000098, -7.10504484199987 ], [ 110.418998718000068, -7.105163096999888 ], [ 110.418701171000066, -7.105442522999908 ], [ 110.418418885000108, -7.105710982999938 ], [ 110.418281556000068, -7.10584163599998 ], [ 110.418060303000118, -7.106037139999898 ], [ 110.417930603000059, -7.106151580999949 ], [ 110.417747497, -7.106283186999917 ], [ 110.417480469000111, -7.106440066999937 ], [ 110.417175292000195, -7.106685637999931 ], [ 110.416999816000043, -7.106787680999958 ], [ 110.416908264000085, -7.106935977999967 ], [ 110.416854859000068, -7.107055185999968 ], [ 110.416763305000131, -7.10726737899995 ], [ 110.416732789000093, -7.107447623999917 ], [ 110.416641235000156, -7.107829569999979 ], [ 110.416549683000198, -7.107948302999944 ], [ 110.416419984000015, -7.108089923999955 ], [ 110.416221620000158, -7.108342645999812 ], [ 110.41614532400007, -7.108372687999974 ], [ 110.41559600800008, -7.108398913999849 ], [ 110.415229798000155, -7.108481407999932 ], [ 110.415084839000144, -7.108527659999936 ], [ 110.414848328, -7.108472346999974 ], [ 110.414649964000148, -7.108357428999966 ], [ 110.414482116000102, -7.108242510999958 ], [ 110.414253235000103, -7.108228682999879 ], [ 110.414062501000103, -7.108281612999974 ], [ 110.41394805800013, -7.10837364199989 ], [ 110.413581849000138, -7.108341215999872 ], [ 110.413375854000037, -7.108221530999913 ], [ 110.413139343000125, -7.108231067999895 ], [ 110.412925720000089, -7.108244418999959 ], [ 110.412460326000144, -7.108502387999977 ], [ 110.411552429000096, -7.108898639999893 ], [ 110.410995483000193, -7.109271526999919 ], [ 110.410270691000051, -7.109652994999976 ], [ 110.410232544000053, -7.109966276999955 ], [ 110.409858703999987, -7.110091685999919 ], [ 110.409561158000088, -7.10992669999996 ], [ 110.409103394000056, -7.109619615999975 ], [ 110.408638, -7.10953903199993 ], [ 110.408508301000097, -7.109375953999972 ], [ 110.408134461000088, -7.10917711299993 ], [ 110.407905578000054, -7.109055994999949 ], [ 110.40737915, -7.109407423999869 ], [ 110.406822204000093, -7.109552859999951 ], [ 110.406669617000034, -7.109821795999892 ], [ 110.406570435000162, -7.109851359999936 ], [ 110.406318664000196, -7.109926222999832 ], [ 110.405715943000132, -7.110351562999938 ], [ 110.405517578000172, -7.110212325999953 ], [ 110.405197143000066, -7.110054968999975 ], [ 110.405036926000037, -7.110061643999927 ], [ 110.404579162000175, -7.110080717999892 ], [ 110.404396058000088, -7.110370158999956 ], [ 110.404365539000139, -7.110704421999912 ], [ 110.404533387000185, -7.110975264999922 ], [ 110.404617309, -7.111278055999946 ], [ 110.404418945000145, -7.111512659999903 ], [ 110.404251099000078, -7.11166143399987 ], [ 110.403778077000027, -7.111868858999969 ], [ 110.403854370000033, -7.112462996999909 ], [ 110.404258727000013, -7.112844466999945 ], [ 110.404029846000185, -7.113047121999955 ], [ 110.403755188, -7.113356590999956 ], [ 110.403625487000056, -7.113452432999907 ], [ 110.403289794000045, -7.113599299999976 ], [ 110.402931214000034, -7.113821505999965 ], [ 110.402915954000036, -7.113563537999937 ], [ 110.402908326000102, -7.11319732599992 ], [ 110.402961731000175, -7.112669468999968 ], [ 110.402969361000089, -7.112400053999977 ], [ 110.402900696000188, -7.112140178999937 ], [ 110.402801514000146, -7.11198806699997 ], [ 110.402748108000196, -7.111914157999934 ], [ 110.402633668000135, -7.111738204999938 ], [ 110.402412415000015, -7.111735819999979 ], [ 110.402397155000187, -7.111639975999935 ], [ 110.402526856000179, -7.111388205999901 ], [ 110.402809144000059, -7.11077260999997 ], [ 110.402992248000146, -7.110366820999957 ], [ 110.403045655000199, -7.109974859999966 ], [ 110.402877807000152, -7.109722613999963 ], [ 110.402587891000167, -7.109628676999876 ], [ 110.402503967000143, -7.109642504999954 ], [ 110.40223693900009, -7.109649657999967 ], [ 110.40209198000008, -7.109693526999934 ], [ 110.401802064000037, -7.109729288999972 ], [ 110.401550292000195, -7.109714984999925 ], [ 110.401473999000189, -7.109455107999906 ], [ 110.401290893000123, -7.109142303999874 ], [ 110.401153564000026, -7.108687876999966 ], [ 110.400749207000104, -7.107869623999932 ], [ 110.400421142000198, -7.107394693999879 ], [ 110.40021515, -7.107203005999907 ], [ 110.399894715000073, -7.107030866999878 ], [ 110.399642945000039, -7.106909273999975 ], [ 110.399414062000176, -7.106868743999883 ], [ 110.399246217000041, -7.106852530999959 ], [ 110.399101258000087, -7.106888770999944 ], [ 110.398864746000015, -7.106868266999925 ], [ 110.398674010000036, -7.106746673999908 ], [ 110.398330688999977, -7.106564520999939 ], [ 110.397941588000037, -7.10632181099993 ], [ 110.397499085000106, -7.106059073999972 ], [ 110.397239685000159, -7.105775832999882 ], [ 110.397125245000097, -7.105543612999952 ], [ 110.397109985000043, -7.105240820999938 ], [ 110.397148131, -7.104877470999895 ], [ 110.397216797, -7.104574679999871 ], [ 110.397422791, -7.104413508999869 ], [ 110.397705077000069, -7.104282855999884 ], [ 110.397933960000103, -7.104283332999955 ], [ 110.398017884000126, -7.104355333999933 ], [ 110.398086548000151, -7.104444980999972 ], [ 110.398147583000139, -7.104535579999947 ], [ 110.398376464000137, -7.104687214999956 ], [ 110.398590088000049, -7.104687689999935 ], [ 110.398719787, -7.104586599999891 ], [ 110.398796081000114, -7.104546545999938 ], [ 110.398811341000169, -7.104264259999979 ], [ 110.398635864000084, -7.103940962999957 ], [ 110.398544312000183, -7.103456496999911 ], [ 110.398544312000183, -7.103093147999971 ], [ 110.39859771700003, -7.102742193999973 ], [ 110.398628235000103, -7.102675914999963 ], [ 110.398704528999986, -7.102497576999951 ], [ 110.399063111000203, -7.102276324999877 ], [ 110.399330139000085, -7.102074622999965 ], [ 110.399497986000199, -7.101852893999933 ], [ 110.399681092000094, -7.101282595999976 ], [ 110.400070190000122, -7.100748537999948 ], [ 110.400444031000063, -7.100325107999879 ], [ 110.400634765, -7.099891184999876 ], [ 110.400672914000097, -7.099598406999974 ], [ 110.40052032400007, -7.098856448999868 ], [ 110.400436400000046, -7.098614214999941 ], [ 110.400436400000046, -7.098331926999947 ], [ 110.400489808000202, -7.098059176999925 ], [ 110.400703430000135, -7.097857474999898 ], [ 110.400833129000091, -7.09763574699997 ], [ 110.400833129000091, -7.097322939999913 ], [ 110.400764465000123, -7.096969602999934 ], [ 110.400642395000148, -7.09670686599992 ], [ 110.40058136000016, -7.096464633999972 ], [ 110.401031493000175, -7.096288680999976 ], [ 110.401550292000195, -7.096026896999888 ], [ 110.401672363000102, -7.095946312999956 ], [ 110.401641846000132, -7.095744610999873 ], [ 110.401451110000153, -7.095532415999912 ], [ 110.401268004000087, -7.095310210999912 ], [ 110.400962830000083, -7.095067500999903 ], [ 110.400810242000091, -7.094845293999981 ], [ 110.400703430000135, -7.094552516999954 ], [ 110.400703430000135, -7.094330309999918 ], [ 110.400886536000144, -7.09404802399996 ], [ 110.401313781000056, -7.093639849999931 ], [ 110.402145385000154, -7.092894076999926 ], [ 110.402465820000089, -7.092581271999904 ], [ 110.402656554000089, -7.09222841299993 ], [ 110.402770997, -7.091925621999906 ], [ 110.402770997, -7.091622829999835 ], [ 110.402732850000177, -7.091421127999922 ], [ 110.402595519000101, -7.091254232999972 ], [ 110.402404785000101, -7.09107255899994 ], [ 110.402221679000036, -7.090829847999942 ], [ 110.402191162000122, -7.090608119999899 ], [ 110.40225982600009, -7.090395927999907 ], [ 110.402427673000034, -7.090063094999834 ], [ 110.402687073000038, -7.089569090999817 ], [ 110.403099060000102, -7.088585375999969 ], [ 110.403221131000123, -7.088353633999873 ], [ 110.40344238300014, -7.088030813999978 ], [ 110.403594971000189, -7.087849615999914 ], [ 110.403587341000048, -7.087687967999955 ], [ 110.403556824000134, -7.087324618999901 ], [ 110.40354919400005, -7.087031839999952 ], [ 110.403518677000079, -7.086759566999945 ], [ 110.403343201000098, -7.086516855999946 ], [ 110.403030396000077, -7.086223601999961 ], [ 110.402862549000133, -7.085926055999948 ], [ 110.402862549000133, -7.085673331999885 ], [ 110.402969361000089, -7.085381029999951 ], [ 110.40328216600011, -7.085098741999957 ], [ 110.403526305000184, -7.084826468999893 ], [ 110.403701783000145, -7.084453581999924 ], [ 110.403755188, -7.084150789999967 ], [ 110.40377044600001, -7.08378744099997 ], [ 110.403724670000145, -7.083494661999907 ], [ 110.403724670000145, -7.082879065999975 ], [ 110.403709411000023, -7.082555769999942 ], [ 110.403617859000121, -7.082182407999881 ], [ 110.403388976000087, -7.082009314999937 ], [ 110.403312683000081, -7.081980227999964 ], [ 110.403160095000089, -7.081990240999971 ], [ 110.402900696000188, -7.081989763999843 ], [ 110.402580261000082, -7.082069872999966 ], [ 110.402359008000133, -7.082143305999921 ], [ 110.402206421000017, -7.082170486999871 ], [ 110.402030945000092, -7.082180499999879 ], [ 110.401908874000185, -7.082119464999892 ], [ 110.401786804000039, -7.082008361999954 ], [ 110.401756287000069, -7.081826685999943 ], [ 110.401802064000037, -7.081604957999957 ], [ 110.401847839000197, -7.081181048999895 ], [ 110.401863097000046, -7.080938816999947 ], [ 110.401832581000178, -7.080837726999903 ], [ 110.401763915, -7.080544948999943 ], [ 110.40173339800009, -7.080302714999959 ], [ 110.401763915, -7.080070495999848 ], [ 110.401840211000092, -7.079868793999935 ], [ 110.402030945000092, -7.079697608999879 ], [ 110.402206421000017, -7.079546451999931 ], [ 110.402381896000065, -7.079364775999977 ], [ 110.402549744000112, -7.079213618999916 ], [ 110.402679443000068, -7.079022406999968 ], [ 110.402801514000146, -7.078833102999965 ], [ 110.402832032, -7.078729628999838 ], [ 110.402915954000036, -7.078709601999947 ], [ 110.403068543000131, -7.078598974999863 ], [ 110.403381347999982, -7.078578948999962 ], [ 110.403625487000056, -7.078609465999932 ], [ 110.403930664000143, -7.078698156999963 ], [ 110.403976441000111, -7.078586578999875 ], [ 110.403938294000056, -7.078377723999949 ], [ 110.403862000000174, -7.078120231999947 ], [ 110.403671264000195, -7.077943323999875 ], [ 110.403450012000178, -7.077741621999962 ], [ 110.40344238300014, -7.077559948999976 ], [ 110.40344238300014, -7.077337740999951 ], [ 110.403320313, -7.077188013999887 ], [ 110.403137207000157, -7.077145576999953 ], [ 110.402954101000091, -7.077165602999912 ], [ 110.402748108000196, -7.077205656999865 ], [ 110.402549744000112, -7.077356813999927 ], [ 110.402320861000078, -7.077564238999969 ], [ 110.402137757000048, -7.077659130999905 ], [ 110.401885986000082, -7.077628611999955 ], [ 110.401664733000132, -7.077527046999876 ], [ 110.401535034000176, -7.077244280999935 ], [ 110.40157318100006, -7.076931476999903 ], [ 110.401763915, -7.076639174999968 ], [ 110.402046203000111, -7.076447963999954 ], [ 110.402526856000179, -7.07623624699994 ], [ 110.403129579000051, -7.076126098999964 ], [ 110.403335571000014, -7.0760760309999 ], [ 110.40344238300014, -7.075964926999973 ], [ 110.403404237000188, -7.075692653999909 ], [ 110.403251647, -7.075419902999897 ], [ 110.402969361000089, -7.075177191999956 ], [ 110.402587891000167, -7.074944495999887 ], [ 110.402374268000131, -7.074752806999925 ], [ 110.402435304000051, -7.074470043999895 ], [ 110.402595519000101, -7.074248313999931 ], [ 110.402961731000175, -7.074057101999927 ], [ 110.403190612, -7.073986530999946 ], [ 110.403366090000134, -7.074104308999949 ], [ 110.40350341900006, -7.074148653999941 ], [ 110.403594971000189, -7.074279784999874 ], [ 110.403701783000145, -7.074501990999977 ], [ 110.403816222999978, -7.074603079999974 ], [ 110.40405273500005, -7.074633598999924 ], [ 110.404220580000128, -7.074604509999915 ], [ 110.404296876000046, -7.074613570999873 ], [ 110.404525757000101, -7.074614047999944 ], [ 110.404800415000068, -7.07453346199992 ], [ 110.405044556000121, -7.074483394999959 ], [ 110.40534210200002, -7.074372768999922 ], [ 110.405487060000155, -7.074151038999901 ], [ 110.405494690000069, -7.073898791999966 ], [ 110.405395508000197, -7.073666571999979 ], [ 110.405303956000068, -7.073464393999927 ], [ 110.405067445000157, -7.07328748599997 ], [ 110.40451049800015, -7.073054789999958 ], [ 110.404106140000124, -7.072852134999891 ], [ 110.403900147, -7.072680472999878 ], [ 110.403877259000069, -7.072335718999966 ], [ 110.403999329000044, -7.071923731999902 ], [ 110.404121398000143, -7.071682452999937 ], [ 110.404174805000196, -7.071581840999954 ], [ 110.40421295200008, -7.071499824999933 ], [ 110.404457091000097, -7.071207522999885 ], [ 110.404624939000144, -7.070945263999931 ], [ 110.404632569000057, -7.070809364999889 ], [ 110.40454101500012, -7.070688246999907 ], [ 110.404418945000145, -7.070476053999926 ], [ 110.404289246000133, -7.070291517999863 ], [ 110.404228210000099, -7.070213316999968 ], [ 110.404197694000061, -7.069940566999946 ], [ 110.404228210000099, -7.069748877999928 ], [ 110.404342651000036, -7.069527149999942 ], [ 110.404449463000162, -7.069264887999907 ], [ 110.40451049800015, -7.068825721999929 ], [ 110.404479980000133, -7.068512916999964 ], [ 110.40454101500012, -7.068200109999907 ], [ 110.404731751000099, -7.067907808999962 ], [ 110.405044556000121, -7.067554949999931 ], [ 110.4054489130001, -7.067242622999913 ], [ 110.405578614000092, -7.067172049999954 ], [ 110.405632019000166, -7.06707095999991 ], [ 110.40562439100006, -7.066929817999892 ], [ 110.405532837000123, -7.06674289699987 ], [ 110.40534210200002, -7.066430091999905 ], [ 110.405181885000047, -7.066116809999926 ], [ 110.405197143000066, -7.065874575999885 ], [ 110.405242920000035, -7.065571784999975 ], [ 110.405395508000197, -7.065218924999897 ], [ 110.405540467000037, -7.064709186999892 ], [ 110.405662537000183, -7.064366339999879 ], [ 110.405769348000035, -7.063942432999966 ], [ 110.405784606000054, -7.063690185999974 ], [ 110.4057617200001, -7.06337737899986 ], [ 110.405654907000098, -7.06292295499992 ], [ 110.405509948000088, -7.062559603999944 ], [ 110.405281067000033, -7.062125205999905 ], [ 110.404960632000098, -7.061600207999959 ], [ 110.404678344, -7.06122636799995 ], [ 110.404525757000101, -7.061034201999973 ], [ 110.404464721000181, -7.060791967999876 ], [ 110.404487610000047, -7.060529707999876 ], [ 110.404617309, -7.060358047999955 ], [ 110.404731751000099, -7.06023454699988 ], [ 110.404922485000043, -7.060106277999921 ], [ 110.405113220000089, -7.059995650999895 ], [ 110.405319214000087, -7.059834480999882 ], [ 110.405471801000033, -7.059531688999812 ], [ 110.405532837000123, -7.059309958999961 ], [ 110.405532837000123, -7.059067724999977 ], [ 110.405632019000166, -7.058794974999955 ], [ 110.405769348000035, -7.058568000999912 ], [ 110.405868530000077, -7.058386802999962 ], [ 110.405960084000185, -7.058245658999965 ], [ 110.405960084000185, -7.057982920999905 ], [ 110.405990600000052, -7.057548998999891 ], [ 110.406036377000191, -7.056973933999927 ], [ 110.406105041000046, -7.056600570999933 ], [ 110.406044006000059, -7.055757521999908 ], [ 110.406044006000059, -7.055586338999944 ], [ 110.405899048000094, -7.055232524999894 ], [ 110.405822755000088, -7.054808616999821 ], [ 110.405822755000088, -7.054515838999919 ], [ 110.405731200999981, -7.054253578999976 ], [ 110.405632019000166, -7.054121970999915 ], [ 110.405433654000149, -7.053829191999966 ], [ 110.405273437000119, -7.053667543999893 ], [ 110.405174255000077, -7.053475856999967 ], [ 110.405181885000047, -7.053193091999901 ], [ 110.405288695000138, -7.052996634999886 ], [ 110.405364991000056, -7.052895545999888 ], [ 110.405532837000123, -7.052835464999873 ], [ 110.405738831000122, -7.052825449999943 ], [ 110.405960084000185, -7.052825926999901 ], [ 110.406173706000118, -7.052765368999871 ], [ 110.406341552000129, -7.052674769999896 ], [ 110.406463623000036, -7.052513599999884 ], [ 110.406486511000139, -7.052351951999924 ], [ 110.406394959000011, -7.052170275999913 ], [ 110.406143188000044, -7.052028654999845 ], [ 110.405998231000069, -7.051796435999904 ], [ 110.40589141800001, -7.05139255499995 ], [ 110.405769348000035, -7.050958156999911 ], [ 110.405654907000098, -7.050756454999942 ], [ 110.405517578000172, -7.050665377999906 ], [ 110.405311584000174, -7.050463198999978 ], [ 110.405273437000119, -7.050301550999961 ], [ 110.405303956000068, -7.050135135999938 ], [ 110.405380249000075, -7.049832343999924 ], [ 110.4054489130001, -7.04945897999994 ], [ 110.405509948000088, -7.049096106999855 ], [ 110.405586242000197, -7.048858641999914 ], [ 110.40562439100006, -7.048722744999964 ], [ 110.405708312000172, -7.048399924999956 ], [ 110.405715943000132, -7.048026084999947 ], [ 110.405670166, -7.047809123999969 ], [ 110.405517578000172, -7.047496317999901 ], [ 110.405143738000163, -7.047091960999921 ], [ 110.404731751000099, -7.046677588999955 ], [ 110.404533387000185, -7.046445369999901 ], [ 110.404472352000198, -7.046213149999971 ], [ 110.404502868000066, -7.045990943999868 ], [ 110.404563904000156, -7.045738696999877 ], [ 110.404685974000131, -7.045486450999874 ], [ 110.404731751000099, -7.045269965999978 ], [ 110.404708863000167, -7.044936656999937 ], [ 110.404617309, -7.044552801999885 ], [ 110.404548645000034, -7.044239996999977 ], [ 110.404472352000198, -7.043806076999942 ], [ 110.404327393000187, -7.043452739999907 ], [ 110.404281616000048, -7.04319000299995 ], [ 110.404289246000133, -7.042937755999958 ], [ 110.404388428000175, -7.042736053999931 ], [ 110.404502868000066, -7.042524336999918 ], [ 110.404602050000108, -7.042259216999923 ], [ 110.404693604000045, -7.042130945999872 ], [ 110.40474701, -7.041979311999967 ], [ 110.404754638000099, -7.041737554999941 ], [ 110.404685974000131, -7.04157590799997 ], [ 110.404602050000108, -7.04148483299997 ], [ 110.404479980000133, -7.041395186999921 ], [ 110.40435028100012, -7.041363239999953 ], [ 110.404037476000099, -7.041272162999974 ], [ 110.403839112000014, -7.041150569999957 ], [ 110.403694153, -7.040827749999892 ], [ 110.403724670000145, -7.040565489999949 ], [ 110.403961183000092, -7.040333271999941 ], [ 110.404220580000128, -7.040081977999932 ], [ 110.404335023000101, -7.039970396999934 ], [ 110.404335023000101, -7.03979921399997 ], [ 110.404296876000046, -7.039678573999936 ], [ 110.404335023000101, -7.03959131199997 ], [ 110.404296876000046, -7.039334774999929 ], [ 110.404266357000097, -7.039011477999964 ], [ 110.404106140000124, -7.038617610999893 ], [ 110.403968811000198, -7.038203716999931 ], [ 110.403961183000092, -7.037800310999955 ], [ 110.404037476000099, -7.037441730999944 ], [ 110.404098512000189, -7.037300586999891 ], [ 110.40419006400009, -7.037058830999968 ], [ 110.404373169000053, -7.036957740999981 ], [ 110.404594422000173, -7.036867618999963 ], [ 110.404670716000112, -7.036851405999869 ], [ 110.404838562000123, -7.036585330999969 ], [ 110.404968262000011, -7.036292552999896 ], [ 110.40493011600006, -7.035818099999972 ], [ 110.404724121000186, -7.035535334999963 ], [ 110.404525757000101, -7.035444259999963 ], [ 110.404342651000036, -7.03526210699988 ], [ 110.404342651000036, -7.035100936999982 ], [ 110.404373169000053, -7.034909247999906 ], [ 110.404174805000196, -7.034474849999981 ], [ 110.403808593000065, -7.033963202999928 ], [ 110.403724670000145, -7.033780096999919 ], [ 110.403617859000121, -7.03364419899998 ], [ 110.403404237000188, -7.033337115999871 ], [ 110.403167725000174, -7.03293943299991 ], [ 110.403221131000123, -7.032506464999813 ], [ 110.403350829000033, -7.032073496999942 ], [ 110.403617859000121, -7.031712532999848 ], [ 110.403961183000092, -7.031435966999879 ], [ 110.40419006400009, -7.031221866999942 ], [ 110.404304503999981, -7.030918120999843 ], [ 110.404228210000099, -7.030560015999981 ], [ 110.404205322000109, -7.030400753999913 ], [ 110.404014588000166, -7.030202388999953 ], [ 110.403602601000102, -7.029897689999871 ], [ 110.403083802000083, -7.029575347999923 ], [ 110.402923584000121, -7.029199599999913 ], [ 110.402885437000066, -7.028872966999927 ], [ 110.402626038000051, -7.028358935999904 ], [ 110.402336121000133, -7.028197287999944 ], [ 110.402107239000202, -7.028120039999976 ], [ 110.401771545000088, -7.027984617999948 ], [ 110.401664733000132, -7.027841568999918 ], [ 110.401893616000166, -7.02762222299998 ], [ 110.402114869000116, -7.027249335999954 ], [ 110.402305603000059, -7.026793956999938 ], [ 110.402526856000179, -7.026234625999905 ], [ 110.402687073000038, -7.025737284999877 ], [ 110.402702331000057, -7.025447368999892 ], [ 110.402679443000068, -7.024939537999956 ], [ 110.402740478000055, -7.024556636999932 ], [ 110.402862549000133, -7.024294374999954 ], [ 110.402801514000146, -7.024095535999948 ], [ 110.402694701000087, -7.02379989699989 ], [ 110.402740478000055, -7.023474216999944 ], [ 110.402931214000034, -7.023263453999959 ], [ 110.403198242000144, -7.023031233999973 ], [ 110.403404237000188, -7.022854804999952 ], [ 110.40354919400005, -7.023029803999975 ], [ 110.40405273500005, -7.023580073999938 ], [ 110.404411316000107, -7.023980140999981 ], [ 110.40457153400007, -7.024149893999834 ], [ 110.40474701, -7.024345397999923 ], [ 110.404983521000133, -7.024610041999892 ], [ 110.405319214000087, -7.025000095999928 ], [ 110.405441285000165, -7.025129793999895 ], [ 110.405799866000109, -7.02553987399989 ], [ 110.405998231000069, -7.025750160999962 ], [ 110.406890870000097, -7.026730059999977 ], [ 110.40715789799998, -7.027019977999885 ], [ 110.407402039000033, -7.027289867999912 ], [ 110.407661439000037, -7.027579783999954 ], [ 110.407890320000035, -7.027830122999944 ], [ 110.408126831000175, -7.028059958999961 ], [ 110.408210754000095, -7.028150080999978 ], [ 110.408523559000116, -7.028439998999943 ], [ 110.408958435000045, -7.02880001099993 ], [ 110.409378052000193, -7.029109953999978 ], [ 110.409736633000136, -7.029339788999891 ], [ 110.410217286000034, -7.02962016999993 ], [ 110.411102295000148, -7.030079840999917 ], [ 110.411231994000104, -7.030129908999925 ], [ 110.412338257999977, -7.030570028999819 ], [ 110.412429810000106, -7.030590057999973 ], [ 110.413642884000126, -7.030900001999953 ], [ 110.414245605000133, -7.030980110999906 ], [ 110.414382934000059, -7.030987738999897 ], [ 110.415397644000166, -7.031091213999957 ], [ 110.417259216, -7.031230449999839 ], [ 110.417747497, -7.031271456999946 ], [ 110.417884828000069, -7.031279086999973 ], [ 110.41815948500016, -7.031318186999897 ], [ 110.418395997, -7.031339167999931 ], [ 110.41856384200014, -7.03135442599995 ], [ 110.419509889000153, -7.031410693999931 ], [ 110.42049408000014, -7.031479834999971 ], [ 110.420989991000056, -7.031479834999971 ], [ 110.421340942000029, -7.031469821999906 ], [ 110.42170715400016, -7.031459807999966 ], [ 110.421943665000072, -7.031429766999963 ], [ 110.422462463000045, -7.031390189999911 ], [ 110.422668457000043, -7.031390189999911 ], [ 110.422912598000039, -7.031360148999909 ], [ 110.423019409000119, -7.031350135999958 ], [ 110.424812317000146, -7.03120994499983 ], [ 110.425308228000063, -7.031159876999936 ], [ 110.425621033000084, -7.03112983799997 ], [ 110.427169800000058, -7.03107023299998 ], [ 110.428161622000061, -7.031119822999926 ], [ 110.42853546200007, -7.031135080999945 ], [ 110.428955079000048, -7.031150340999943 ], [ 110.429092408000145, -7.031132697999908 ], [ 110.429450990000134, -7.031300067999894 ], [ 110.429580688000044, -7.031350135999958 ], [ 110.42976379400011, -7.03142023099997 ], [ 110.429916382000101, -7.031509875999973 ], [ 110.430618287000186, -7.032090187999927 ], [ 110.43135833700012, -7.032839774999957 ], [ 110.431556701000034, -7.033110140999952 ], [ 110.431610108000086, -7.033180236999954 ], [ 110.431846619000055, -7.033649920999892 ], [ 110.431907655000089, -7.03379010999987 ], [ 110.432098389000089, -7.034190176999857 ], [ 110.432258606000119, -7.034530161999896 ], [ 110.432289123000032, -7.034599780999883 ], [ 110.432327270000087, -7.03467988899996 ], [ 110.432586669000159, -7.035319804999972 ], [ 110.432716370000151, -7.035729885999956 ], [ 110.432800292000138, -7.035950183999887 ], [ 110.432838441000058, -7.036170005999963 ], [ 110.43292999300013, -7.036469935999946 ], [ 110.432960509, -7.03660011199986 ], [ 110.43312072700013, -7.037330150999935 ], [ 110.433273316000054, -7.03805017499991 ], [ 110.433326721000128, -7.03836011899989 ], [ 110.433357238000042, -7.038479804999952 ], [ 110.43340301500001, -7.038650034999932 ], [ 110.433547974000021, -7.039319991999946 ], [ 110.433670045000099, -7.039969919999976 ], [ 110.433692931000053, -7.040040015999978 ], [ 110.433761597000057, -7.040420055999903 ], [ 110.43392181400003, -7.041090011999927 ], [ 110.434013366000158, -7.041450023999971 ], [ 110.434097290000182, -7.041900157999976 ], [ 110.434242249000192, -7.042449950999981 ], [ 110.434310913, -7.042719840999951 ], [ 110.434341431000064, -7.042829990999905 ], [ 110.434417725000117, -7.043099878999953 ], [ 110.434730530000195, -7.04437017399988 ], [ 110.43482971200001, -7.044859885999927 ], [ 110.434898377000138, -7.045370102999925 ], [ 110.434913636000033, -7.046140193999975 ], [ 110.434890747, -7.046259879999923 ], [ 110.434791565000182, -7.046720027999982 ], [ 110.434715271000073, -7.04696273799982 ], [ 110.434669494000104, -7.047130107999976 ], [ 110.434646606000172, -7.047200202999932 ], [ 110.434600831000182, -7.047309875999929 ], [ 110.434349059000169, -7.047949790999951 ], [ 110.433746338000105, -7.049459933999913 ], [ 110.433692931000053, -7.049620151999932 ], [ 110.433593749000181, -7.049880026999972 ], [ 110.433448791999979, -7.05020999899989 ], [ 110.433143615000063, -7.050879955999903 ], [ 110.433059692000143, -7.051050185999884 ], [ 110.432586669000159, -7.051680087999955 ], [ 110.432327270000087, -7.05191993699998 ], [ 110.431999207000047, -7.052219866999963 ], [ 110.431823731000122, -7.052350044999969 ], [ 110.431617736000192, -7.052490233999947 ], [ 110.43122100800008, -7.052710056999899 ], [ 110.431007385000044, -7.052810191999924 ], [ 110.43029022200011, -7.053150176999907 ], [ 110.43015289300007, -7.053229808999902 ], [ 110.429939270000034, -7.053329943999927 ], [ 110.430023194000057, -7.053410051999833 ], [ 110.430183411000087, -7.053549765999946 ], [ 110.430320740000184, -7.053669928999909 ], [ 110.430572510000047, -7.053870200999881 ], [ 110.430679322000174, -7.053959845999941 ], [ 110.430809021000186, -7.054009914999881 ], [ 110.431007385000044, -7.054009914999881 ], [ 110.432014465000066, -7.054005144999962 ], [ 110.432189941000047, -7.054012297999918 ], [ 110.432220459000064, -7.054183960999978 ], [ 110.432304383000087, -7.054486274999874 ], [ 110.432456971000079, -7.05486106799998 ], [ 110.432617188000108, -7.055156230999955 ], [ 110.432838441000058, -7.055494784999951 ], [ 110.432991028000117, -7.055742263999889 ], [ 110.433158874000185, -7.055996895999897 ], [ 110.433387757, -7.056561946999921 ], [ 110.43356323200004, -7.056860923999977 ], [ 110.433837890000063, -7.057285785999966 ], [ 110.434043885000108, -7.057591437999918 ], [ 110.434226989000194, -7.057801245999883 ], [ 110.434547424000129, -7.058092116999887 ], [ 110.434822082000096, -7.058301925999956 ], [ 110.435096742000098, -7.058480739999879 ], [ 110.43518066300004, -7.05855989399987 ], [ 110.435302734000118, -7.058953283999926 ], [ 110.435348511000086, -7.059020041999929 ], [ 110.435379028, -7.059100150999882 ], [ 110.435417175000055, -7.059599876999926 ], [ 110.435470582000107, -7.059790133999968 ], [ 110.43549347000004, -7.060019968999882 ], [ 110.435531617000095, -7.0603199009999 ], [ 110.435630799000137, -7.060810088999972 ], [ 110.435737609000114, -7.061759947999974 ], [ 110.43576049800015, -7.06202983799983 ], [ 110.435783386000082, -7.062429904999874 ], [ 110.435867310000106, -7.062709807999966 ], [ 110.435981751000043, -7.062910079999938 ], [ 110.43611908000014, -7.063049793999937 ], [ 110.436172485000043, -7.063109873999906 ], [ 110.436340332000157, -7.063220023999975 ], [ 110.436653137000178, -7.063320158999943 ], [ 110.43730163500004, -7.063509939999904 ], [ 110.437751771000137, -7.06364011699992 ], [ 110.438026429000104, -7.063739775999977 ], [ 110.438087464000091, -7.064021586999957 ], [ 110.438110351000148, -7.064218997999944 ], [ 110.438110351000148, -7.064483165999945 ], [ 110.438133239000081, -7.064729212999964 ], [ 110.438140869000165, -7.065120220999972 ], [ 110.438125611000146, -7.065383910999969 ], [ 110.438102723000043, -7.065631389999908 ], [ 110.438041687000123, -7.065746784999874 ], [ 110.437950133000015, -7.065818308999951 ], [ 110.437774658000137, -7.065943716999925 ], [ 110.437599182000042, -7.066123962999939 ], [ 110.437492371000189, -7.066303728999969 ], [ 110.437393189000147, -7.066495417999931 ], [ 110.437294007000105, -7.066804409999975 ], [ 110.43725586000005, -7.066967009999928 ], [ 110.435920715000179, -7.066765307999958 ], [ 110.435668946000192, -7.066987037999979 ], [ 110.435417175000055, -7.067238807999956 ], [ 110.435043334000113, -7.067741393999881 ], [ 110.434761048000041, -7.068227768999975 ], [ 110.434700013000054, -7.068397521999827 ], [ 110.434806823000201, -7.06844568199989 ], [ 110.434936524000193, -7.068449973999975 ], [ 110.435340881000116, -7.068500518999883 ], [ 110.435913085000038, -7.068580149999946 ], [ 110.43640136800002, -7.068669794999948 ], [ 110.436653137000178, -7.068719863999945 ], [ 110.436851502000138, -7.068728922999981 ], [ 110.437004089000084, -7.068809508999891 ], [ 110.437133790000075, -7.069011210999975 ], [ 110.437271119000172, -7.069330215999969 ], [ 110.437355042000092, -7.069432734999964 ], [ 110.437477111000135, -7.069573878999904 ], [ 110.437705994000169, -7.069783686999926 ], [ 110.438003540000068, -7.069977282999957 ], [ 110.438400269000169, -7.070111751999889 ], [ 110.438896180000029, -7.070364473999859 ], [ 110.439155579000101, -7.07045698099995 ], [ 110.439422606999983, -7.070624828999883 ], [ 110.439682007000158, -7.070767879999948 ], [ 110.43991851800007, -7.070927619999907 ], [ 110.440361023000037, -7.07122182899991 ], [ 110.440689086000077, -7.071423530999823 ], [ 110.440994263, -7.071591853999962 ], [ 110.441390992000038, -7.071860788999913 ], [ 110.44165039100011, -7.072137831999953 ], [ 110.442070006000108, -7.072566509999888 ], [ 110.442520142000035, -7.073091506999958 ], [ 110.442733765000071, -7.073301313999934 ], [ 110.442832947000113, -7.073477744999877 ], [ 110.442855835000046, -7.073620318999929 ], [ 110.442741395000155, -7.073804854999935 ], [ 110.442497254000102, -7.074157236999952 ], [ 110.442367553000111, -7.074538706999931 ], [ 110.442260742000087, -7.074807166999904 ], [ 110.442214965000119, -7.075067041999944 ], [ 110.442070006000108, -7.07542800899995 ], [ 110.442047119999984, -7.075562 ], [ 110.442375183000024, -7.075646398999879 ], [ 110.442626952000182, -7.075722217999953 ], [ 110.442863464000027, -7.075740813999971 ], [ 110.443519592000143, -7.07597017199987 ], [ 110.443664551000154, -7.076044082999942 ], [ 110.443809510000165, -7.076079844999981 ], [ 110.444053649000182, -7.076186178999876 ], [ 110.444252014000199, -7.076248644999907 ], [ 110.444519043000128, -7.07631063499997 ], [ 110.444763185000113, -7.076304434999884 ], [ 110.444717408000145, -7.076434610999911 ], [ 110.444671631000176, -7.076558588999944 ], [ 110.444641114000035, -7.076646803999893 ], [ 110.444694519000109, -7.076744555999881 ], [ 110.444770813000048, -7.076769828999943 ], [ 110.444847106000054, -7.076779841999894 ], [ 110.445060729000033, -7.077030180999884 ], [ 110.445152283000141, -7.077149866999946 ], [ 110.445411683000088, -7.077191351999943 ], [ 110.445617675000108, -7.077119827999979 ], [ 110.44571685700015, -7.077099799999871 ], [ 110.446174621000182, -7.077324389999831 ], [ 110.446411132000094, -7.0773630139999 ], [ 110.446952819999979, -7.077397345999827 ], [ 110.447410584000011, -7.077313899999922 ], [ 110.447830201000045, -7.077095984999914 ], [ 110.447898864000138, -7.077072142999896 ], [ 110.44800567700014, -7.076994419999949 ], [ 110.450271606000172, -7.07788705899992 ], [ 110.4505386350001, -7.077936648999923 ], [ 110.450958252000135, -7.078105448999963 ], [ 110.451438903, -7.078353405999962 ], [ 110.451812745000041, -7.07873439899987 ], [ 110.452178955000136, -7.079053400999953 ], [ 110.452400208000029, -7.079115390999959 ], [ 110.452941895000038, -7.079195975999937 ], [ 110.453308105000133, -7.079311370999903 ], [ 110.453552247000061, -7.079421042999911 ], [ 110.45372772200011, -7.079258440999979 ], [ 110.453895568000121, -7.079046725999945 ], [ 110.454093932000035, -7.078931807999936 ], [ 110.454330443000174, -7.078808784999978 ], [ 110.454109193000136, -7.079041002999929 ], [ 110.45405578499998, -7.079417705999902 ], [ 110.454170228000123, -7.079992294999954 ], [ 110.454208375000178, -7.080149172999938 ], [ 110.454154968000125, -7.080224513999951 ], [ 110.45399475, -7.080546855999899 ], [ 110.453895568000121, -7.080845832999955 ], [ 110.453796386000135, -7.081352710999965 ], [ 110.453788758000201, -7.081594467999821 ], [ 110.453842163000104, -7.081985950999979 ], [ 110.45394897500006, -7.082239627999911 ], [ 110.454010010000047, -7.082336424999937 ], [ 110.453979492000144, -7.082587718999946 ], [ 110.453941345000089, -7.082849501999931 ], [ 110.453895568000121, -7.08332824699994 ], [ 110.453681945000142, -7.083567142999868 ], [ 110.453796386000135, -7.083998679999979 ], [ 110.453765869000165, -7.08452510799998 ], [ 110.453666687000123, -7.084908007999957 ], [ 110.453651429000104, -7.085339067999939 ], [ 110.453765869000165, -7.085578916999964 ], [ 110.453781127000184, -7.08583402599993 ], [ 110.453742981000062, -7.086265086999902 ], [ 110.453681945000142, -7.08656835599993 ], [ 110.453544616000045, -7.087070941999968 ], [ 110.45323944200004, -7.087581633999946 ], [ 110.452919007000105, -7.088203429999965 ], [ 110.452629089000084, -7.088825701999951 ], [ 110.452148438, -7.089655397999934 ], [ 110.451919555000188, -7.090073107999956 ], [ 110.451843262000182, -7.090064048999977 ], [ 110.451362609000114, -7.08990716999989 ], [ 110.45083618200016, -7.089677333999873 ], [ 110.450378418000128, -7.089447975999917 ], [ 110.44990539600002, -7.089260101999912 ], [ 110.449478148000026, -7.089113712999961 ], [ 110.449310303000118, -7.089092731999926 ], [ 110.449104308000187, -7.089092253999979 ], [ 110.448814392000202, -7.089173792999873 ], [ 110.44869995200014, -7.089092253999979 ], [ 110.44833374000001, -7.089076040999942 ], [ 110.447776794000163, -7.089187145999915 ], [ 110.447242736000192, -7.089473723999902 ], [ 110.446746825000105, -7.090143680999915 ], [ 110.446319580000193, -7.090734003999899 ], [ 110.446189879000201, -7.090951442999881 ], [ 110.446151733000079, -7.090845108999872 ], [ 110.446037292000085, -7.090561389999948 ], [ 110.445907593000129, -7.090410708999968 ], [ 110.445785523000154, -7.090319156999954 ], [ 110.445579528000053, -7.090277194999942 ], [ 110.445411683000088, -7.090276716999938 ], [ 110.445251465000183, -7.090276716999938 ], [ 110.444869995000033, -7.090367793999974 ], [ 110.444641114000035, -7.090451239999879 ], [ 110.444534302000079, -7.090542791999894 ], [ 110.444503785000109, -7.090676307999956 ], [ 110.444511413000043, -7.090976714999954 ], [ 110.444496155000024, -7.091160295999941 ], [ 110.444274902000132, -7.091242312999952 ], [ 110.443916320000085, -7.091289519999975 ], [ 110.443344116, -7.091289041999914 ], [ 110.442802430000143, -7.091288089999921 ], [ 110.442115783000077, -7.091287611999974 ], [ 110.441726685000049, -7.09135198499996 ], [ 110.440925598000092, -7.091266630999939 ], [ 110.4402694690001, -7.091044902999954 ], [ 110.439659118000122, -7.09086370499989 ], [ 110.439079284000115, -7.090637683999944 ], [ 110.438598633000026, -7.090607164999881 ], [ 110.438301087000127, -7.090640066999981 ], [ 110.437927247000061, -7.090682028999879 ], [ 110.436958314000094, -7.090956210999934 ], [ 110.436309814000083, -7.091310977999967 ], [ 110.435714721000181, -7.091594695999902 ], [ 110.434791565000182, -7.091788292999922 ], [ 110.433753967000087, -7.091913698999917 ], [ 110.432769775000054, -7.091945647999978 ], [ 110.431831359, -7.091926573999899 ], [ 110.43172454900008, -7.091924666999944 ], [ 110.431076051000048, -7.091763496999931 ], [ 110.430168151000089, -7.091641425999967 ], [ 110.429733276000036, -7.091623304999871 ], [ 110.429183960000103, -7.091765879999969 ], [ 110.428680421000081, -7.092048167999963 ], [ 110.428344726000091, -7.092305659999909 ], [ 110.427711486000135, -7.092857360999915 ], [ 110.427238464000027, -7.093304633999878 ], [ 110.426719665, -7.093848704999971 ], [ 110.425933838000105, -7.094523905999949 ], [ 110.425437927000189, -7.094889162999891 ], [ 110.424690247000171, -7.095353602999978 ], [ 110.4241561890002, -7.095591543999944 ], [ 110.423805238, -7.095817088999922 ], [ 110.423095702000126, -7.096287725999957 ], [ 110.422760009000115, -7.096539972999892 ], [ 110.422660827000129, -7.09661960699998 ], [ 110.422447204000093, -7.096894264999889 ] ] ] ] } },
{ "type": "Feature", "properties": { "Kecamatan": "Candisari", "Kota": "Kota Semarang", "adm3": "33.74.08" }, "geometry": { "type": "MultiPolygon", "coordinates": [ [ [ [ 110.42853546200007, -7.031135080999945 ], [ 110.428161622000061, -7.031119822999926 ], [ 110.427169800000058, -7.03107023299998 ], [ 110.425621033000084, -7.03112983799997 ], [ 110.425308228000063, -7.031159876999936 ], [ 110.424812317000146, -7.03120994499983 ], [ 110.423019409000119, -7.031350135999958 ], [ 110.422912598000039, -7.031360148999909 ], [ 110.422668457000043, -7.031390189999911 ], [ 110.422462463000045, -7.031390189999911 ], [ 110.421943665000072, -7.031429766999963 ], [ 110.42170715400016, -7.031459807999966 ], [ 110.421340942000029, -7.031469821999906 ], [ 110.420989991000056, -7.031479834999971 ], [ 110.42049408000014, -7.031479834999971 ], [ 110.419509889000153, -7.031410693999931 ], [ 110.41856384200014, -7.03135442599995 ], [ 110.418395997, -7.031339167999931 ], [ 110.41815948500016, -7.031318186999897 ], [ 110.41835785000012, -7.029995917999941 ], [ 110.418464660000097, -7.029363154999942 ], [ 110.418540954000036, -7.028690338999979 ], [ 110.418586731000175, -7.028357505999963 ], [ 110.41870880100015, -7.027513980999913 ], [ 110.418930054000043, -7.026545047999946 ], [ 110.419021606000172, -7.02613973699988 ], [ 110.419120788000043, -7.025717734999944 ], [ 110.41928863600009, -7.025336741999979 ], [ 110.419448853000063, -7.024996280999972 ], [ 110.419670104000033, -7.024653434999948 ], [ 110.420120240000131, -7.024159908999934 ], [ 110.420433045000152, -7.023859976999915 ], [ 110.420341493000024, -7.023369788999958 ], [ 110.420272827000076, -7.023159979999889 ], [ 110.420242311000038, -7.023029803999975 ], [ 110.420173645000034, -7.022739886999943 ], [ 110.420127868000066, -7.022580146999871 ], [ 110.419952392000084, -7.021880149999959 ], [ 110.419769286000019, -7.021170138999935 ], [ 110.419639587000063, -7.020679950999977 ], [ 110.419517517000088, -7.02027654699998 ], [ 110.419487000000117, -7.020170211999869 ], [ 110.419448853000063, -7.02002000799996 ], [ 110.419349671000077, -7.019659995999973 ], [ 110.419158935000098, -7.01886987599994 ], [ 110.418670655000199, -7.017089842999837 ], [ 110.418586731000175, -7.016819952999981 ], [ 110.418479920000095, -7.016389846999914 ], [ 110.418350220000036, -7.015810012999964 ], [ 110.41840362500011, -7.0157284739999 ], [ 110.418136597000057, -7.014744281999981 ], [ 110.41801452600015, -7.014230250999844 ], [ 110.417770385000097, -7.013397693999877 ], [ 110.417610168000124, -7.013042925999912 ], [ 110.417488099000025, -7.012850760999925 ], [ 110.417160034000176, -7.012604712999973 ], [ 110.416770935000045, -7.012444972999901 ], [ 110.416488647000108, -7.012248992999957 ], [ 110.416305541000042, -7.01199579199988 ], [ 110.415946960000156, -7.011448860999906 ], [ 110.415855408000027, -7.011195181999881 ], [ 110.415779114000145, -7.010811805999879 ], [ 110.415794372000164, -7.010500430999969 ], [ 110.415931701000034, -7.010034083999926 ], [ 110.41609954900008, -7.009614466999949 ], [ 110.416213989000141, -7.009216308999953 ], [ 110.416252136000196, -7.008847713999899 ], [ 110.416275025, -7.008292674999893 ], [ 110.416229248000036, -7.008193492999965 ], [ 110.416137696000135, -7.008000373999948 ], [ 110.417427064000037, -7.007432937999909 ], [ 110.417556762000117, -7.007466791999946 ], [ 110.417549132000033, -7.007334232999938 ], [ 110.417556762000117, -7.007014750999929 ], [ 110.417564393000134, -7.006712913999934 ], [ 110.417488099000025, -7.006367682999951 ], [ 110.417251588000113, -7.005456446999972 ], [ 110.417129517000035, -7.004735945999869 ], [ 110.41700744700006, -7.003975867999941 ], [ 110.416923523000037, -7.003604887999927 ], [ 110.416824341, -7.003302573999918 ], [ 110.416702270000144, -7.003026485999897 ], [ 110.416450501000156, -7.002577304999875 ], [ 110.41625976600011, -7.002248764999877 ], [ 110.416244506000055, -7.002016066999886 ], [ 110.41625976600011, -7.001800060999869 ], [ 110.416488647000108, -7.001593111999966 ], [ 110.416709900000058, -7.001463889999968 ], [ 110.417030335000163, -7.001331806999929 ], [ 110.417541504000098, -7.001210212999922 ], [ 110.417892456000175, -7.001110075999975 ], [ 110.418342589000019, -7.000979899999948 ], [ 110.418586731000175, -7.000929832999816 ], [ 110.418823242000087, -7.000939845999937 ], [ 110.419006348000153, -7.00100994099995 ], [ 110.419189454000048, -7.001090049999902 ], [ 110.419357299000126, -7.001130104999959 ], [ 110.419517517000088, -7.001120089999915 ], [ 110.419639587000063, -7.001079081999819 ], [ 110.41989898700001, -7.000958918999913 ], [ 110.420112610000047, -7.000734805999912 ], [ 110.420372009000062, -7.00034666099998 ], [ 110.420440675000066, -7.000087737999934 ], [ 110.420448303000171, -6.999699114999942 ], [ 110.420394898000097, -6.999371051999958 ], [ 110.420249939000087, -6.999112129999958 ], [ 110.420059205000143, -6.998826979999819 ], [ 110.419822693000128, -6.998550413999851 ], [ 110.41958618200016, -6.998317240999938 ], [ 110.419525147000172, -6.998242854999887 ], [ 110.419403076000094, -6.998058795999953 ], [ 110.419372558000077, -6.997864721999974 ], [ 110.419349671000077, -6.99767017299996 ], [ 110.419387818000075, -6.997455596999941 ], [ 110.419410707000111, -6.997350214999926 ], [ 110.419502259000069, -6.997374533999903 ], [ 110.419883729, -6.997478008999849 ], [ 110.420219422000173, -6.997610091999945 ], [ 110.420776368000077, -6.997844217999955 ], [ 110.421356201000151, -6.998147009999968 ], [ 110.421730040999989, -6.99845790899991 ], [ 110.422088622000103, -6.998907087999953 ], [ 110.422370911000087, -6.999373912999943 ], [ 110.422622680000075, -6.999693392999916 ], [ 110.423110963000056, -7.000116824999964 ], [ 110.423469544000113, -7.00044965799998 ], [ 110.4236526480002, -7.000691413999959 ], [ 110.424293518000127, -7.001373767999951 ], [ 110.42470550500019, -7.002004622999948 ], [ 110.425300598000092, -7.002782344999957 ], [ 110.4257736200002, -7.003283500999942 ], [ 110.426246642000081, -7.003776073999859 ], [ 110.426528930000131, -7.004019259999893 ], [ 110.426704406000113, -7.00422716199995 ], [ 110.426864624000018, -7.004518985999937 ], [ 110.427207947000113, -7.004741191999926 ], [ 110.427742005000084, -7.005255222999949 ], [ 110.427864075000059, -7.005255222999949 ], [ 110.427894592000143, -7.005185126999891 ], [ 110.42803192100007, -7.005185604999951 ], [ 110.42847442599998, -7.005186079999817 ], [ 110.428703307000035, -7.005186079999817 ], [ 110.428886413000043, -7.005233286999896 ], [ 110.429222107000157, -7.00530385999997 ], [ 110.429435729000033, -7.005397319999872 ], [ 110.429618835000099, -7.005444048999948 ], [ 110.429916382000101, -7.005467890999967 ], [ 110.430191040000125, -7.00544500399991 ], [ 110.430297852000081, -7.005421637999916 ], [ 110.430519105000144, -7.005410194999968 ], [ 110.430740357000161, -7.005410670999936 ], [ 110.430908203, -7.005329131999929 ], [ 110.431106567000086, -7.005189417999929 ], [ 110.431411744, -7.004991052999912 ], [ 110.431610108000086, -7.004827975999945 ], [ 110.431747437000183, -7.004746436999937 ], [ 110.43186187800012, -7.004769802999931 ], [ 110.432037353, -7.004825592999907 ], [ 110.432022094999979, -7.004899978999958 ], [ 110.431999207000047, -7.005090235999944 ], [ 110.431991577000133, -7.005169868999872 ], [ 110.431922913000108, -7.005730152999888 ], [ 110.431922913000108, -7.005829809999966 ], [ 110.431907655000089, -7.006080148999956 ], [ 110.431953430000078, -7.00645017599993 ], [ 110.432067870000139, -7.006959914999925 ], [ 110.432151794000163, -7.007299898999918 ], [ 110.432319641999982, -7.007939815999919 ], [ 110.432441712000184, -7.008431911999878 ], [ 110.432548523000037, -7.008540153999945 ], [ 110.432670593000182, -7.008580206999966 ], [ 110.432861327000126, -7.008689878999974 ], [ 110.433509827000137, -7.009039877999896 ], [ 110.433990478000055, -7.009220123999967 ], [ 110.434074402000078, -7.009237289999817 ], [ 110.434265138000058, -7.009232521999934 ], [ 110.434646606000172, -7.009206770999867 ], [ 110.435089111000082, -7.009164808999969 ], [ 110.435501098000145, -7.00914955099995 ], [ 110.435707093000076, -7.00912380199992 ], [ 110.435813903, -7.009134291999885 ], [ 110.435897827000019, -7.009170053999924 ], [ 110.4376602170002, -7.009590148999962 ], [ 110.438667297000052, -7.009809970999925 ], [ 110.438751221000075, -7.009840010999937 ], [ 110.439002990000176, -7.009940147999885 ], [ 110.439208984000174, -7.010009765999939 ], [ 110.439567566, -7.010139941999967 ], [ 110.440727233000132, -7.010449885999947 ], [ 110.441200256000116, -7.010580062999964 ], [ 110.441276551000101, -7.010600090999958 ], [ 110.441360473000088, -7.010630129999925 ], [ 110.441551209000068, -7.010690212999862 ], [ 110.441833495000196, -7.010759830999916 ], [ 110.441993713000102, -7.010799884999869 ], [ 110.442596436000144, -7.011020182999971 ], [ 110.44288635200013, -7.011079787999961 ], [ 110.443283081, -7.011129855999911 ], [ 110.444122315000186, -7.011169909999921 ], [ 110.444328306999978, -7.01124000599998 ], [ 110.444511413000043, -7.01133012799994 ], [ 110.444740296000077, -7.011363981999921 ], [ 110.444610595000086, -7.011702537999952 ], [ 110.444381714000087, -7.012325286999953 ], [ 110.444190978000108, -7.01288175499991 ], [ 110.444007874000022, -7.013409137999929 ], [ 110.443862915000068, -7.013797282999974 ], [ 110.443786621000129, -7.013959883999917 ], [ 110.44341278100012, -7.015027522999901 ], [ 110.443344116, -7.015258788999859 ], [ 110.443214417000036, -7.015690801999881 ], [ 110.442863464000027, -7.01674890399994 ], [ 110.442764281000109, -7.017071246999876 ], [ 110.442604066000058, -7.017437458999893 ], [ 110.442314148000037, -7.017891407999969 ], [ 110.442024231000119, -7.018249988999969 ], [ 110.441642761000196, -7.018645285999924 ], [ 110.441093445000035, -7.019106386999965 ], [ 110.441032410000048, -7.019179342999962 ], [ 110.440689086000077, -7.019479751999938 ], [ 110.44042205900007, -7.019706249999956 ], [ 110.440063477000081, -7.020013809999909 ], [ 110.439788819000114, -7.020233154999858 ], [ 110.439414979000105, -7.020459650999953 ], [ 110.4390869140002, -7.020613192999861 ], [ 110.438919068000189, -7.020669937999912 ], [ 110.438827514000081, -7.020695208999882 ], [ 110.438362122000115, -7.020787237999969 ], [ 110.437835693000125, -7.020894050999914 ], [ 110.437561035000158, -7.020977974999937 ], [ 110.436904907000041, -7.021178243999884 ], [ 110.436363221000192, -7.021501063999949 ], [ 110.435699463000162, -7.022100924999961 ], [ 110.434036255000194, -7.023947715999952 ], [ 110.433189392000202, -7.024909495999964 ], [ 110.432945250999978, -7.025371074999953 ], [ 110.43273162800017, -7.026094911999905 ], [ 110.432388305000075, -7.02715778399994 ], [ 110.431869506000055, -7.028812884999979 ], [ 110.431640625000057, -7.029428957999926 ], [ 110.431312562000187, -7.029998301999854 ], [ 110.430976869, -7.030383109999889 ], [ 110.430618287000186, -7.030660150999893 ], [ 110.430252075000112, -7.030875205999905 ], [ 110.429817199000183, -7.030982493999943 ], [ 110.429428101000099, -7.031089782999913 ], [ 110.429092408000145, -7.031132697999908 ], [ 110.428955079000048, -7.031150340999943 ], [ 110.42853546200007, -7.031135080999945 ] ] ] ] } },
{ "type": "Feature", "properties": { "Kecamatan": "Gajahmungkur", "Kota": "Kota Semarang", "adm3": "33.74.09" }, "geometry": { "type": "MultiPolygon", "coordinates": [ [ [ [ 110.417259216, -7.031230449999839 ], [ 110.415397644000166, -7.031091213999957 ], [ 110.414382934000059, -7.030987738999897 ], [ 110.414245605000133, -7.030980110999906 ], [ 110.413642884000126, -7.030900001999953 ], [ 110.412429810000106, -7.030590057999973 ], [ 110.412338257999977, -7.030570028999819 ], [ 110.411231994000104, -7.030129908999925 ], [ 110.411102295000148, -7.030079840999917 ], [ 110.410217286000034, -7.02962016999993 ], [ 110.409736633000136, -7.029339788999891 ], [ 110.409378052000193, -7.029109953999978 ], [ 110.408958435000045, -7.02880001099993 ], [ 110.408523559000116, -7.028439998999943 ], [ 110.408210754000095, -7.028150080999978 ], [ 110.408126831000175, -7.028059958999961 ], [ 110.407890320000035, -7.027830122999944 ], [ 110.407661439000037, -7.027579783999954 ], [ 110.407402039000033, -7.027289867999912 ], [ 110.40715789799998, -7.027019977999885 ], [ 110.406890870000097, -7.026730059999977 ], [ 110.405998231000069, -7.025750160999962 ], [ 110.405799866000109, -7.02553987399989 ], [ 110.405441285000165, -7.025129793999895 ], [ 110.405319214000087, -7.025000095999928 ], [ 110.404983521000133, -7.024610041999892 ], [ 110.40474701, -7.024345397999923 ], [ 110.40457153400007, -7.024149893999834 ], [ 110.404411316000107, -7.023980140999981 ], [ 110.40405273500005, -7.023580073999938 ], [ 110.40354919400005, -7.023029803999975 ], [ 110.403404237000188, -7.022854804999952 ], [ 110.403198242000144, -7.023031233999973 ], [ 110.402931214000034, -7.023263453999959 ], [ 110.402740478000055, -7.023474216999944 ], [ 110.402694701000087, -7.02379989699989 ], [ 110.402801514000146, -7.024095535999948 ], [ 110.402862549000133, -7.024294374999954 ], [ 110.402740478000055, -7.024556636999932 ], [ 110.402679443000068, -7.024939537999956 ], [ 110.402702331000057, -7.025447368999892 ], [ 110.402687073000038, -7.025737284999877 ], [ 110.402526856000179, -7.026234625999905 ], [ 110.402305603000059, -7.026793956999938 ], [ 110.402114869000116, -7.027249335999954 ], [ 110.401893616000166, -7.02762222299998 ], [ 110.401664733000132, -7.027841568999918 ], [ 110.401535034000176, -7.027683733999936 ], [ 110.400794982000036, -7.026869772999873 ], [ 110.400421142000198, -7.02662038699998 ], [ 110.399948120000147, -7.026205539999921 ], [ 110.399536133000083, -7.025925158999883 ], [ 110.399200440000072, -7.025758743999972 ], [ 110.399024964000148, -7.025561809999942 ], [ 110.398918152000192, -7.025344371999893 ], [ 110.398918152000192, -7.025116443999934 ], [ 110.399047852000081, -7.024753568999927 ], [ 110.39926147500006, -7.024215220999906 ], [ 110.399330139000085, -7.023963926999897 ], [ 110.399330139000085, -7.023720263999962 ], [ 110.399200440000072, -7.02370738999997 ], [ 110.39890289300007, -7.023541449999925 ], [ 110.398590088000049, -7.023323059999882 ], [ 110.398368836000202, -7.023186205999934 ], [ 110.398124694000103, -7.023105143999885 ], [ 110.397827148000147, -7.023063182999977 ], [ 110.397514343000125, -7.023083685999893 ], [ 110.397277831999986, -7.023118494999949 ], [ 110.397071837999988, -7.023103713999944 ], [ 110.396858215000179, -7.023010252999939 ], [ 110.39649963300019, -7.022709368999926 ], [ 110.39611816300004, -7.022397993999903 ], [ 110.395866394000109, -7.022076605999871 ], [ 110.395751953000115, -7.021630762999962 ], [ 110.395439148000094, -7.021236418999933 ], [ 110.395179749000022, -7.020967006999911 ], [ 110.394706727000141, -7.020551681999905 ], [ 110.394332886000029, -7.020167826999966 ], [ 110.393806457000096, -7.019618033999961 ], [ 110.393638611000085, -7.019508360999907 ], [ 110.393554688000165, -7.019462585999975 ], [ 110.393394470000032, -7.019451617999948 ], [ 110.393112182000152, -7.019524096999874 ], [ 110.392860413000164, -7.019793033999917 ], [ 110.392646790000185, -7.02019691299995 ], [ 110.392372132, -7.020496844999911 ], [ 110.391792298000155, -7.020744800999978 ], [ 110.391311645000087, -7.020878791999962 ], [ 110.391052246000015, -7.020878791999962 ], [ 110.390945435000162, -7.020878314999948 ], [ 110.39070129400011, -7.020764349999922 ], [ 110.390541077000137, -7.020556926999973 ], [ 110.390525818000185, -7.020349502999977 ], [ 110.390464783000198, -7.020069599999886 ], [ 110.39034271200012, -7.019903659999954 ], [ 110.389976502000195, -7.019706249999956 ], [ 110.389686584, -7.019623278999916 ], [ 110.389266967000196, -7.019581316999904 ], [ 110.388763428, -7.019456385999888 ], [ 110.388313294000056, -7.019310473999894 ], [ 110.387718201000155, -7.018978118999939 ], [ 110.38734435900011, -7.01849079099992 ], [ 110.387084962000074, -7.018055437999976 ], [ 110.387023926000154, -7.017713068999967 ], [ 110.387062073000038, -7.017473220999932 ], [ 110.38707733200016, -7.017385481999952 ], [ 110.387138367000148, -7.017231463999906 ], [ 110.387290954000036, -7.016864776999967 ], [ 110.387405395000201, -7.016544818999932 ], [ 110.38751983700007, -7.016244887999903 ], [ 110.387428283000133, -7.015857696999944 ], [ 110.387321472999986, -7.015420913999947 ], [ 110.387260438, -7.015043258999981 ], [ 110.38721466100003, -7.014850614999943 ], [ 110.387298584000121, -7.014190673999963 ], [ 110.387359620000041, -7.013577937999969 ], [ 110.387222291000114, -7.013009548999889 ], [ 110.386940003000063, -7.01233625499998 ], [ 110.38663482600009, -7.011746406999919 ], [ 110.386451722000061, -7.011498450999966 ], [ 110.386390687000073, -7.011154651999902 ], [ 110.38652801600017, -7.010751247999849 ], [ 110.387008666000156, -7.010048864999931 ], [ 110.387496949000138, -7.00916767099983 ], [ 110.387893677000079, -7.008465290999879 ], [ 110.388458252000191, -7.007554052999978 ], [ 110.3888320920002, -7.006753443999912 ], [ 110.3888320920002, -7.006639957999937 ], [ 110.388877869000169, -7.00649976699998 ], [ 110.388992309000059, -7.006289958999957 ], [ 110.389122010000051, -7.006110190999891 ], [ 110.389251709000177, -7.005980014999977 ], [ 110.389358521000133, -7.005909918999919 ], [ 110.389579774000083, -7.005879879999952 ], [ 110.389999389000081, -7.005859850999968 ], [ 110.390281677000132, -7.005869864999966 ], [ 110.390426636000143, -7.005859850999968 ], [ 110.39070129400011, -7.005819796999958 ], [ 110.391021729000101, -7.005770206999898 ], [ 110.391296387000068, -7.005720137999958 ], [ 110.391403199000024, -7.005700110999953 ], [ 110.391578675000176, -7.005700110999953 ], [ 110.391822814000193, -7.005750178999961 ], [ 110.392181396000012, -7.005859850999968 ], [ 110.392601013000046, -7.006011485999977 ], [ 110.392707825000173, -7.006050109999876 ], [ 110.39296722500012, -7.006124018999969 ], [ 110.393463136000037, -7.006149291999918 ], [ 110.393669128, -7.006062507999957 ], [ 110.393745422000109, -7.006049632999918 ], [ 110.39403534000013, -7.005956172999959 ], [ 110.394325256000116, -7.005808828999932 ], [ 110.39458465600012, -7.005594728999938 ], [ 110.394958496000129, -7.005192756999918 ], [ 110.395195007000041, -7.004950523999867 ], [ 110.395240784, -7.004871367999954 ], [ 110.395393371000125, -7.004683970999906 ], [ 110.395690918000128, -7.004349230999935 ], [ 110.395858765000071, -7.004111289999969 ], [ 110.396202087000063, -7.003695009999888 ], [ 110.396324158000141, -7.00353193199993 ], [ 110.396514892000141, -7.003223894999905 ], [ 110.396614074000126, -7.002942084999972 ], [ 110.396751405000032, -7.002493380999965 ], [ 110.396850587000074, -7.002267837999966 ], [ 110.396896362000064, -7.002131461999852 ], [ 110.397094726000148, -7.001903533999894 ], [ 110.397483827000087, -7.001743315999875 ], [ 110.398208618000126, -7.001576422999847 ], [ 110.399040222000167, -7.001430033999895 ], [ 110.399337769000169, -7.001397131999909 ], [ 110.399490356000115, -7.001393794999899 ], [ 110.399597168000071, -7.001397131999909 ], [ 110.400062560000038, -7.001364230999968 ], [ 110.400444031000063, -7.001391409999883 ], [ 110.400749207000104, -7.001352309999959 ], [ 110.400970460000167, -7.001164435999954 ], [ 110.401168822000045, -7.000869749999879 ], [ 110.401412964000201, -7.000461100999928 ], [ 110.401611328000115, -7.00013256099993 ], [ 110.401641846000132, -6.999985217999892 ], [ 110.401489257000037, -6.999586104999935 ], [ 110.401313781000056, -6.999337672999957 ], [ 110.401107789000093, -6.99904251199996 ], [ 110.400993346000121, -6.998754023999822 ], [ 110.400909425000179, -6.998458861999893 ], [ 110.400955200000169, -6.998170375999848 ], [ 110.401191711000081, -6.997691630999952 ], [ 110.401359558000024, -6.997289179999939 ], [ 110.401519776000157, -6.99677324299995 ], [ 110.401664733000132, -6.996397972999944 ], [ 110.401947021000069, -6.995791434999944 ], [ 110.402038575000176, -6.995546817999923 ], [ 110.402435304000051, -6.995859622999944 ], [ 110.402664185000049, -6.995937346999938 ], [ 110.402992248000146, -6.995999811999923 ], [ 110.403564454000048, -6.995938300999967 ], [ 110.404121398000143, -6.995939253999893 ], [ 110.404365539000139, -6.995938300999967 ], [ 110.404724121000186, -6.995924472999889 ], [ 110.405006409000066, -6.995909212999891 ], [ 110.40520477300015, -6.995785711999872 ], [ 110.405410766000045, -6.995615481999948 ], [ 110.405639649000079, -6.995275019999895 ], [ 110.405860902000143, -6.994996546999971 ], [ 110.406082152000181, -6.994838236999897 ], [ 110.406227112000067, -6.994729994999943 ], [ 110.406547547000059, -6.994589805999965 ], [ 110.406845093000129, -6.994474887999957 ], [ 110.406921387000068, -6.994569777999914 ], [ 110.407058716000165, -6.994740007999951 ], [ 110.407402039000033, -6.995009897999978 ], [ 110.407768249000128, -6.995279787999948 ], [ 110.40798187300004, -6.995490072999928 ], [ 110.408119202000137, -6.995739936999939 ], [ 110.408172608000143, -6.995960234999927 ], [ 110.408172608000143, -6.996109961999878 ], [ 110.408348083000135, -6.99609994899987 ], [ 110.40885925200007, -6.996079920999875 ], [ 110.409500122000168, -6.995930193999925 ], [ 110.409736633000136, -6.995810030999962 ], [ 110.409896851000042, -6.995779990999949 ], [ 110.410049438000158, -6.995801924999967 ], [ 110.410270691000051, -6.995911597999907 ], [ 110.410476685000049, -6.996028422999814 ], [ 110.410659789000135, -6.996087073999945 ], [ 110.410972596000136, -6.996116161999964 ], [ 110.411476135000157, -6.996109961999878 ], [ 110.41191864100017, -6.996073722999938 ], [ 110.412338257999977, -6.996041773999934 ], [ 110.412849427000083, -6.995984075999957 ], [ 110.413269044000117, -6.995935438999936 ], [ 110.413581849000138, -6.995890138999926 ], [ 110.413848876000088, -6.995810030999962 ], [ 110.414093018000074, -6.995729923999875 ], [ 110.414451599000131, -6.995920180999917 ], [ 110.414512635000051, -6.995960234999927 ], [ 110.414642333000131, -6.996049881999966 ], [ 110.414909363, -6.996200083999895 ], [ 110.415557861000195, -6.99654006999998 ], [ 110.4156265270002, -6.996578693999936 ], [ 110.415733337000177, -6.996612547999916 ], [ 110.415863038000111, -6.996640204999892 ], [ 110.415962219999983, -6.996689796999931 ], [ 110.416038514000093, -6.996709822999946 ], [ 110.416687012000125, -6.996910094999919 ], [ 110.417022705000079, -6.996970176999923 ], [ 110.41713714500014, -6.996993540999881 ], [ 110.417343140000014, -6.996990202999882 ], [ 110.417907714000194, -6.99707984999992 ], [ 110.418197632000044, -6.997119903999874 ], [ 110.418411255000024, -6.997129916999825 ], [ 110.418731690000186, -6.997220038999899 ], [ 110.419059753000056, -6.997300147999965 ], [ 110.41928863600009, -6.997340201999975 ], [ 110.419410707000111, -6.997350214999926 ], [ 110.419387818000075, -6.997455596999941 ], [ 110.419349671000077, -6.99767017299996 ], [ 110.419372558000077, -6.997864721999974 ], [ 110.419403076000094, -6.998058795999953 ], [ 110.419525147000172, -6.998242854999887 ], [ 110.41958618200016, -6.998317240999938 ], [ 110.419822693000128, -6.998550413999851 ], [ 110.420059205000143, -6.998826979999819 ], [ 110.420249939000087, -6.999112129999958 ], [ 110.420394898000097, -6.999371051999958 ], [ 110.420448303000171, -6.999699114999942 ], [ 110.420440675000066, -7.000087737999934 ], [ 110.420372009000062, -7.00034666099998 ], [ 110.420112610000047, -7.000734805999912 ], [ 110.41989898700001, -7.000958918999913 ], [ 110.419639587000063, -7.001079081999819 ], [ 110.419517517000088, -7.001120089999915 ], [ 110.419357299000126, -7.001130104999959 ], [ 110.419189454000048, -7.001090049999902 ], [ 110.419006348000153, -7.00100994099995 ], [ 110.418823242000087, -7.000939845999937 ], [ 110.418586731000175, -7.000929832999816 ], [ 110.418342589000019, -7.000979899999948 ], [ 110.417892456000175, -7.001110075999975 ], [ 110.417541504000098, -7.001210212999922 ], [ 110.417030335000163, -7.001331806999929 ], [ 110.416709900000058, -7.001463889999968 ], [ 110.416488647000108, -7.001593111999966 ], [ 110.41625976600011, -7.001800060999869 ], [ 110.416244506000055, -7.002016066999886 ], [ 110.41625976600011, -7.002248764999877 ], [ 110.416450501000156, -7.002577304999875 ], [ 110.416702270000144, -7.003026485999897 ], [ 110.416824341, -7.003302573999918 ], [ 110.416923523000037, -7.003604887999927 ], [ 110.41700744700006, -7.003975867999941 ], [ 110.417129517000035, -7.004735945999869 ], [ 110.417251588000113, -7.005456446999972 ], [ 110.417488099000025, -7.006367682999951 ], [ 110.417564393000134, -7.006712913999934 ], [ 110.417556762000117, -7.007014750999929 ], [ 110.417549132000033, -7.007334232999938 ], [ 110.417556762000117, -7.007466791999946 ], [ 110.417427064000037, -7.007432937999909 ], [ 110.416137696000135, -7.008000373999948 ], [ 110.416229248000036, -7.008193492999965 ], [ 110.416275025, -7.008292674999893 ], [ 110.416252136000196, -7.008847713999899 ], [ 110.416213989000141, -7.009216308999953 ], [ 110.41609954900008, -7.009614466999949 ], [ 110.415931701000034, -7.010034083999926 ], [ 110.415794372000164, -7.010500430999969 ], [ 110.415779114000145, -7.010811805999879 ], [ 110.415855408000027, -7.011195181999881 ], [ 110.415946960000156, -7.011448860999906 ], [ 110.416305541000042, -7.01199579199988 ], [ 110.416488647000108, -7.012248992999957 ], [ 110.416770935000045, -7.012444972999901 ], [ 110.417160034000176, -7.012604712999973 ], [ 110.417488099000025, -7.012850760999925 ], [ 110.417610168000124, -7.013042925999912 ], [ 110.417770385000097, -7.013397693999877 ], [ 110.41801452600015, -7.014230250999844 ], [ 110.418136597000057, -7.014744281999981 ], [ 110.41840362500011, -7.0157284739999 ], [ 110.418350220000036, -7.015810012999964 ], [ 110.418479920000095, -7.016389846999914 ], [ 110.418586731000175, -7.016819952999981 ], [ 110.418670655000199, -7.017089842999837 ], [ 110.419158935000098, -7.01886987599994 ], [ 110.419349671000077, -7.019659995999973 ], [ 110.419448853000063, -7.02002000799996 ], [ 110.419487000000117, -7.020170211999869 ], [ 110.419517517000088, -7.02027654699998 ], [ 110.419639587000063, -7.020679950999977 ], [ 110.419769286000019, -7.021170138999935 ], [ 110.419952392000084, -7.021880149999959 ], [ 110.420127868000066, -7.022580146999871 ], [ 110.420173645000034, -7.022739886999943 ], [ 110.420242311000038, -7.023029803999975 ], [ 110.420272827000076, -7.023159979999889 ], [ 110.420341493000024, -7.023369788999958 ], [ 110.420433045000152, -7.023859976999915 ], [ 110.420120240000131, -7.024159908999934 ], [ 110.419670104000033, -7.024653434999948 ], [ 110.419448853000063, -7.024996280999972 ], [ 110.41928863600009, -7.025336741999979 ], [ 110.419120788000043, -7.025717734999944 ], [ 110.419021606000172, -7.02613973699988 ], [ 110.418930054000043, -7.026545047999946 ], [ 110.41870880100015, -7.027513980999913 ], [ 110.418586731000175, -7.028357505999963 ], [ 110.418540954000036, -7.028690338999979 ], [ 110.418464660000097, -7.029363154999942 ], [ 110.41835785000012, -7.029995917999941 ], [ 110.41815948500016, -7.031318186999897 ], [ 110.417884828000069, -7.031279086999973 ], [ 110.417747497, -7.031271456999946 ], [ 110.417259216, -7.031230449999839 ] ] ] ] } },
{ "type": "Feature", "properties": { "Kecamatan": "Gayamsari", "Kota": "Kota Semarang", "adm3": "33.74.04" }, "geometry": { "type": "MultiPolygon", "coordinates": [ [ [ [ 110.451271057000156, -6.979156969999963 ], [ 110.451362609000114, -6.97989416199988 ], [ 110.451461791000099, -6.980503082999974 ], [ 110.45147705200003, -6.980710982999938 ], [ 110.451499937999984, -6.98091125499991 ], [ 110.451568604000158, -6.981391906999875 ], [ 110.451637267000081, -6.981952665999927 ], [ 110.451652527000078, -6.982120513999973 ], [ 110.451858520000201, -6.983617781999953 ], [ 110.452262879000159, -6.986597538999945 ], [ 110.452713012000174, -6.989899635999961 ], [ 110.452751159000059, -6.990153789999908 ], [ 110.452972412000122, -6.991670130999978 ], [ 110.452987670000141, -6.99201011699995 ], [ 110.453208923000091, -6.993989944999896 ], [ 110.453392029000156, -6.995490072999928 ], [ 110.453628540000068, -6.996732710999822 ], [ 110.453674317000036, -6.997103213999935 ], [ 110.453842163000104, -6.998238086999947 ], [ 110.453887940000072, -6.998735427999975 ], [ 110.453910828000176, -6.999202726999897 ], [ 110.453903198000091, -6.99970006999996 ], [ 110.453849793000188, -7.000238894999939 ], [ 110.453765869000165, -7.00078916599989 ], [ 110.453598022000051, -7.001271246999977 ], [ 110.453262328000164, -7.002043722999872 ], [ 110.453025817000025, -7.002518176999956 ], [ 110.452613830000132, -7.003120897999906 ], [ 110.451690674000133, -7.004068374999974 ], [ 110.449539184000116, -7.006129263999981 ], [ 110.449150085000156, -7.005370140999958 ], [ 110.449119569000118, -7.005300044999899 ], [ 110.449081422000063, -7.005209922999938 ], [ 110.449050903000114, -7.004809856999941 ], [ 110.449050903000114, -7.004389762999892 ], [ 110.449020387000076, -7.00417995499987 ], [ 110.448959351000042, -7.004049776999921 ], [ 110.448722840000073, -7.003799914999945 ], [ 110.448661805000086, -7.003739833999873 ], [ 110.448417664000033, -7.00356006599992 ], [ 110.448219299000073, -7.003429889999893 ], [ 110.446792602000073, -7.002830028999938 ], [ 110.446472168000184, -7.002739904999942 ], [ 110.445808411000087, -7.002540110999973 ], [ 110.445510865000131, -7.002399921999938 ], [ 110.445411683000088, -7.002364157999921 ], [ 110.445137025000122, -7.002260207999939 ], [ 110.444740296000077, -7.002130031999911 ], [ 110.444503785000109, -7.002009867999902 ], [ 110.444396972999982, -7.001942157999906 ], [ 110.443916320000085, -7.001679897999963 ], [ 110.443557739000198, -7.001422880999939 ], [ 110.443367004000152, -7.001291751999929 ], [ 110.44310760500008, -7.001160620999883 ], [ 110.442848205000132, -7.00106429899995 ], [ 110.442535400000054, -7.000997065999968 ], [ 110.441963196000131, -7.000780105999922 ], [ 110.441169739000145, -7.000466823999943 ], [ 110.440666198000145, -7.00028228799988 ], [ 110.44062805100009, -7.000213621999876 ], [ 110.44042205900007, -7.000026702999946 ], [ 110.440238953000062, -6.999902246999966 ], [ 110.439941406, -6.999666690999902 ], [ 110.439689637000072, -6.999485969999967 ], [ 110.439407349000135, -6.99925851699993 ], [ 110.439147949000187, -6.999074458999928 ], [ 110.438941955000189, -6.998893737999936 ], [ 110.438690185000155, -6.998644827999954 ], [ 110.438598633000026, -6.998557566999978 ], [ 110.438537598000039, -6.998429775999966 ], [ 110.43850707900009, -6.998075008999933 ], [ 110.43850707900009, -6.99789762599994 ], [ 110.43852234000002, -6.997745035999912 ], [ 110.438583375, -6.997424600999977 ], [ 110.438667297000052, -6.99733114199995 ], [ 110.438728332000039, -6.997225761999914 ], [ 110.438774109000178, -6.997169493999877 ], [ 110.438827514000081, -6.997082709999916 ], [ 110.438880921000134, -6.9970087989999 ], [ 110.438980102000073, -6.996785640999917 ], [ 110.43920135400009, -6.996417998999959 ], [ 110.439361572, -6.99621772699993 ], [ 110.439483642000141, -6.99600028899988 ], [ 110.439643860000103, -6.995783328999948 ], [ 110.439743042000146, -6.99554920099996 ], [ 110.439796447000049, -6.995359419999943 ], [ 110.439804077000133, -6.99504756999994 ], [ 110.439842224000188, -6.994740007999951 ], [ 110.439895629000034, -6.994551181999952 ], [ 110.43991851800007, -6.994236946999933 ], [ 110.439987183000198, -6.993764876999933 ], [ 110.440032958000131, -6.993513107999945 ], [ 110.440040588000045, -6.993413447999899 ], [ 110.440025330000026, -6.993287561999978 ], [ 110.439949036000144, -6.993058203999965 ], [ 110.439880371000015, -6.992852686999925 ], [ 110.4397811890002, -6.992559909999954 ], [ 110.439712525000175, -6.992222784999967 ], [ 110.439697265000177, -6.992127417999882 ], [ 110.439697265000177, -6.992031097999927 ], [ 110.439758300000165, -6.991738796999869 ], [ 110.439857483000083, -6.991536617999941 ], [ 110.439979553000057, -6.991387367999948 ], [ 110.440032958000131, -6.991327284999954 ], [ 110.440200806000178, -6.991196154999955 ], [ 110.440307616000155, -6.99109697199998 ], [ 110.440368652000018, -6.99099254499987 ], [ 110.440391540000121, -6.990846157999954 ], [ 110.440414428999986, -6.990514754999936 ], [ 110.44040679800014, -6.990102767999872 ], [ 110.440429687, -6.989791392999962 ], [ 110.440452575000108, -6.989413260999925 ], [ 110.44046783400006, -6.989235876999942 ], [ 110.440490722, -6.989027499999906 ], [ 110.4405822760001, -6.98866176599995 ], [ 110.440620423000155, -6.988465785999949 ], [ 110.440689086000077, -6.988142490999962 ], [ 110.440757752000081, -6.98789358199997 ], [ 110.440826415000174, -6.987578869999936 ], [ 110.440849303999983, -6.987397193999925 ], [ 110.441139220000196, -6.985905170999956 ], [ 110.441200256000116, -6.985607624999943 ], [ 110.441253663000168, -6.985295294999901 ], [ 110.441291810000052, -6.984943388999966 ], [ 110.441253663000168, -6.984574793999911 ], [ 110.441253663000168, -6.984214304999909 ], [ 110.44132232600009, -6.983561991999977 ], [ 110.441467285000044, -6.983121870999867 ], [ 110.441604614000141, -6.982649325999944 ], [ 110.441772462000188, -6.981853008999963 ], [ 110.441871644000059, -6.981172084999912 ], [ 110.442070006000108, -6.979694842999891 ], [ 110.442131042000199, -6.979102609999927 ], [ 110.442131042000199, -6.978678224999896 ], [ 110.442176819000167, -6.97835779199994 ], [ 110.442214965000119, -6.97806978199992 ], [ 110.442382813000165, -6.977521418999913 ], [ 110.442543031000071, -6.977081297999916 ], [ 110.442687988000102, -6.97670507499987 ], [ 110.442794800000058, -6.976312636999921 ], [ 110.442878724000082, -6.97570800799997 ], [ 110.44288635200013, -6.975595472999942 ], [ 110.442901612000185, -6.975363731999948 ], [ 110.44288635200013, -6.974899290999872 ], [ 110.442901612000185, -6.974483012999883 ], [ 110.442901612000185, -6.974098682999966 ], [ 110.442924499000014, -6.973778247999917 ], [ 110.443077088000109, -6.97320175099992 ], [ 110.443176270000151, -6.972929953999881 ], [ 110.443214417000036, -6.972856997999884 ], [ 110.443275452000194, -6.972753524999973 ], [ 110.443374635000168, -6.972601412999893 ], [ 110.443420410000101, -6.972021102999918 ], [ 110.44346618700007, -6.971589087999973 ], [ 110.443534852000141, -6.971092224999893 ], [ 110.443641662000118, -6.970612049999943 ], [ 110.44380188000008, -6.970039844999974 ], [ 110.443962097000053, -6.969127177999951 ], [ 110.444046021000077, -6.968734741999981 ], [ 110.444046021000077, -6.968534469999952 ], [ 110.444244385000161, -6.967053412999974 ], [ 110.444305421000081, -6.966621397999916 ], [ 110.444335937000119, -6.966493606999904 ], [ 110.444526671000062, -6.965392589999965 ], [ 110.44460296699998, -6.964665412999977 ], [ 110.44460296699998, -6.963937758999919 ], [ 110.444412231, -6.963256834999981 ], [ 110.444206239000039, -6.962646483999947 ], [ 110.443710328000122, -6.962011813999879 ], [ 110.443244934000177, -6.961494921999929 ], [ 110.443031311000141, -6.961072444999957 ], [ 110.442962646000069, -6.960508823999874 ], [ 110.442962646000069, -6.959931373999893 ], [ 110.442398071000184, -6.958137987999919 ], [ 110.441749573000152, -6.95604801199994 ], [ 110.441299438000101, -6.954733370999975 ], [ 110.440948486000025, -6.95323085799987 ], [ 110.440879823000159, -6.952503203999981 ], [ 110.440948486000025, -6.951939581999966 ], [ 110.441398620000143, -6.950813769999911 ], [ 110.441703796000184, -6.949990748999937 ], [ 110.442352294000045, -6.949723720999941 ], [ 110.442497254000102, -6.949709414999916 ], [ 110.443084716000044, -6.949434279999934 ], [ 110.444000244000108, -6.949183940999887 ], [ 110.444801331000065, -6.949207781999974 ], [ 110.445396424000194, -6.949299810999889 ], [ 110.445968629, -6.949529171999927 ], [ 110.447090149000076, -6.950147627999968 ], [ 110.448120117000201, -6.950651168999968 ], [ 110.448417664000033, -6.950811386999874 ], [ 110.448684693000018, -6.950944422999896 ], [ 110.448753357000044, -6.951042652999945 ], [ 110.449897766000106, -6.951563834999888 ], [ 110.450965881000116, -6.952287673999933 ], [ 110.451095581, -6.952489852999975 ], [ 110.451454163000051, -6.952887058999977 ], [ 110.452056884000058, -6.953807354999981 ], [ 110.452293395000197, -6.954577445999917 ], [ 110.452278137000178, -6.955440998999961 ], [ 110.452247620000037, -6.957187175999934 ], [ 110.451942444, -6.957206725999981 ], [ 110.450645448000159, -6.957325934999972 ], [ 110.449562072000049, -6.957606314999964 ], [ 110.448959351000042, -6.957781790999945 ], [ 110.448600769, -6.957908629999963 ], [ 110.448486329000161, -6.957980632999977 ], [ 110.447509766000053, -6.958287239999947 ], [ 110.447937011000135, -6.958876131999887 ], [ 110.448280335000163, -6.959252834999972 ], [ 110.448524475999989, -6.959539890999906 ], [ 110.449447631999988, -6.960505008999917 ], [ 110.450241089000201, -6.961217401999875 ], [ 110.451126098000145, -6.962021826999944 ], [ 110.451797484999986, -6.962611674999948 ], [ 110.451721191000104, -6.962825297999871 ], [ 110.451683044000049, -6.962887287999934 ], [ 110.450637818000075, -6.965281009999956 ], [ 110.449989320000043, -6.967088221999973 ], [ 110.449775695000085, -6.967761038999981 ], [ 110.449760437000066, -6.968433379999908 ], [ 110.449829102000137, -6.969034670999918 ], [ 110.449958801000093, -6.969792843999869 ], [ 110.450340271000073, -6.972354888999917 ], [ 110.450569152000071, -6.974093437999898 ], [ 110.450889587, -6.976421831999971 ], [ 110.451271057000156, -6.979156969999963 ] ] ] ] } },
{ "type": "Feature", "properties": { "Kecamatan": "Genuk", "Kota": "Kota Semarang", "adm3": "33.74.05" }, "geometry": { "type": "MultiPolygon", "coordinates": [ [ [ [ 110.496055603000173, -6.997809408999899 ], [ 110.495491027000185, -6.998933313999885 ], [ 110.49509429800014, -6.999012947999915 ], [ 110.494613648000154, -6.999253271999919 ], [ 110.494567871000186, -6.999815462999891 ], [ 110.494171143000017, -6.999895571999957 ], [ 110.493927001000088, -6.999814987999855 ], [ 110.493362427000079, -6.99969386999993 ], [ 110.493247987000018, -6.999872207999942 ], [ 110.492393494000112, -6.999120235999897 ], [ 110.492218018000187, -6.998970030999942 ], [ 110.491531371000121, -6.998340128999928 ], [ 110.491172790000178, -6.998030184999948 ], [ 110.490997314000083, -6.997869966999929 ], [ 110.490760803000114, -6.997690200999898 ], [ 110.490531922000116, -6.997429846999921 ], [ 110.490379333000192, -6.997310160999973 ], [ 110.490180968, -6.997129916999825 ], [ 110.489860535000048, -6.996850013999847 ], [ 110.48882293700018, -6.995950221999976 ], [ 110.487602235000054, -6.994850157999906 ], [ 110.487487792000138, -6.994750022999881 ], [ 110.487159729000041, -6.994450091999965 ], [ 110.487083435000159, -6.994369982999899 ], [ 110.486976623000203, -6.994289873999946 ], [ 110.486900329000093, -6.994219780999913 ], [ 110.48634338300019, -6.993770121999944 ], [ 110.485893250000174, -6.993350027999952 ], [ 110.485809326000151, -6.993259905999878 ], [ 110.485626220000086, -6.993060111999966 ], [ 110.485229491000041, -6.992680071999871 ], [ 110.483871460000046, -6.991489887999876 ], [ 110.483741761000033, -6.991370199999949 ], [ 110.483558655000195, -6.991159914999969 ], [ 110.483489990000066, -6.991099834999943 ], [ 110.483108521000077, -6.990809915999932 ], [ 110.482917785000097, -6.990650175999974 ], [ 110.482620239000141, -6.99034023199988 ], [ 110.48249816800012, -6.990240096999969 ], [ 110.482170105000023, -6.989960193999877 ], [ 110.481727600000113, -6.989570140999945 ], [ 110.481552124000132, -6.989409922999926 ], [ 110.480743408000023, -6.988699911999959 ], [ 110.480506897000112, -6.988490104999926 ], [ 110.479988098000092, -6.988039970999978 ], [ 110.47988891600005, -6.987949846999925 ], [ 110.479156494, -6.987309931999903 ], [ 110.478729249000082, -6.986859798999944 ], [ 110.478248596000014, -6.986360072999901 ], [ 110.477905273000147, -6.985997675999954 ], [ 110.477760316000115, -6.985820769999975 ], [ 110.477622987000018, -6.985668657999895 ], [ 110.477485656000113, -6.985539911999979 ], [ 110.477348327000072, -6.985396384999945 ], [ 110.476387024000189, -6.984539984999969 ], [ 110.475448608000193, -6.98370933599989 ], [ 110.475364686000148, -6.983639717999893 ], [ 110.475303651000161, -6.983586787999968 ], [ 110.474395751000202, -6.982789992999926 ], [ 110.474098205000075, -6.982569694999938 ], [ 110.473884582000096, -6.98238801899987 ], [ 110.473548889000085, -6.982180118999906 ], [ 110.473129272000108, -6.981850145999886 ], [ 110.47283935500019, -6.981629847999955 ], [ 110.471893311000088, -6.980780123999978 ], [ 110.471496582000043, -6.980430124999884 ], [ 110.47077941900011, -6.97981023799997 ], [ 110.470611571000063, -6.9796700469999 ], [ 110.470458984000174, -6.979519843999981 ], [ 110.470191956000065, -6.979279995999946 ], [ 110.469787597000106, -6.978929996999966 ], [ 110.469528198000035, -6.978703020999887 ], [ 110.46919250500008, -6.97840976699996 ], [ 110.468261718000065, -6.977570055999934 ], [ 110.467597962000013, -6.976970194999979 ], [ 110.467010497, -6.976469993999956 ], [ 110.46687316800012, -6.976349830999879 ], [ 110.466308594000111, -6.975830076999955 ], [ 110.46591186600017, -6.975470064999911 ], [ 110.465606689000026, -6.975180148999925 ], [ 110.464637756000059, -6.974339961999931 ], [ 110.464256286000136, -6.973999975999959 ], [ 110.464057922000052, -6.973830222999879 ], [ 110.463211059000059, -6.973070144999951 ], [ 110.463012695000145, -6.972889898999881 ], [ 110.462852478000173, -6.972760199999868 ], [ 110.462783814000147, -6.972700117999977 ], [ 110.462669372000107, -6.972589969999945 ], [ 110.462593078000168, -6.972529886999951 ], [ 110.46250152600004, -6.972449778999874 ], [ 110.462448121000193, -6.97239971099998 ], [ 110.462532043000181, -6.972273826999981 ], [ 110.45950317300003, -6.969534873999919 ], [ 110.456298828000058, -6.96661233999987 ], [ 110.454551696000067, -6.965046405999885 ], [ 110.451797484999986, -6.962611674999948 ], [ 110.451126098000145, -6.962021826999944 ], [ 110.450241089000201, -6.961217401999875 ], [ 110.449447631999988, -6.960505008999917 ], [ 110.448524475999989, -6.959539890999906 ], [ 110.448280335000163, -6.959252834999972 ], [ 110.447937011000135, -6.958876131999887 ], [ 110.447509766000053, -6.958287239999947 ], [ 110.448486329000161, -6.957980632999977 ], [ 110.448600769, -6.957908629999963 ], [ 110.448959351000042, -6.957781790999945 ], [ 110.449562072000049, -6.957606314999964 ], [ 110.450645448000159, -6.957325934999972 ], [ 110.451942444, -6.957206725999981 ], [ 110.452247620000037, -6.957187175999934 ], [ 110.452278137000178, -6.955440998999961 ], [ 110.452293395000197, -6.954577445999917 ], [ 110.452056884000058, -6.953807354999981 ], [ 110.451454163000051, -6.952887058999977 ], [ 110.451095581, -6.952489852999975 ], [ 110.450965881000116, -6.952287673999933 ], [ 110.449897766000106, -6.951563834999888 ], [ 110.448753357000044, -6.951042652999945 ], [ 110.448684693000018, -6.950944422999896 ], [ 110.448417664000033, -6.950811386999874 ], [ 110.448120117000201, -6.950651168999968 ], [ 110.447090149000076, -6.950147627999968 ], [ 110.445968629, -6.949529171999927 ], [ 110.445396424000194, -6.949299810999889 ], [ 110.444801331000065, -6.949207781999974 ], [ 110.444000244000108, -6.949183940999887 ], [ 110.443084716000044, -6.949434279999934 ], [ 110.442497254000102, -6.949709414999916 ], [ 110.442352294000045, -6.949723720999941 ], [ 110.441703796000184, -6.949990748999937 ], [ 110.442359925, -6.948478221999949 ], [ 110.443977356000175, -6.944818018999968 ], [ 110.444686889000195, -6.94298267299996 ], [ 110.445709229000045, -6.938765049999972 ], [ 110.446136474000127, -6.936769961999914 ], [ 110.446281433000138, -6.936727523999878 ], [ 110.446769714000141, -6.936139106999974 ], [ 110.447441100000049, -6.935792922999894 ], [ 110.447929383000087, -6.936111449999885 ], [ 110.448257446000127, -6.93721198999998 ], [ 110.448585510999976, -6.937228202999904 ], [ 110.448730468000178, -6.937510490999898 ], [ 110.44896697900009, -6.937454700999922 ], [ 110.449356080000086, -6.937396047999869 ], [ 110.449607849000017, -6.937346457999922 ], [ 110.449890137000125, -6.937310218999869 ], [ 110.450042725000117, -6.937280654999824 ], [ 110.454750060000151, -6.93570995399989 ], [ 110.455017090000013, -6.935639857999945 ], [ 110.455276490000188, -6.935540198999945 ], [ 110.455421447, -6.935210227999846 ], [ 110.455520629000034, -6.935170173999893 ], [ 110.455749512000068, -6.935160160999942 ], [ 110.455879211000024, -6.935369967999918 ], [ 110.456062317000089, -6.935500143999946 ], [ 110.456382752000081, -6.935500143999946 ], [ 110.456657410000048, -6.935389993999877 ], [ 110.456718445000035, -6.935345649999931 ], [ 110.456809997000164, -6.935269832999893 ], [ 110.456970214000194, -6.935110090999899 ], [ 110.457176209000068, -6.93505001099993 ], [ 110.457313538000164, -6.934959888999913 ], [ 110.45744323700012, -6.934800146999919 ], [ 110.457511902000022, -6.934669970999892 ], [ 110.457588196000131, -6.934579848999931 ], [ 110.457809449000081, -6.934490203999928 ], [ 110.458549499000185, -6.933889865999845 ], [ 110.458679199000073, -6.933730123999965 ], [ 110.458869933000074, -6.933599947999937 ], [ 110.459152222000057, -6.93350982599992 ], [ 110.459281922000116, -6.933330057999967 ], [ 110.459358216000055, -6.933119772999873 ], [ 110.459411621000129, -6.932919978999962 ], [ 110.459510803000171, -6.932799814999953 ], [ 110.459716798000045, -6.932720183999947 ], [ 110.459838866000041, -6.932680129999937 ], [ 110.459976195000081, -6.932630061999873 ], [ 110.460182190000182, -6.932620048999922 ], [ 110.460380554000096, -6.932600020999871 ], [ 110.460517883000136, -6.932640074999881 ], [ 110.46071624700005, -6.932559966999918 ], [ 110.460868835000042, -6.93249988599996 ], [ 110.461021424000194, -6.932390212999906 ], [ 110.46115112300015, -6.932250021999948 ], [ 110.461288452000076, -6.932079791999911 ], [ 110.461448669000106, -6.931940077999968 ], [ 110.461692810000102, -6.931839942999943 ], [ 110.461952210000106, -6.931700228999944 ], [ 110.462188721000018, -6.931590080999968 ], [ 110.462387085000103, -6.931541441999968 ], [ 110.463211059000059, -6.931519984999966 ], [ 110.463562011000135, -6.932247161999896 ], [ 110.463668823000091, -6.932450770999878 ], [ 110.463760375000049, -6.932602405999887 ], [ 110.463943481000115, -6.932588577999979 ], [ 110.464111329000104, -6.932718276999879 ], [ 110.464332582000054, -6.933210371999905 ], [ 110.46445465, -6.933494567999901 ], [ 110.464660645000095, -6.933398245999911 ], [ 110.464797974000192, -6.933288097999878 ], [ 110.464881897000112, -6.93325948699993 ], [ 110.465385436000133, -6.933595657999945 ], [ 110.465499879000106, -6.933670520999897 ], [ 110.465621947000045, -6.933661937999887 ], [ 110.465713500999982, -6.933663367999941 ], [ 110.466171265000014, -6.934029577999922 ], [ 110.466300964000197, -6.934108256999878 ], [ 110.466453551000143, -6.934182642999929 ], [ 110.466567994000059, -6.934329031999937 ], [ 110.466674804000036, -6.93463659199989 ], [ 110.466751098000145, -6.934864519999905 ], [ 110.467033386000026, -6.935310840999932 ], [ 110.467216492000091, -6.935589313999969 ], [ 110.467575074000081, -6.935894012999938 ], [ 110.467712403000178, -6.936020850999967 ], [ 110.467872620000037, -6.936305521999941 ], [ 110.467903137000178, -6.93648529099994 ], [ 110.467887878000056, -6.936577796999927 ], [ 110.467796326000098, -6.936707972999955 ], [ 110.467712403000178, -6.936859130999949 ], [ 110.467681884000058, -6.937334537999902 ], [ 110.467750549000129, -6.937364576999926 ], [ 110.468070984000121, -6.937417028999903 ], [ 110.468482971000185, -6.937532424999972 ], [ 110.468749999000067, -6.937646389999884 ], [ 110.46902465900007, -6.937796114999912 ], [ 110.469230651000203, -6.937886238999909 ], [ 110.46935272200011, -6.937942980999935 ], [ 110.469429016, -6.938027857999941 ], [ 110.469459534000066, -6.938144205999947 ], [ 110.469345092000196, -6.938570497999876 ], [ 110.469314575000055, -6.93875312699987 ], [ 110.469337464000091, -6.938861846999885 ], [ 110.469833374000075, -6.939200399999947 ], [ 110.47006988600009, -6.939368724999952 ], [ 110.470230103000119, -6.939583300999914 ], [ 110.470314027000143, -6.939675807999947 ], [ 110.470474242000193, -6.939854620999881 ], [ 110.47077941900011, -6.940067290999821 ], [ 110.471099854000045, -6.940375327999902 ], [ 110.471702575000108, -6.940801619999888 ], [ 110.471817017000149, -6.940898417999904 ], [ 110.471916199000191, -6.94101714999988 ], [ 110.472236632000147, -6.941226957999959 ], [ 110.472488404000046, -6.941379069999925 ], [ 110.472572328000012, -6.941419601999883 ], [ 110.47340393200011, -6.942085265999879 ], [ 110.475090026000146, -6.942706584999883 ], [ 110.477325440000016, -6.943732737999937 ], [ 110.478439330000185, -6.944259166999927 ], [ 110.47875976500012, -6.944411276999972 ], [ 110.47988891600005, -6.944945334999943 ], [ 110.48094177300004, -6.945363043999919 ], [ 110.481559754000102, -6.945456503999935 ], [ 110.482391358000143, -6.945581911999909 ], [ 110.482612611000036, -6.945609092999973 ], [ 110.4845047, -6.946135997999932 ], [ 110.486358642000141, -6.946756361999917 ], [ 110.486557006, -6.946158885999978 ], [ 110.486648560000106, -6.94589710199989 ], [ 110.487533569000107, -6.946128367999961 ], [ 110.487510681000117, -6.946352004999881 ], [ 110.487800599000138, -6.946411607999949 ], [ 110.488502502000074, -6.946561812999903 ], [ 110.488471985000103, -6.946724890999974 ], [ 110.489158630000134, -6.946978091999881 ], [ 110.488792420000038, -6.94868993699987 ], [ 110.492202758000133, -6.947490690999928 ], [ 110.492256165000015, -6.947828291999883 ], [ 110.49226379300012, -6.947924613999874 ], [ 110.492218018000187, -6.94800472299994 ], [ 110.49199676600017, -6.948096274999955 ], [ 110.491867065000179, -6.948149679999915 ], [ 110.491783143000134, -6.948246955999878 ], [ 110.491615295000145, -6.948809145999974 ], [ 110.491584779000107, -6.948893546999955 ], [ 110.491508483000189, -6.949178694999887 ], [ 110.49144745000018, -6.949403285999836 ], [ 110.491310119000104, -6.949792383999977 ], [ 110.491294860000153, -6.949890613999912 ], [ 110.491233825000165, -6.950143337999975 ], [ 110.491142273000037, -6.950527190999935 ], [ 110.491104126000039, -6.950751781999941 ], [ 110.491142273000037, -6.951111792999882 ], [ 110.491149903000178, -6.951275825999971 ], [ 110.490829468000015, -6.951697348999915 ], [ 110.490661621000072, -6.951987266999936 ], [ 110.490570069000171, -6.952261446999955 ], [ 110.490455628000177, -6.952618598999948 ], [ 110.490165709999985, -6.953312396999877 ], [ 110.490112305000082, -6.953472613999907 ], [ 110.490249634000179, -6.953805446999979 ], [ 110.490180968, -6.954026221999868 ], [ 110.490081786000133, -6.954371928999876 ], [ 110.490020753000181, -6.954631805999895 ], [ 110.490104675, -6.95465278699993 ], [ 110.49015808200005, -6.95470380699993 ], [ 110.490165709999985, -6.954778669999882 ], [ 110.490058900000065, -6.954870699999958 ], [ 110.490043639000135, -6.954946994999943 ], [ 110.490280150000046, -6.955041884999901 ], [ 110.490402221000124, -6.955069063999929 ], [ 110.490524292000202, -6.95504045499996 ], [ 110.490768433000028, -6.954965590999961 ], [ 110.490592957000104, -6.955195426999978 ], [ 110.490974425000047, -6.955219267999837 ], [ 110.491569518000176, -6.955066680999892 ], [ 110.493110658000148, -6.954585075999944 ], [ 110.493652343000065, -6.954503534999958 ], [ 110.494232178, -6.954386233999912 ], [ 110.494895934000056, -6.954257010999982 ], [ 110.495353698000088, -6.954069136999976 ], [ 110.495780944999979, -6.953998565999882 ], [ 110.4967193600001, -6.953763961999925 ], [ 110.497924806000185, -6.953446864999933 ], [ 110.498908997000171, -6.953171252999937 ], [ 110.499206543000128, -6.953088760999947 ], [ 110.499588014000153, -6.953018664999945 ], [ 110.499961854000162, -6.952960014999974 ], [ 110.500335694000171, -6.952842711999949 ], [ 110.501007080000136, -6.952621936999947 ], [ 110.501029969000172, -6.952719688999878 ], [ 110.50118255600006, -6.953102111999897 ], [ 110.50125885000017, -6.953282832999946 ], [ 110.501434326000151, -6.953814982999972 ], [ 110.50162506200013, -6.954202175999967 ], [ 110.50173187200005, -6.954589365999936 ], [ 110.501777649000019, -6.954745290999938 ], [ 110.501884461000145, -6.955105304999904 ], [ 110.5019226080002, -6.955269335999958 ], [ 110.502037049000194, -6.95580005599993 ], [ 110.50214386100015, -6.956265924999911 ], [ 110.502288818000125, -6.956760405999887 ], [ 110.502334595000093, -6.957061289999899 ], [ 110.502548218000129, -6.957448004999947 ], [ 110.502723693000121, -6.9577922819999 ], [ 110.50276184, -6.958114623999961 ], [ 110.502807617000144, -6.958866596999883 ], [ 110.502349853000112, -6.959403514999906 ], [ 110.502136231, -6.959940431999939 ], [ 110.501640320000149, -6.960885523999877 ], [ 110.501319885000157, -6.961938380999868 ], [ 110.501167298000041, -6.962797640999895 ], [ 110.501190186000201, -6.963807582999891 ], [ 110.501358032000041, -6.964667795999901 ], [ 110.501510619000157, -6.965291022999963 ], [ 110.501724244000116, -6.965806961999931 ], [ 110.502365112000064, -6.96707534699982 ], [ 110.50247192400019, -6.967591285999958 ], [ 110.50275421200007, -6.968569278999951 ], [ 110.502792359000125, -6.968739986999879 ], [ 110.502853394000113, -6.969002723999949 ], [ 110.502983093000125, -6.969176291999929 ], [ 110.503227234000178, -6.969317911999894 ], [ 110.503356933000134, -6.969435691999877 ], [ 110.503677368000069, -6.969589233999898 ], [ 110.504478455000196, -6.969908713999928 ], [ 110.504676819999986, -6.970008373999917 ], [ 110.504829407000102, -6.970206737999831 ], [ 110.504898070000195, -6.970382688999905 ], [ 110.50492095900006, -6.970701693999899 ], [ 110.505203247000111, -6.974663256999975 ], [ 110.505348206000122, -6.975940703999981 ], [ 110.504409790000125, -6.977762699999914 ], [ 110.503738403000057, -6.979029178999895 ], [ 110.503456115000176, -6.979260919999888 ], [ 110.50330352800006, -6.979227542999979 ], [ 110.502868653000064, -6.979124068999909 ], [ 110.502731324000138, -6.979165077999937 ], [ 110.502624511000135, -6.979247568999938 ], [ 110.502609253000116, -6.979320524999935 ], [ 110.502197266, -6.979224205999969 ], [ 110.502128601000095, -6.979320524999935 ], [ 110.502059937000126, -6.979736326999955 ], [ 110.501930236000135, -6.981498717999955 ], [ 110.501747132000105, -6.982175348999874 ], [ 110.501617431000113, -6.982992649999915 ], [ 110.501594543000181, -6.98343801599998 ], [ 110.501617431000113, -6.98367500199987 ], [ 110.501647950000063, -6.983887194999966 ], [ 110.501640320000149, -6.984102248999875 ], [ 110.50156402600004, -6.984394072999976 ], [ 110.501541138000107, -6.98461580299994 ], [ 110.501434326000151, -6.98485278999982 ], [ 110.501342774000193, -6.984982012999922 ], [ 110.501533508000193, -6.985058306999861 ], [ 110.5019226080002, -6.985339164999914 ], [ 110.502418519000116, -6.985575198999925 ], [ 110.502609253000116, -6.985643863999883 ], [ 110.502876283000148, -6.985765934999961 ], [ 110.502983093000125, -6.985813139999948 ], [ 110.503013612000075, -6.985882757999946 ], [ 110.502914430000033, -6.986194132999969 ], [ 110.502792359000125, -6.986573694999834 ], [ 110.502304076000144, -6.98780727299993 ], [ 110.502212524000015, -6.988034248999952 ], [ 110.502021790000072, -6.98844289799996 ], [ 110.501792907000038, -6.988920211999925 ], [ 110.501548768000191, -6.989311217999955 ], [ 110.501548768000191, -6.989505767999958 ], [ 110.501647950000063, -6.990002155999889 ], [ 110.501701355000137, -6.990233896999882 ], [ 110.501724244000116, -6.990548610999895 ], [ 110.50173187200005, -6.990637777999893 ], [ 110.501716614000031, -6.990949152999917 ], [ 110.501670837000063, -6.99115323999996 ], [ 110.5016098010002, -6.991425514999889 ], [ 110.501602173000094, -6.991570471999978 ], [ 110.5016098010002, -6.991684911999869 ], [ 110.50163269, -6.991764545999956 ], [ 110.501640320000149, -6.99186325099987 ], [ 110.501663208000082, -6.992008209999881 ], [ 110.50163269, -6.992147921999901 ], [ 110.5016098010002, -6.992300985999975 ], [ 110.50163269, -6.992444514999931 ], [ 110.501670837000063, -6.992616175999899 ], [ 110.501655578000168, -6.992832182999962 ], [ 110.501525879000155, -6.99271631299996 ], [ 110.501205445000096, -6.992234229999951 ], [ 110.500602722000053, -6.992153166999969 ], [ 110.500244140000063, -6.992193220999923 ], [ 110.499557495000033, -6.992232322999939 ], [ 110.499076843000012, -6.99267339599993 ], [ 110.498878478000051, -6.992834090999906 ], [ 110.498390198000152, -6.993114471999945 ], [ 110.497947692000139, -6.994117735999907 ], [ 110.497947692000139, -6.994273185999873 ], [ 110.497947692000139, -6.994679927999869 ], [ 110.497711181, -6.994920730999979 ], [ 110.497238159000119, -6.995049952999921 ], [ 110.496986389000085, -6.995120525999937 ], [ 110.496780395000087, -6.995882988999938 ], [ 110.496582031, -6.99672603599987 ], [ 110.496055603000173, -6.997809408999899 ] ] ] ] } },
{ "type": "Feature", "properties": { "Kecamatan": "Gunungpati", "Kota": "Kota Semarang", "adm3": "33.74.12" }, "geometry": { "type": "MultiPolygon", "coordinates": [ [ [ [ 110.377228001000105, -7.109943999999871 ], [ 110.377203371, -7.109922623999978 ], [ 110.377175, -7.109897999999873 ], [ 110.377113, -7.109845 ], [ 110.377002000000118, -7.109596 ], [ 110.376970485000129, -7.109525554999891 ], [ 110.376900001000138, -7.109368 ], [ 110.376785000000154, -7.10931 ], [ 110.376765, -7.109213 ], [ 110.376755000000117, -7.10916599899997 ], [ 110.376769989000024, -7.109033966999903 ], [ 110.376750142000105, -7.108975547999933 ], [ 110.376717001000088, -7.108878000999937 ], [ 110.376778001000162, -7.108689998999864 ], [ 110.376694, -7.108355998999912 ], [ 110.376697000000149, -7.108314999999834 ], [ 110.376701, -7.108253 ], [ 110.37667800000014, -7.108141 ], [ 110.376747130000183, -7.108071803999962 ], [ 110.376640320000035, -7.107939719999933 ], [ 110.376472472000046, -7.107759475999956 ], [ 110.376411437000058, -7.107303141999978 ], [ 110.376625062000016, -7.107201099999941 ], [ 110.376716614000145, -7.107211112999892 ], [ 110.376914978000059, -7.107231138999964 ], [ 110.377166747, -7.106990812999868 ], [ 110.377067565000175, -7.106834887999923 ], [ 110.377075195000089, -7.1065287589999 ], [ 110.377090453999983, -7.10615682599996 ], [ 110.377220155000145, -7.10583829899997 ], [ 110.377563476000034, -7.105736255999886 ], [ 110.37789154100011, -7.105130195999948 ], [ 110.377967835000049, -7.105033873999957 ], [ 110.377967835000049, -7.104913710999938 ], [ 110.378067017000092, -7.104896066999913 ], [ 110.378067017000092, -7.104763983999931 ], [ 110.378059387000121, -7.104511736999939 ], [ 110.378227234000065, -7.104475497999942 ], [ 110.378318786000193, -7.104409693999912 ], [ 110.378349305000143, -7.104271412999935 ], [ 110.378341675000058, -7.104031085999964 ], [ 110.378288270000155, -7.103953360999981 ], [ 110.378372191000096, -7.103766916999916 ], [ 110.378372191000096, -7.10367727299996 ], [ 110.378463745000033, -7.103532790999907 ], [ 110.378517085000169, -7.103308 ], [ 110.378554215000065, -7.103249467999944 ], [ 110.378723144999981, -7.102983951999875 ], [ 110.378738403, -7.102719782999884 ], [ 110.378761292000036, -7.102383613999962 ], [ 110.378767187999983, -7.102309358999946 ], [ 110.378776550000055, -7.102191447999871 ], [ 110.378751008000108, -7.102000672999964 ], [ 110.378746034000017, -7.101963519999913 ], [ 110.378738403, -7.10174703499996 ], [ 110.378738403, -7.101603029999922 ], [ 110.378868102000183, -7.101303100999928 ], [ 110.379119874000025, -7.101315021999937 ], [ 110.379364013000099, -7.101519106999945 ], [ 110.379442074000053, -7.101515768999946 ], [ 110.37950897200011, -7.10151290899995 ], [ 110.379535507000071, -7.10145021999989 ], [ 110.379585266, -7.101332664999973 ], [ 110.379440309000188, -7.101182937999909 ], [ 110.379417420000152, -7.101014612999847 ], [ 110.379287220000037, -7.10092536399992 ], [ 110.379181000000131, -7.100852 ], [ 110.379165649000186, -7.100726603999931 ], [ 110.379028320000089, -7.100684641999976 ], [ 110.378761292000036, -7.100684641999976 ], [ 110.378646851000099, -7.100582599999882 ], [ 110.37853979800019, -7.100580563999927 ], [ 110.378471362000028, -7.100579007999954 ], [ 110.378466851000098, -7.100486529999955 ], [ 110.378463745000033, -7.100422859999981 ], [ 110.378310572000032, -7.100256184999978 ], [ 110.378166001000068, -7.100099000999933 ], [ 110.37793, -7.099997 ], [ 110.377881716000104, -7.099941217999913 ], [ 110.377769470000032, -7.099810598999966 ], [ 110.377655192000191, -7.099519862999955 ], [ 110.37764, -7.099481 ], [ 110.377617, -7.099397 ], [ 110.377668467000149, -7.099301953999884 ], [ 110.377754212000013, -7.099144457999898 ], [ 110.37777709900007, -7.098928451999882 ], [ 110.37777709900007, -7.098772047999944 ], [ 110.377754212000013, -7.098621845999844 ], [ 110.37779757800007, -7.098565604999976 ], [ 110.377906799000129, -7.098423956999966 ], [ 110.377806081000131, -7.09834791399993 ], [ 110.37771600800005, -7.098280005999868 ], [ 110.377403000000129, -7.09867 ], [ 110.377279947000147, -7.098702300999946 ], [ 110.377075937000143, -7.09875131799987 ], [ 110.376846203000127, -7.098664076999967 ], [ 110.376480103000063, -7.097979545999976 ], [ 110.376320806000081, -7.097844143999964 ], [ 110.37628936800013, -7.097817420999888 ], [ 110.376103042000182, -7.097994191999931 ], [ 110.375991919000171, -7.098099616999889 ], [ 110.375968185000147, -7.097988170999884 ], [ 110.375946092000163, -7.097883924999962 ], [ 110.376058377000163, -7.097792256999924 ], [ 110.376251222, -7.097635268999909 ], [ 110.376412776000052, -7.097030245999974 ], [ 110.376441956000178, -7.096920965999971 ], [ 110.376441105000197, -7.096900854999888 ], [ 110.376434326000094, -7.096740722999868 ], [ 110.376419067000143, -7.096656798999959 ], [ 110.376384885000164, -7.096545705999915 ], [ 110.376358000000153, -7.096458 ], [ 110.376346932000104, -7.096421585999963 ], [ 110.37628936800013, -7.09623050599987 ], [ 110.376216975000091, -7.096066290999943 ], [ 110.37616, -7.095936 ], [ 110.376152814000022, -7.095733904999975 ], [ 110.376144409000176, -7.095485685999961 ], [ 110.376029969000115, -7.095329760999959 ], [ 110.376274108000132, -7.095161913999902 ], [ 110.376693725000109, -7.094933509999919 ], [ 110.376680954000051, -7.09490810799997 ], [ 110.376564026000153, -7.094675540999901 ], [ 110.376548239000158, -7.094634662999965 ], [ 110.376510619000101, -7.094537256999899 ], [ 110.376419067000143, -7.09442329399991 ], [ 110.376279565000118, -7.094489831999908 ], [ 110.376129151000157, -7.094561575999876 ], [ 110.375896010000133, -7.094840859999977 ], [ 110.375808716000165, -7.094945430999928 ], [ 110.375602722, -7.09530591999993 ], [ 110.375365887000044, -7.095674168999949 ], [ 110.37529, -7.095792 ], [ 110.374969000000135, -7.096428 ], [ 110.374583202000053, -7.096412950999934 ], [ 110.374122620000094, -7.096394538999959 ], [ 110.373580932000039, -7.096682547999876 ], [ 110.373146041000041, -7.097612910999942 ], [ 110.373039246000189, -7.097979067999972 ], [ 110.373122828000191, -7.098041237999951 ], [ 110.373733521000133, -7.098495481999976 ], [ 110.373691059, -7.098703011999874 ], [ 110.373657226000148, -7.098868369999877 ], [ 110.373702997000123, -7.099330903999885 ], [ 110.373344208, -7.099438936999945 ], [ 110.373237456000084, -7.099574601999961 ], [ 110.373046874000124, -7.099816798999939 ], [ 110.372711188000039, -7.100531580999927 ], [ 110.373098334000076, -7.100700620999874 ], [ 110.373259979000068, -7.10077119999994 ], [ 110.373161000000152, -7.101698999999883 ], [ 110.372856000000127, -7.102706999999896 ], [ 110.373382568000181, -7.10298347499986 ], [ 110.373336793000192, -7.104136466999933 ], [ 110.373641967000026, -7.104360103999966 ], [ 110.373702954, -7.104816066999945 ], [ 110.37337999500005, -7.105285522999907 ], [ 110.373023986000135, -7.105802534999953 ], [ 110.372558283000103, -7.106287495999936 ], [ 110.372522773000185, -7.106322457999966 ], [ 110.37200164800015, -7.10666704199997 ], [ 110.371717547000173, -7.107126996999966 ], [ 110.371605000000159, -7.107309 ], [ 110.3712158310002, -7.107455953999875 ], [ 110.371078492000152, -7.107507704999932 ], [ 110.370384217000151, -7.106631278999942 ], [ 110.369888306000064, -7.106793403999973 ], [ 110.369778906000079, -7.106959457999949 ], [ 110.369674683000085, -7.107117653999978 ], [ 110.369602729000121, -7.107259848999945 ], [ 110.369514466000055, -7.107434272999967 ], [ 110.369644165000011, -7.107776641999976 ], [ 110.369874847000119, -7.107951255999922 ], [ 110.370056152000075, -7.108088493999901 ], [ 110.370254516000159, -7.108358859999896 ], [ 110.37001800500002, -7.108660697999937 ], [ 110.369781494000108, -7.108324049999965 ], [ 110.369633140000076, -7.108114162999925 ], [ 110.369614000000126, -7.108087 ], [ 110.369461, -7.107902999999851 ], [ 110.369286000000159, -7.107687999999825 ], [ 110.369225, -7.10763 ], [ 110.369148762000179, -7.107520216999887 ], [ 110.369119418000025, -7.107482406999964 ], [ 110.368965148000086, -7.107382773999973 ], [ 110.368871356000113, -7.107342641999935 ], [ 110.368668000000184, -7.107255 ], [ 110.368704336000178, -7.107022555999833 ], [ 110.368736267000031, -7.106820106999976 ], [ 110.36857605, -7.106537818999868 ], [ 110.368019104000098, -7.106261730999961 ], [ 110.367164719000016, -7.106934939999974 ], [ 110.366919350999979, -7.1068827389999 ], [ 110.366050721000079, -7.10669755899994 ], [ 110.365898132000154, -7.106690883999931 ], [ 110.365840728000194, -7.106681836999883 ], [ 110.365723, -7.106663 ], [ 110.365143, -7.106493999999884 ], [ 110.364871130000097, -7.106378689999929 ], [ 110.364852905000077, -7.106370925999897 ], [ 110.364631652000128, -7.10579109199989 ], [ 110.363594056000125, -7.104716300999883 ], [ 110.363469241000189, -7.104650608999975 ], [ 110.363449051000089, -7.104640026999959 ], [ 110.363311768000187, -7.10469818099989 ], [ 110.363006591000101, -7.104554175999965 ], [ 110.362426757000037, -7.104434012999945 ], [ 110.361778259000062, -7.104445933999955 ], [ 110.361564636000026, -7.104452133999871 ], [ 110.360763549000126, -7.104661940999904 ], [ 110.360046387000125, -7.104712008999968 ], [ 110.3597030640002, -7.10501193999994 ], [ 110.359313966000173, -7.105102061999901 ], [ 110.359031677000189, -7.105366228999912 ], [ 110.358444215000077, -7.105372428999885 ], [ 110.358177185000159, -7.106008528999951 ], [ 110.35744476300016, -7.106188772999928 ], [ 110.357032776000096, -7.105936525999937 ], [ 110.356689453000172, -7.106062888999929 ], [ 110.356338501000096, -7.106297014999939 ], [ 110.356124879, -7.106565474999911 ], [ 110.356018066000161, -7.106432913999981 ], [ 110.35587310700015, -7.106287479999935 ], [ 110.355705262000185, -7.106163978999916 ], [ 110.355621338000162, -7.106119154999931 ], [ 110.355499267000084, -7.106046675999892 ], [ 110.355407715000183, -7.105937480999955 ], [ 110.355255128000067, -7.105844973999922 ], [ 110.355102539000143, -7.105805396999926 ], [ 110.355033875000174, -7.105715750999877 ], [ 110.354957581000065, -7.105659960999958 ], [ 110.354850769000109, -7.105648516999906 ], [ 110.354705810000098, -7.105670928999928 ], [ 110.354599000000121, -7.105692861999955 ], [ 110.354469299000129, -7.105625628999974 ], [ 110.354438782000045, -7.105525016999934 ], [ 110.354370117000144, -7.105290412999977 ], [ 110.354331970000089, -7.105122564999931 ], [ 110.354202271000077, -7.105010509999886 ], [ 110.35403442300003, -7.104764460999945 ], [ 110.353790284000183, -7.104451178999966 ], [ 110.35362243700007, -7.104115485999898 ], [ 110.353515624000011, -7.103779791999955 ], [ 110.353393556000071, -7.103466509999919 ], [ 110.353332520000151, -7.103075503999946 ], [ 110.353416442000196, -7.102885722999929 ], [ 110.353378295000141, -7.102695463999908 ], [ 110.353309632000048, -7.102427005999914 ], [ 110.353271485000164, -7.102270603999955 ], [ 110.353195191000054, -7.102158545999885 ], [ 110.35304260200013, -7.102113723999935 ], [ 110.352767944000163, -7.102169036999953 ], [ 110.352493286000197, -7.102050780999946 ], [ 110.352226256000108, -7.101911066999946 ], [ 110.35197448700012, -7.101821422999876 ], [ 110.351768494000055, -7.101597784999967 ], [ 110.351776123000093, -7.101481436999904 ], [ 110.351783753000177, -7.101374149999913 ], [ 110.351631165000185, -7.101071834999971 ], [ 110.351440429000036, -7.100714205999964 ], [ 110.35128784200009, -7.100411891999954 ], [ 110.351242065000122, -7.100165842999957 ], [ 110.35128784200009, -7.099864005999962 ], [ 110.351188660000048, -7.099606991999906 ], [ 110.351043701000037, -7.099461554999948 ], [ 110.350936890000185, -7.099282263999953 ], [ 110.350837708000142, -7.099103450999962 ], [ 110.350791931000174, -7.098969458999932 ], [ 110.350830078000058, -7.098768234999966 ], [ 110.3509292600001, -7.098645208999926 ], [ 110.350944519, -7.09844398499996 ], [ 110.350860595000199, -7.098197935999963 ], [ 110.350883483000132, -7.098008154999945 ], [ 110.351028442000143, -7.097851751999883 ], [ 110.351112366000109, -7.097650527999917 ], [ 110.351020812, -7.097560882999971 ], [ 110.350906372000168, -7.097549914999945 ], [ 110.350814820000039, -7.097480773999905 ], [ 110.350753784000119, -7.097437857999921 ], [ 110.350631714000144, -7.097280977999901 ], [ 110.350585937000176, -7.097102164999967 ], [ 110.350685119000048, -7.09691238299996 ], [ 110.350715638000167, -7.096804617999965 ], [ 110.350639344000058, -7.096406458999923 ], [ 110.350540162000016, -7.096180915999923 ], [ 110.350395203000062, -7.096040248999941 ], [ 110.350227355000186, -7.095946787999935 ], [ 110.349960327000133, -7.095763206999948 ], [ 110.349861145000091, -7.095624922999946 ], [ 110.349777221000068, -7.095406054999955 ], [ 110.349769593000133, -7.095236301999932 ], [ 110.349761963000049, -7.094942092999929 ], [ 110.349693298000147, -7.094765184999972 ], [ 110.34955596900005, -7.094562529999962 ], [ 110.349372865000191, -7.094360827999878 ], [ 110.349212647000058, -7.094201563999945 ], [ 110.348754883000197, -7.093731878999961 ], [ 110.348434448000091, -7.09315776699998 ], [ 110.348320008000201, -7.092933653999921 ], [ 110.348297119000165, -7.092769621999935 ], [ 110.348243714000091, -7.092385290999971 ], [ 110.348152160000154, -7.09213018399987 ], [ 110.347923279000156, -7.091614721999974 ], [ 110.347808839000095, -7.091357229999971 ], [ 110.347747804000107, -7.091169356999956 ], [ 110.34767150800019, -7.090960501999916 ], [ 110.347564698000042, -7.090681552999911 ], [ 110.347465515000124, -7.090441702999897 ], [ 110.347442627000191, -7.09027290399996 ], [ 110.347496032000038, -7.090009211999927 ], [ 110.347709657000053, -7.089016437999931 ], [ 110.347801209000181, -7.088896749999947 ], [ 110.34784698600015, -7.088712690999898 ], [ 110.347854614000084, -7.088516234999929 ], [ 110.347793579000097, -7.088341713999966 ], [ 110.347694396000122, -7.088221550999947 ], [ 110.347496032000038, -7.088057517999971 ], [ 110.347389222000118, -7.087937354999895 ], [ 110.347320556000113, -7.087773799999866 ], [ 110.347183227000187, -7.08748960399987 ], [ 110.347114564000094, -7.087347506999947 ], [ 110.347007752000138, -7.087205885999936 ], [ 110.346885681000117, -7.08697652799998 ], [ 110.346786499000075, -7.086866854999869 ], [ 110.346755982000104, -7.086605071999884 ], [ 110.346862792000081, -7.086135862999981 ], [ 110.346878053000182, -7.085950373999879 ], [ 110.34677887100014, -7.085885048999899 ], [ 110.346549988000106, -7.085917472999938 ], [ 110.346443175000047, -7.085862635999831 ], [ 110.346321107000108, -7.085666178999929 ], [ 110.34624481100019, -7.085491179999906 ], [ 110.346176148000097, -7.085305690999917 ], [ 110.346115112, -7.085513113999866 ], [ 110.346054077000019, -7.085687636999978 ], [ 110.346069335000038, -7.085781573999952 ], [ 110.346076965000123, -7.085894583999959 ], [ 110.346191406000116, -7.086091517999932 ], [ 110.34627533000014, -7.086233137999955 ], [ 110.346282960000053, -7.086386202999961 ], [ 110.346153259000062, -7.086637018999966 ], [ 110.346176148000097, -7.086789608999879 ], [ 110.346107482000093, -7.086898803999929 ], [ 110.346153259000062, -7.086986064999962 ], [ 110.346221925000066, -7.087007998999979 ], [ 110.346328735000043, -7.086997508999957 ], [ 110.346374512000182, -7.087084769999876 ], [ 110.346305846000178, -7.087335586999927 ], [ 110.346122742000091, -7.087706565999895 ], [ 110.345870971000181, -7.087978838999959 ], [ 110.345672607000097, -7.088076590999947 ], [ 110.345397949000073, -7.088174818999903 ], [ 110.345039367000084, -7.087923048999869 ], [ 110.344833375000121, -7.087824821999902 ], [ 110.344528197999978, -7.087802408999835 ], [ 110.344337464000034, -7.087791442999901 ], [ 110.34413910000012, -7.087878226999976 ], [ 110.344047546000184, -7.087987421999969 ], [ 110.344055176000097, -7.088172912999937 ], [ 110.343925477000141, -7.08822727099988 ], [ 110.343849181000053, -7.088172435999979 ], [ 110.343696594000107, -7.08800840299989 ], [ 110.343597412000065, -7.088041304999877 ], [ 110.343582153000114, -7.088171958999965 ], [ 110.343658447000053, -7.088401316999978 ], [ 110.34355926500001, -7.088586807999889 ], [ 110.343574523000029, -7.088816165999958 ], [ 110.343627930000082, -7.088946819999933 ], [ 110.343673705000072, -7.089066982999839 ], [ 110.34363555900012, -7.089187145999915 ], [ 110.343711852000126, -7.089459895999937 ], [ 110.343841553000118, -7.089667320999922 ], [ 110.343910217000087, -7.089820385999928 ], [ 110.343841553000118, -7.090038775999972 ], [ 110.343688966000173, -7.090060233999964 ], [ 110.343605041999979, -7.089972972999931 ], [ 110.343482971000128, -7.089863299999934 ], [ 110.343322754000098, -7.089743136999914 ], [ 110.343147278000117, -7.089721202999954 ], [ 110.342956544000174, -7.089851856999928 ], [ 110.342872620000151, -7.090146540999967 ], [ 110.342781066000043, -7.090353487999948 ], [ 110.342704773000037, -7.090579985999966 ], [ 110.342994691, -7.091030596999929 ], [ 110.343177795000088, -7.091338156999882 ], [ 110.343284607000044, -7.091552256999933 ], [ 110.343650817000139, -7.091938017999951 ], [ 110.343856811000137, -7.092032908999897 ], [ 110.343658447000053, -7.092170237999937 ], [ 110.343322754000098, -7.092153549999978 ], [ 110.343154906000052, -7.092020033999916 ], [ 110.343139648000033, -7.091786860999889 ], [ 110.343109131000062, -7.091536998999914 ], [ 110.343025207000039, -7.091370105999886 ], [ 110.342796326000041, -7.09130334799994 ], [ 110.342689514000085, -7.091120241999818 ], [ 110.342590332000043, -7.090870379999899 ], [ 110.342308044000163, -7.090536593999843 ], [ 110.342124938000097, -7.090253352999923 ], [ 110.341926576000048, -7.089820385999928 ], [ 110.341758728000173, -7.089470386999892 ], [ 110.341781617000038, -7.089203833999875 ], [ 110.341934204000097, -7.08890294999992 ], [ 110.34201812800012, -7.088807582999948 ], [ 110.342323302000182, -7.088437080999938 ], [ 110.342544555000075, -7.08807754399993 ], [ 110.342529297000056, -7.087882517999958 ], [ 110.342468261000192, -7.087639808999882 ], [ 110.342262269000173, -7.087339401999884 ], [ 110.342216492000034, -7.08708953799993 ], [ 110.342315674000076, -7.086700438999969 ], [ 110.342628479000098, -7.086215018999951 ], [ 110.342819213000098, -7.085875033999969 ], [ 110.342956544000174, -7.085427759999902 ], [ 110.343002319000107, -7.085209369999973 ], [ 110.343048096000075, -7.084992884999963 ], [ 110.343147278000117, -7.084820746999867 ], [ 110.343330384000183, -7.084702490999916 ], [ 110.343643189000034, -7.084437370999922 ], [ 110.343811034000169, -7.084064960999967 ], [ 110.343780518000131, -7.083918093999955 ], [ 110.343605041999979, -7.08375930699998 ], [ 110.343612670000084, -7.083589075999896 ], [ 110.34394073500016, -7.083378790999916 ], [ 110.344436646000077, -7.083113193999964 ], [ 110.344955445000096, -7.082697866999979 ], [ 110.345436096000128, -7.082265376999885 ], [ 110.345611571000177, -7.082069872999966 ], [ 110.34584045400004, -7.081733226999916 ], [ 110.346008300000051, -7.081301211999971 ], [ 110.346206664000135, -7.080869673999871 ], [ 110.346282960000053, -7.080349444999911 ], [ 110.346176148000097, -7.080010413999958 ], [ 110.346084596000139, -7.079902170999958 ], [ 110.345954894999977, -7.079821586999969 ], [ 110.345680237000181, -7.079797267999879 ], [ 110.345504761000029, -7.079889297999955 ], [ 110.345321655000191, -7.07992029199994 ], [ 110.34520721500013, -7.079963205999945 ], [ 110.344879150000054, -7.079922676999956 ], [ 110.34465789900014, -7.07975006099997 ], [ 110.344512940000129, -7.079433440999878 ], [ 110.34445953400018, -7.078983782999899 ], [ 110.344573975000117, -7.078517913999974 ], [ 110.344947815000182, -7.078035353999951 ], [ 110.345260620000033, -7.077519416999962 ], [ 110.345481873000097, -7.077090738999971 ], [ 110.345512389000135, -7.07678222699991 ], [ 110.345352174000141, -7.076638220999882 ], [ 110.345169068000075, -7.076631069999905 ], [ 110.345085144000052, -7.076640127999951 ], [ 110.344932557000163, -7.07667732199991 ], [ 110.344696046000195, -7.076551436999978 ], [ 110.344429016000106, -7.076482295999938 ], [ 110.344238282000163, -7.076344966999955 ], [ 110.34422302300004, -7.076185226999883 ], [ 110.344421388000058, -7.076037406999944 ], [ 110.344451904000096, -7.075889109999935 ], [ 110.344306945000085, -7.075580595999952 ], [ 110.344009399000129, -7.075055598999938 ], [ 110.343711852000126, -7.074530123999978 ], [ 110.343360901000153, -7.07366228099994 ], [ 110.343132020000098, -7.072954654999933 ], [ 110.342857362000132, -7.072406291999869 ], [ 110.342529297000056, -7.072030544999961 ], [ 110.342483520000087, -7.07196807899993 ], [ 110.342430115000013, -7.071914195999909 ], [ 110.342185973000085, -7.071758746999933 ], [ 110.341911315000118, -7.071549414999936 ], [ 110.341842652000196, -7.071486471999947 ], [ 110.341751098000088, -7.071365832999845 ], [ 110.34165954600013, -7.071375368999895 ], [ 110.341682434000063, -7.070818422999935 ], [ 110.341629028999989, -7.070579051999914 ], [ 110.341400146000183, -7.070395945999962 ], [ 110.341217040000117, -7.070270061999963 ], [ 110.340957641000045, -7.070075987999871 ], [ 110.340667724000127, -7.069950103999929 ], [ 110.340438844, -7.069766997999977 ], [ 110.340339661000087, -7.069630144999962 ], [ 110.340393067000036, -7.069481849999931 ], [ 110.34075164800015, -7.069447993999972 ], [ 110.340904236000142, -7.069537639999908 ], [ 110.341140747000111, -7.069642542999873 ], [ 110.341445923000151, -7.069768428999907 ], [ 110.341606141000057, -7.069780348999927 ], [ 110.341766358000086, -7.069744586999889 ], [ 110.34188079900008, -7.069653032999952 ], [ 110.341918946000078, -7.069419859999925 ], [ 110.341934204000097, -7.069236278999938 ], [ 110.342010498000036, -7.069040296999958 ], [ 110.342094421000127, -7.06884813299996 ], [ 110.342308044000163, -7.068556308999973 ], [ 110.342361451000045, -7.068416594999974 ], [ 110.342315674000076, -7.068261622999955 ], [ 110.342224120000139, -7.068148134999888 ], [ 110.342056274000072, -7.067868709999971 ], [ 110.341804505000141, -7.067597388999957 ], [ 110.341567994, -7.06740522299998 ], [ 110.341346741000109, -7.067058086999907 ], [ 110.341270448000103, -7.066944598999953 ], [ 110.341117858000075, -7.066608427999938 ], [ 110.340957641000045, -7.066324234999968 ], [ 110.340919494, -7.065864085999976 ], [ 110.34096527100013, -7.06570243799996 ], [ 110.340980528999978, -7.065484522999952 ], [ 110.341102600000056, -7.065353393999942 ], [ 110.341262817000086, -7.06517505599993 ], [ 110.341384888000164, -7.064921855999842 ], [ 110.341255187000172, -7.064657688999944 ], [ 110.34111023000014, -7.064447878999943 ], [ 110.340866089000144, -7.064120291999927 ], [ 110.340713501000096, -7.063915251999958 ], [ 110.340629578000176, -7.06366205199987 ], [ 110.340385436000076, -7.063325403999897 ], [ 110.340209961000198, -7.063054560999944 ], [ 110.340156555000021, -7.062936782999884 ], [ 110.340049743000066, -7.06283187899993 ], [ 110.33992004400011, -7.062740326999972 ], [ 110.339813232000154, -7.062744616999908 ], [ 110.339607240000134, -7.062813757999947 ], [ 110.339431762, -7.062896728999874 ], [ 110.339302063000048, -7.062952993999829 ], [ 110.339141846000189, -7.062983512999949 ], [ 110.338981628000056, -7.062974452999981 ], [ 110.338867188, -7.062887190999959 ], [ 110.338859557000035, -7.06272125299995 ], [ 110.338966370000037, -7.062427043999833 ], [ 110.339057922000165, -7.062273979999929 ], [ 110.339126587000067, -7.062069414999883 ], [ 110.339111329000048, -7.061811922999937 ], [ 110.339065552000079, -7.061597822999943 ], [ 110.339080810000098, -7.061342715999899 ], [ 110.339134215000172, -7.061089514999935 ], [ 110.339233397000044, -7.060805795999954 ], [ 110.339385987000071, -7.060288906999915 ], [ 110.339454650000107, -7.060105800999963 ], [ 110.339485169000056, -7.059909818999927 ], [ 110.339477539000143, -7.059713362999901 ], [ 110.339385987000071, -7.059464453999908 ], [ 110.339294433000134, -7.059195995999914 ], [ 110.339263916000164, -7.059038637999947 ], [ 110.339309693000132, -7.058837890999939 ], [ 110.339469911000037, -7.058663845999945 ], [ 110.339553831999979, -7.058485029999872 ], [ 110.339591979000033, -7.058146953999881 ], [ 110.339591979000033, -7.057950496999979 ], [ 110.339668275000122, -7.057592867999972 ], [ 110.339736938000044, -7.057304858999942 ], [ 110.340003968000133, -7.057019233999938 ], [ 110.340141297, -7.056836127999873 ], [ 110.340225219000047, -7.056552886999896 ], [ 110.340362548000087, -7.056291101999932 ], [ 110.340507507000098, -7.056199549999974 ], [ 110.34075164800015, -7.056200027999921 ], [ 110.340988159000119, -7.056237219999957 ], [ 110.341239929000153, -7.05629444199991 ], [ 110.34151458700012, -7.056303499999956 ], [ 110.34181976300016, -7.056291101999932 ], [ 110.341972350999981, -7.056269168999961 ], [ 110.342086791000042, -7.056186674999879 ], [ 110.34217834500015, -7.056038379999961 ], [ 110.34220886200012, -7.055829047999964 ], [ 110.342155457000047, -7.055582045999927 ], [ 110.342086791000042, -7.05548620199994 ], [ 110.341857910000044, -7.05526351899988 ], [ 110.341629028999989, -7.055105685999877 ], [ 110.341407776000096, -7.05501413199994 ], [ 110.341094970000142, -7.054873942999961 ], [ 110.340705871000182, -7.054473876999907 ], [ 110.340576172, -7.054325579999897 ], [ 110.340347290000068, -7.053893089999917 ], [ 110.340126037000175, -7.053513049999935 ], [ 110.340034485000047, -7.053288458999873 ], [ 110.340026855000133, -7.0531964299999 ], [ 110.340026855000133, -7.053061485999933 ], [ 110.34011840900007, -7.052930354999944 ], [ 110.340278626000099, -7.052926539999874 ], [ 110.340438844, -7.052957057999834 ], [ 110.340766907000102, -7.053031921999889 ], [ 110.340904236000142, -7.053110597999932 ], [ 110.341049194999982, -7.053211212999884 ], [ 110.341407776000096, -7.053246496999975 ], [ 110.34151458700012, -7.053233623999972 ], [ 110.341583252000021, -7.053133486999968 ], [ 110.341590880000126, -7.052980421999962 ], [ 110.34151458700012, -7.052771091999887 ], [ 110.34143829300001, -7.05263233099987 ], [ 110.341178894000166, -7.052490233999947 ], [ 110.341011048000098, -7.052407264999886 ], [ 110.340888977000077, -7.052386283999965 ], [ 110.340652466000108, -7.052320480999981 ], [ 110.340316773000154, -7.052103995999971 ], [ 110.340156555000021, -7.051985739999907 ], [ 110.339942933000145, -7.051802158999919 ], [ 110.339859009000122, -7.051666735999902 ], [ 110.339843751000103, -7.0515055649999 ], [ 110.339851378999981, -7.051278589999868 ], [ 110.339935303, -7.050997256999949 ], [ 110.340042115000131, -7.050901411999916 ], [ 110.340179444000057, -7.050897121999924 ], [ 110.340255738000167, -7.050909041999944 ], [ 110.340332031000173, -7.050909519999948 ], [ 110.340484619000165, -7.050943373999928 ], [ 110.340560912000171, -7.050958156999911 ], [ 110.340904236000142, -7.050915717999942 ], [ 110.34096527100013, -7.050856589999967 ], [ 110.341026306000117, -7.050759792999941 ], [ 110.341064453, -7.050588606999952 ], [ 110.341041565000069, -7.05029630599995 ], [ 110.3409957880001, -7.049966335999898 ], [ 110.340942382000151, -7.049796104999928 ], [ 110.340873719000058, -7.04957342199998 ], [ 110.340698243000077, -7.049364089999926 ], [ 110.340202332, -7.048911570999962 ], [ 110.340080262000015, -7.04883289299994 ], [ 110.339965819000042, -7.048767089999899 ], [ 110.33972930800013, -7.048583507999979 ], [ 110.339530944000046, -7.048395633999974 ], [ 110.339477539000143, -7.048286436999831 ], [ 110.33956909300008, -7.048160075999931 ], [ 110.339881897000055, -7.048014163999937 ], [ 110.339981080000143, -7.047940252999979 ], [ 110.340072632000101, -7.04789257099992 ], [ 110.340339661000087, -7.047805308999898 ], [ 110.340522765000117, -7.047740458999954 ], [ 110.340705871000182, -7.047727585999951 ], [ 110.340896607000161, -7.047745226999893 ], [ 110.341194152000185, -7.047767639999961 ], [ 110.341400146000183, -7.047724245999916 ], [ 110.341636657000095, -7.047613142999978 ], [ 110.341758728000173, -7.047617912999954 ], [ 110.342086791000042, -7.047570227999813 ], [ 110.342323302000182, -7.047461508999959 ], [ 110.342857362000132, -7.047123909999925 ], [ 110.343147278000117, -7.046941278999896 ], [ 110.343406678000122, -7.04673194899982 ], [ 110.343833923000034, -7.046171664999974 ], [ 110.343948363000038, -7.046001909999973 ], [ 110.34413910000012, -7.045574187999932 ], [ 110.344398499000192, -7.044952867999939 ], [ 110.344535828000062, -7.044678210999962 ], [ 110.344718934000127, -7.044290064999927 ], [ 110.344841003, -7.043803691999926 ], [ 110.344871521000073, -7.043637751999938 ], [ 110.344841003, -7.043367385999943 ], [ 110.344833375000121, -7.043175219999966 ], [ 110.344772339000201, -7.042961119999916 ], [ 110.344749451000098, -7.042621135999923 ], [ 110.344718934000127, -7.042294500999901 ], [ 110.344619752000085, -7.041765688999931 ], [ 110.344482421, -7.04104852599994 ], [ 110.344543456, -7.040453434999904 ], [ 110.344635010000104, -7.039991855999915 ], [ 110.344764709000117, -7.03982210099997 ], [ 110.345046997, -7.039834498999937 ], [ 110.345352174000141, -7.039944170999945 ], [ 110.345504761000029, -7.04029702999992 ], [ 110.345504761000029, -7.040661334999868 ], [ 110.345687867000095, -7.040987491999942 ], [ 110.345741272000168, -7.041060447999939 ], [ 110.345817566000107, -7.041121005999969 ], [ 110.345977783000137, -7.041220187999954 ], [ 110.346199036000201, -7.041231631999892 ], [ 110.346397400000114, -7.041221140999937 ], [ 110.346473694, -7.041165827999976 ], [ 110.346504211000138, -7.040978431999918 ], [ 110.346519471000192, -7.040764331999981 ], [ 110.346595765000075, -7.040599821999933 ], [ 110.346694947000117, -7.040451049999888 ], [ 110.346717835000049, -7.040335654999922 ], [ 110.34677887100014, -7.040143489999934 ], [ 110.346809387000178, -7.039967059999981 ], [ 110.346885681000117, -7.039747236999915 ], [ 110.346900939000136, -7.039659499999971 ], [ 110.346916200000067, -7.039499759999956 ], [ 110.34690856900005, -7.03936767599987 ], [ 110.346839904000149, -7.039252280999904 ], [ 110.346710205000136, -7.039108751999947 ], [ 110.346611023000094, -7.039028642999881 ], [ 110.346504211000138, -7.038976667999918 ], [ 110.346107482000093, -7.038709162999908 ], [ 110.345985413000051, -7.038582801999951 ], [ 110.345909118, -7.038444995999896 ], [ 110.345809936000194, -7.038301943999954 ], [ 110.345787049000137, -7.038180827999895 ], [ 110.345787049000137, -7.038021087999937 ], [ 110.345794677000072, -7.037845134999941 ], [ 110.34591674800015, -7.037581442999965 ], [ 110.346191406000116, -7.03734779399997 ], [ 110.346199036000201, -7.037177561999954 ], [ 110.346229553000171, -7.036984919999895 ], [ 110.34627533000014, -7.036819934999926 ], [ 110.346328735000043, -7.036566734999951 ], [ 110.346343993000062, -7.03629731999996 ], [ 110.346443175000047, -7.035940170999879 ], [ 110.346511841000051, -7.035786150999911 ], [ 110.34660339300018, -7.035703659999911 ], [ 110.346687317000033, -7.035654067999928 ], [ 110.346870423000098, -7.035648821999928 ], [ 110.346961975, -7.035693644999981 ], [ 110.347221374000071, -7.035789965999868 ], [ 110.347305298000094, -7.035886287999972 ], [ 110.347373961000187, -7.035952090999956 ], [ 110.34759521400008, -7.036125659999925 ], [ 110.347755432000042, -7.036225318999925 ], [ 110.348014831000057, -7.036324500999967 ], [ 110.348159790000068, -7.03639602699991 ], [ 110.348327636000135, -7.036473273999945 ], [ 110.348564147000047, -7.036528585999974 ], [ 110.348716736000142, -7.036556719999908 ], [ 110.348892212000123, -7.036644935999902 ], [ 110.348915101000159, -7.036721704999877 ], [ 110.348899840000058, -7.036809921999975 ], [ 110.348693848000039, -7.036958215999903 ], [ 110.348602294000102, -7.037040232999971 ], [ 110.348541261000094, -7.037089824999953 ], [ 110.348342896000133, -7.037276743999882 ], [ 110.348220826000158, -7.037419317999934 ], [ 110.348167419000106, -7.037535190999961 ], [ 110.348144532000049, -7.037650585999927 ], [ 110.348144532000049, -7.037744044999897 ], [ 110.348251342000196, -7.037881851999941 ], [ 110.348403930000018, -7.037959097999931 ], [ 110.348655700999984, -7.03796243599993 ], [ 110.348777772000062, -7.038009165999938 ], [ 110.348945617000197, -7.037976263999951 ], [ 110.349151612000071, -7.037811278999868 ], [ 110.349418640000124, -7.037514686999941 ], [ 110.349929809000059, -7.036780832999966 ], [ 110.35007476800007, -7.036571977999927 ], [ 110.350212097000167, -7.036242484999946 ], [ 110.350372314000197, -7.035917759999961 ], [ 110.350547790000121, -7.035332202999939 ], [ 110.35062408400006, -7.035172939999882 ], [ 110.350692749000132, -7.03501891999997 ], [ 110.35078430100009, -7.034639357999879 ], [ 110.350975037000069, -7.034249305999936 ], [ 110.351104736000025, -7.033944129999838 ], [ 110.351203918000067, -7.033878326999968 ], [ 110.351280212000177, -7.033834456999898 ], [ 110.351554870000143, -7.03372478499989 ], [ 110.35169219900007, -7.033675192999965 ], [ 110.351844788000164, -7.033565521999947 ], [ 110.351936340000123, -7.033493995999891 ], [ 110.352073669, -7.033290861999944 ], [ 110.352157593000186, -7.032960890999902 ], [ 110.352287292000199, -7.032760141999916 ], [ 110.352363587000184, -7.032683372999884 ], [ 110.352455139000142, -7.032644748999871 ], [ 110.352561952000144, -7.032589911999878 ], [ 110.352691650000054, -7.032573699999944 ], [ 110.352775574000077, -7.032546519999926 ], [ 110.352874756000119, -7.032496928999933 ], [ 110.352981567000143, -7.032409190999942 ], [ 110.353050232000044, -7.032326698999952 ], [ 110.353164673000038, -7.03213977799993 ], [ 110.35326385500008, -7.032030104999933 ], [ 110.353340148000086, -7.031881332999944 ], [ 110.353416442000196, -7.031787871999938 ], [ 110.353576660000101, -7.031788348999896 ], [ 110.353713989000198, -7.031816004999882 ], [ 110.353805542000202, -7.031871317999901 ], [ 110.35395050000011, -7.031959533999952 ], [ 110.354209899000182, -7.032234667999944 ], [ 110.354599000000121, -7.032645223999907 ], [ 110.354690552000079, -7.032733440999948 ], [ 110.354782104000037, -7.032865523999931 ], [ 110.354904174000183, -7.033019541999977 ], [ 110.355010987000014, -7.033102512999903 ], [ 110.355125427000075, -7.033206939999957 ], [ 110.355216981000012, -7.033284186999936 ], [ 110.355361938000044, -7.033295153999973 ], [ 110.355430604000048, -7.0332612979999 ], [ 110.355552674000194, -7.033262729999933 ], [ 110.355636596000181, -7.033240794999926 ], [ 110.355842590000179, -7.033218860999966 ], [ 110.35604095500014, -7.033197401999871 ], [ 110.356254577000072, -7.033049105999964 ], [ 110.356430053000054, -7.032977579999965 ], [ 110.356971741000109, -7.03257942099998 ], [ 110.357109069999979, -7.032458782999925 ], [ 110.357315064000147, -7.032178401999943 ], [ 110.357307434000063, -7.032063006999977 ], [ 110.357299804000149, -7.031919954999978 ], [ 110.35725402900016, -7.031848428999979 ], [ 110.357215882000105, -7.03172159099995 ], [ 110.357162475000052, -7.031578540999931 ], [ 110.357078553000065, -7.031391619999852 ], [ 110.35694122200016, -7.031253813999967 ], [ 110.356773377000195, -7.031083105999926 ], [ 110.356689453000172, -7.030989646999899 ], [ 110.356567382000094, -7.030774593999979 ], [ 110.356567382000094, -7.030692099999953 ], [ 110.356582642000149, -7.030587672999957 ], [ 110.356689453000172, -7.030521869999916 ], [ 110.356887817000086, -7.030538557999876 ], [ 110.357040404000145, -7.030628203999925 ], [ 110.357162475000052, -7.030643462999933 ], [ 110.357398986000192, -7.030754087999924 ], [ 110.357551575000116, -7.030830858999877 ], [ 110.357826233000083, -7.030848024999898 ], [ 110.358001709000064, -7.030828951999922 ], [ 110.35816192700014, -7.030768393999949 ], [ 110.358444215000077, -7.030561446999968 ], [ 110.358718873000043, -7.030437467999946 ], [ 110.358924865000063, -7.030354976999945 ], [ 110.359207153000114, -7.030217169999844 ], [ 110.359397887000114, -7.029886244999886 ], [ 110.359481811000137, -7.029541015999939 ], [ 110.359672547000059, -7.029402731999937 ], [ 110.359954833000188, -7.029417037999963 ], [ 110.360160828000062, -7.029293059999929 ], [ 110.360214233000136, -7.028947830999869 ], [ 110.360275268000123, -7.028222561999939 ], [ 110.360237121000068, -7.027766704999863 ], [ 110.36008453400018, -7.027449130999969 ], [ 110.359878540000182, -7.027241230999891 ], [ 110.359825135000108, -7.027089595999882 ], [ 110.360015869000051, -7.026882648999901 ], [ 110.360351562000062, -7.026869295999973 ], [ 110.360527037999987, -7.026948451999942 ], [ 110.360832214000197, -7.027159689999905 ], [ 110.361305237000181, -7.027450560999966 ], [ 110.361671447999981, -7.027603149999891 ], [ 110.361877441000104, -7.027613640999959 ], [ 110.362068177000083, -7.027609824999956 ], [ 110.362281800000062, -7.027493476999894 ], [ 110.362617493000016, -7.027024267999877 ], [ 110.363128662000122, -7.026375769999959 ], [ 110.363540649000015, -7.025782107999873 ], [ 110.363861084000177, -7.025216102999934 ], [ 110.364028931000121, -7.02466392499997 ], [ 110.364059448000035, -7.023904323999943 ], [ 110.363990785000169, -7.023213386999885 ], [ 110.363952636000079, -7.02291393299987 ], [ 110.363906861000146, -7.022754667999948 ], [ 110.363716125000167, -7.022474289999934 ], [ 110.363487244000169, -7.022411821999981 ], [ 110.363273621000133, -7.022618768999962 ], [ 110.363105774000189, -7.022888183999953 ], [ 110.362823485000035, -7.023060321999935 ], [ 110.362701417000039, -7.023078440999882 ], [ 110.362472534, -7.02315664199989 ], [ 110.362213134000058, -7.023115157999939 ], [ 110.361953734999986, -7.022917747999941 ], [ 110.361801147000165, -7.022616863999929 ], [ 110.361892699000123, -7.022347448999824 ], [ 110.362205506000123, -7.022161482999877 ], [ 110.362556458000029, -7.021871566999948 ], [ 110.362792969000168, -7.021571159999894 ], [ 110.363166809000177, -7.021136284999955 ], [ 110.363479614000028, -7.020670412999948 ], [ 110.363937377000184, -7.02001762499998 ], [ 110.364204407000045, -7.019701957999871 ], [ 110.364273071000071, -7.0196347239999 ], [ 110.364685058000134, -7.019324301999973 ], [ 110.365112305000025, -7.019023895999965 ], [ 110.365600585000095, -7.018910884999968 ], [ 110.365951539000037, -7.018889426999976 ], [ 110.366271972000163, -7.01895284699998 ], [ 110.36672210800009, -7.019192218999876 ], [ 110.367362976000038, -7.01973199899993 ], [ 110.367713929, -7.0200018889999 ], [ 110.367828370000154, -7.020093440999915 ], [ 110.367958068000064, -7.020279884999979 ], [ 110.368202210000163, -7.020563124999967 ], [ 110.368400574000077, -7.020874022999919 ], [ 110.36866760200013, -7.021475314999975 ], [ 110.36888885500008, -7.021890639999924 ], [ 110.369041444000175, -7.022025583999948 ], [ 110.369209289000082, -7.02192211199997 ], [ 110.369415284000183, -7.021756170999936 ], [ 110.369819641000163, -7.021622179999952 ], [ 110.369987488000106, -7.021580695999887 ], [ 110.370155334000117, -7.021726131999912 ], [ 110.370414733000189, -7.021871566999948 ], [ 110.37068176300005, -7.021965503999922 ], [ 110.370895386000086, -7.021990299999914 ], [ 110.370979310000109, -7.022023200999968 ], [ 110.371223449000126, -7.022048949999885 ], [ 110.371543884000062, -7.021966455999916 ], [ 110.371871949000138, -7.021811483999954 ], [ 110.372070313000052, -7.021570204999819 ], [ 110.37213897700002, -7.021440028999962 ], [ 110.372192382000094, -7.021384715999943 ], [ 110.372268678000182, -7.021241664999877 ], [ 110.372268678000182, -7.021003245999964 ], [ 110.372344971000189, -7.020796298999926 ], [ 110.372528077000084, -7.020578860999933 ], [ 110.372779847000118, -7.020361422999883 ], [ 110.373039246000189, -7.020133494999868 ], [ 110.373214722000114, -7.019864082999959 ], [ 110.373413086000198, -7.019792078999956 ], [ 110.373634339000148, -7.019865034999953 ], [ 110.373786926000037, -7.020004748999952 ], [ 110.373847962000127, -7.020072459999881 ], [ 110.373924255000134, -7.020123004999959 ], [ 110.374275207000039, -7.020363330999942 ], [ 110.374519348000092, -7.020602226999927 ], [ 110.374664307000103, -7.020732402999954 ], [ 110.375061036000147, -7.021020411999871 ], [ 110.376029969000115, -7.021809100999974 ], [ 110.376251222, -7.021909235999885 ], [ 110.376976013000046, -7.022423744999912 ], [ 110.377532959000121, -7.022871493999901 ], [ 110.377815247, -7.023105143999885 ], [ 110.377975463000155, -7.023113249999938 ], [ 110.378051759000073, -7.023087023999892 ], [ 110.378128052000079, -7.02302551299988 ], [ 110.378158569, -7.022858619999909 ], [ 110.378150941000058, -7.022608278999883 ], [ 110.378135680000128, -7.022485255999925 ], [ 110.378128052000079, -7.022091864999879 ], [ 110.378242493000187, -7.021691797999949 ], [ 110.378395080000132, -7.021151542999974 ], [ 110.378486634000069, -7.020831584999883 ], [ 110.378616333000025, -7.020261763999827 ], [ 110.378608705000147, -7.019854544999873 ], [ 110.37860107400013, -7.019447802999878 ], [ 110.378646851000099, -7.019087790999947 ], [ 110.378753662000122, -7.018411159999914 ], [ 110.378852844000164, -7.018004417999919 ], [ 110.378952026000036, -7.017730712999935 ], [ 110.379150390000063, -7.017550943999879 ], [ 110.379394532000049, -7.017558096999949 ], [ 110.379577638000114, -7.0176048269999 ], [ 110.379684448000035, -7.017660141999954 ], [ 110.379829407000045, -7.017745495999975 ], [ 110.380050660000165, -7.018099307999933 ], [ 110.38035583400017, -7.018652915999951 ], [ 110.380783082000164, -7.019214151999904 ], [ 110.381034851000152, -7.019680976999894 ], [ 110.381286620000083, -7.02009153299997 ], [ 110.38159942700014, -7.020432471999925 ], [ 110.381935120000094, -7.020485876999885 ], [ 110.382064819000107, -7.020436763999896 ], [ 110.382179260000044, -7.020392894999929 ], [ 110.382392882000147, -7.020213126999977 ], [ 110.382545472000174, -7.019673345999877 ], [ 110.382858276000093, -7.01885318799998 ], [ 110.382904053000061, -7.018499850999945 ], [ 110.383010864000141, -7.018039701999896 ], [ 110.383255005000137, -7.017696380999951 ], [ 110.383483886000192, -7.017590045999896 ], [ 110.383926392000035, -7.017557143999966 ], [ 110.384323120000147, -7.017518042999939 ], [ 110.384719849000021, -7.017431735999878 ], [ 110.385040284000183, -7.017365455999879 ], [ 110.385360719000118, -7.017349241999966 ], [ 110.385688781999988, -7.01738977399998 ], [ 110.38616943400018, -7.017396926999936 ], [ 110.38666534500004, -7.017424105999964 ], [ 110.38707733200016, -7.017385481999952 ], [ 110.387062073000038, -7.017473220999932 ], [ 110.387023926000154, -7.017713068999967 ], [ 110.387084962000074, -7.018055437999976 ], [ 110.38734435900011, -7.01849079099992 ], [ 110.387718201000155, -7.018978118999939 ], [ 110.388313294000056, -7.019310473999894 ], [ 110.388763428, -7.019456385999888 ], [ 110.389266967000196, -7.019581316999904 ], [ 110.389686584, -7.019623278999916 ], [ 110.389976502000195, -7.019706249999956 ], [ 110.39034271200012, -7.019903659999954 ], [ 110.390464783000198, -7.020069599999886 ], [ 110.390525818000185, -7.020349502999977 ], [ 110.390541077000137, -7.020556926999973 ], [ 110.39070129400011, -7.020764349999922 ], [ 110.390945435000162, -7.020878314999948 ], [ 110.391052246000015, -7.020878791999962 ], [ 110.391311645000087, -7.020878791999962 ], [ 110.391792298000155, -7.020744800999978 ], [ 110.392372132, -7.020496844999911 ], [ 110.392646790000185, -7.02019691299995 ], [ 110.392860413000164, -7.019793033999917 ], [ 110.393112182000152, -7.019524096999874 ], [ 110.393394470000032, -7.019451617999948 ], [ 110.393554688000165, -7.019462585999975 ], [ 110.393638611000085, -7.019508360999907 ], [ 110.393806457000096, -7.019618033999961 ], [ 110.394332886000029, -7.020167826999966 ], [ 110.394706727000141, -7.020551681999905 ], [ 110.395179749000022, -7.020967006999911 ], [ 110.395439148000094, -7.021236418999933 ], [ 110.395751953000115, -7.021630762999962 ], [ 110.395866394000109, -7.022076605999871 ], [ 110.39611816300004, -7.022397993999903 ], [ 110.39649963300019, -7.022709368999926 ], [ 110.396858215000179, -7.023010252999939 ], [ 110.397071837999988, -7.023103713999944 ], [ 110.397277831999986, -7.023118494999949 ], [ 110.397514343000125, -7.023083685999893 ], [ 110.397827148000147, -7.023063182999977 ], [ 110.398124694000103, -7.023105143999885 ], [ 110.398368836000202, -7.023186205999934 ], [ 110.398590088000049, -7.023323059999882 ], [ 110.39890289300007, -7.023541449999925 ], [ 110.399200440000072, -7.02370738999997 ], [ 110.399330139000085, -7.023720263999962 ], [ 110.399330139000085, -7.023963926999897 ], [ 110.39926147500006, -7.024215220999906 ], [ 110.399047852000081, -7.024753568999927 ], [ 110.398918152000192, -7.025116443999934 ], [ 110.398918152000192, -7.025344371999893 ], [ 110.399024964000148, -7.025561809999942 ], [ 110.399200440000072, -7.025758743999972 ], [ 110.399536133000083, -7.025925158999883 ], [ 110.399948120000147, -7.026205539999921 ], [ 110.400421142000198, -7.02662038699998 ], [ 110.400794982000036, -7.026869772999873 ], [ 110.401535034000176, -7.027683733999936 ], [ 110.401664733000132, -7.027841568999918 ], [ 110.401771545000088, -7.027984617999948 ], [ 110.402107239000202, -7.028120039999976 ], [ 110.402336121000133, -7.028197287999944 ], [ 110.402626038000051, -7.028358935999904 ], [ 110.402885437000066, -7.028872966999927 ], [ 110.402923584000121, -7.029199599999913 ], [ 110.403083802000083, -7.029575347999923 ], [ 110.403602601000102, -7.029897689999871 ], [ 110.404014588000166, -7.030202388999953 ], [ 110.404205322000109, -7.030400753999913 ], [ 110.404228210000099, -7.030560015999981 ], [ 110.404304503999981, -7.030918120999843 ], [ 110.40419006400009, -7.031221866999942 ], [ 110.403961183000092, -7.031435966999879 ], [ 110.403617859000121, -7.031712532999848 ], [ 110.403350829000033, -7.032073496999942 ], [ 110.403221131000123, -7.032506464999813 ], [ 110.403167725000174, -7.03293943299991 ], [ 110.403404237000188, -7.033337115999871 ], [ 110.403617859000121, -7.03364419899998 ], [ 110.403724670000145, -7.033780096999919 ], [ 110.403808593000065, -7.033963202999928 ], [ 110.404174805000196, -7.034474849999981 ], [ 110.404373169000053, -7.034909247999906 ], [ 110.404342651000036, -7.035100936999982 ], [ 110.404342651000036, -7.03526210699988 ], [ 110.404525757000101, -7.035444259999963 ], [ 110.404724121000186, -7.035535334999963 ], [ 110.40493011600006, -7.035818099999972 ], [ 110.404968262000011, -7.036292552999896 ], [ 110.404838562000123, -7.036585330999969 ], [ 110.404670716000112, -7.036851405999869 ], [ 110.404594422000173, -7.036867618999963 ], [ 110.404373169000053, -7.036957740999981 ], [ 110.40419006400009, -7.037058830999968 ], [ 110.404098512000189, -7.037300586999891 ], [ 110.404037476000099, -7.037441730999944 ], [ 110.403961183000092, -7.037800310999955 ], [ 110.403968811000198, -7.038203716999931 ], [ 110.404106140000124, -7.038617610999893 ], [ 110.404266357000097, -7.039011477999964 ], [ 110.404296876000046, -7.039334774999929 ], [ 110.404335023000101, -7.03959131199997 ], [ 110.404296876000046, -7.039678573999936 ], [ 110.404335023000101, -7.03979921399997 ], [ 110.404335023000101, -7.039970396999934 ], [ 110.404220580000128, -7.040081977999932 ], [ 110.403961183000092, -7.040333271999941 ], [ 110.403724670000145, -7.040565489999949 ], [ 110.403694153, -7.040827749999892 ], [ 110.403839112000014, -7.041150569999957 ], [ 110.404037476000099, -7.041272162999974 ], [ 110.40435028100012, -7.041363239999953 ], [ 110.404479980000133, -7.041395186999921 ], [ 110.404602050000108, -7.04148483299997 ], [ 110.404685974000131, -7.04157590799997 ], [ 110.404754638000099, -7.041737554999941 ], [ 110.40474701, -7.041979311999967 ], [ 110.404693604000045, -7.042130945999872 ], [ 110.404602050000108, -7.042259216999923 ], [ 110.404502868000066, -7.042524336999918 ], [ 110.404388428000175, -7.042736053999931 ], [ 110.404289246000133, -7.042937755999958 ], [ 110.404281616000048, -7.04319000299995 ], [ 110.404327393000187, -7.043452739999907 ], [ 110.404472352000198, -7.043806076999942 ], [ 110.404548645000034, -7.044239996999977 ], [ 110.404617309, -7.044552801999885 ], [ 110.404708863000167, -7.044936656999937 ], [ 110.404731751000099, -7.045269965999978 ], [ 110.404685974000131, -7.045486450999874 ], [ 110.404563904000156, -7.045738696999877 ], [ 110.404502868000066, -7.045990943999868 ], [ 110.404472352000198, -7.046213149999971 ], [ 110.404533387000185, -7.046445369999901 ], [ 110.404731751000099, -7.046677588999955 ], [ 110.405143738000163, -7.047091960999921 ], [ 110.405517578000172, -7.047496317999901 ], [ 110.405670166, -7.047809123999969 ], [ 110.405715943000132, -7.048026084999947 ], [ 110.405708312000172, -7.048399924999956 ], [ 110.40562439100006, -7.048722744999964 ], [ 110.405586242000197, -7.048858641999914 ], [ 110.405509948000088, -7.049096106999855 ], [ 110.4054489130001, -7.04945897999994 ], [ 110.405380249000075, -7.049832343999924 ], [ 110.405303956000068, -7.050135135999938 ], [ 110.405273437000119, -7.050301550999961 ], [ 110.405311584000174, -7.050463198999978 ], [ 110.405517578000172, -7.050665377999906 ], [ 110.405654907000098, -7.050756454999942 ], [ 110.405769348000035, -7.050958156999911 ], [ 110.40589141800001, -7.05139255499995 ], [ 110.405998231000069, -7.051796435999904 ], [ 110.406143188000044, -7.052028654999845 ], [ 110.406394959000011, -7.052170275999913 ], [ 110.406486511000139, -7.052351951999924 ], [ 110.406463623000036, -7.052513599999884 ], [ 110.406341552000129, -7.052674769999896 ], [ 110.406173706000118, -7.052765368999871 ], [ 110.405960084000185, -7.052825926999901 ], [ 110.405738831000122, -7.052825449999943 ], [ 110.405532837000123, -7.052835464999873 ], [ 110.405364991000056, -7.052895545999888 ], [ 110.405288695000138, -7.052996634999886 ], [ 110.405181885000047, -7.053193091999901 ], [ 110.405174255000077, -7.053475856999967 ], [ 110.405273437000119, -7.053667543999893 ], [ 110.405433654000149, -7.053829191999966 ], [ 110.405632019000166, -7.054121970999915 ], [ 110.405731200999981, -7.054253578999976 ], [ 110.405822755000088, -7.054515838999919 ], [ 110.405822755000088, -7.054808616999821 ], [ 110.405899048000094, -7.055232524999894 ], [ 110.406044006000059, -7.055586338999944 ], [ 110.406044006000059, -7.055757521999908 ], [ 110.406105041000046, -7.056600570999933 ], [ 110.406036377000191, -7.056973933999927 ], [ 110.405990600000052, -7.057548998999891 ], [ 110.405960084000185, -7.057982920999905 ], [ 110.405960084000185, -7.058245658999965 ], [ 110.405868530000077, -7.058386802999962 ], [ 110.405769348000035, -7.058568000999912 ], [ 110.405632019000166, -7.058794974999955 ], [ 110.405532837000123, -7.059067724999977 ], [ 110.405532837000123, -7.059309958999961 ], [ 110.405471801000033, -7.059531688999812 ], [ 110.405319214000087, -7.059834480999882 ], [ 110.405113220000089, -7.059995650999895 ], [ 110.404922485000043, -7.060106277999921 ], [ 110.404731751000099, -7.06023454699988 ], [ 110.404617309, -7.060358047999955 ], [ 110.404487610000047, -7.060529707999876 ], [ 110.404464721000181, -7.060791967999876 ], [ 110.404525757000101, -7.061034201999973 ], [ 110.404678344, -7.06122636799995 ], [ 110.404960632000098, -7.061600207999959 ], [ 110.405281067000033, -7.062125205999905 ], [ 110.405509948000088, -7.062559603999944 ], [ 110.405654907000098, -7.06292295499992 ], [ 110.4057617200001, -7.06337737899986 ], [ 110.405784606000054, -7.063690185999974 ], [ 110.405769348000035, -7.063942432999966 ], [ 110.405662537000183, -7.064366339999879 ], [ 110.405540467000037, -7.064709186999892 ], [ 110.405395508000197, -7.065218924999897 ], [ 110.405242920000035, -7.065571784999975 ], [ 110.405197143000066, -7.065874575999885 ], [ 110.405181885000047, -7.066116809999926 ], [ 110.40534210200002, -7.066430091999905 ], [ 110.405532837000123, -7.06674289699987 ], [ 110.40562439100006, -7.066929817999892 ], [ 110.405632019000166, -7.06707095999991 ], [ 110.405578614000092, -7.067172049999954 ], [ 110.4054489130001, -7.067242622999913 ], [ 110.405044556000121, -7.067554949999931 ], [ 110.404731751000099, -7.067907808999962 ], [ 110.40454101500012, -7.068200109999907 ], [ 110.404479980000133, -7.068512916999964 ], [ 110.40451049800015, -7.068825721999929 ], [ 110.404449463000162, -7.069264887999907 ], [ 110.404342651000036, -7.069527149999942 ], [ 110.404228210000099, -7.069748877999928 ], [ 110.404197694000061, -7.069940566999946 ], [ 110.404228210000099, -7.070213316999968 ], [ 110.404289246000133, -7.070291517999863 ], [ 110.404418945000145, -7.070476053999926 ], [ 110.40454101500012, -7.070688246999907 ], [ 110.404632569000057, -7.070809364999889 ], [ 110.404624939000144, -7.070945263999931 ], [ 110.404457091000097, -7.071207522999885 ], [ 110.40421295200008, -7.071499824999933 ], [ 110.404174805000196, -7.071581840999954 ], [ 110.404121398000143, -7.071682452999937 ], [ 110.403999329000044, -7.071923731999902 ], [ 110.403877259000069, -7.072335718999966 ], [ 110.403900147, -7.072680472999878 ], [ 110.404106140000124, -7.072852134999891 ], [ 110.40451049800015, -7.073054789999958 ], [ 110.405067445000157, -7.07328748599997 ], [ 110.405303956000068, -7.073464393999927 ], [ 110.405395508000197, -7.073666571999979 ], [ 110.405494690000069, -7.073898791999966 ], [ 110.405487060000155, -7.074151038999901 ], [ 110.40534210200002, -7.074372768999922 ], [ 110.405044556000121, -7.074483394999959 ], [ 110.404800415000068, -7.07453346199992 ], [ 110.404525757000101, -7.074614047999944 ], [ 110.404296876000046, -7.074613570999873 ], [ 110.404220580000128, -7.074604509999915 ], [ 110.40405273500005, -7.074633598999924 ], [ 110.403816222999978, -7.074603079999974 ], [ 110.403701783000145, -7.074501990999977 ], [ 110.403594971000189, -7.074279784999874 ], [ 110.40350341900006, -7.074148653999941 ], [ 110.403366090000134, -7.074104308999949 ], [ 110.403190612, -7.073986530999946 ], [ 110.402961731000175, -7.074057101999927 ], [ 110.402595519000101, -7.074248313999931 ], [ 110.402435304000051, -7.074470043999895 ], [ 110.402374268000131, -7.074752806999925 ], [ 110.402587891000167, -7.074944495999887 ], [ 110.402969361000089, -7.075177191999956 ], [ 110.403251647, -7.075419902999897 ], [ 110.403404237000188, -7.075692653999909 ], [ 110.40344238300014, -7.075964926999973 ], [ 110.403335571000014, -7.0760760309999 ], [ 110.403129579000051, -7.076126098999964 ], [ 110.402526856000179, -7.07623624699994 ], [ 110.402046203000111, -7.076447963999954 ], [ 110.401763915, -7.076639174999968 ], [ 110.40157318100006, -7.076931476999903 ], [ 110.401535034000176, -7.077244280999935 ], [ 110.401664733000132, -7.077527046999876 ], [ 110.401885986000082, -7.077628611999955 ], [ 110.402137757000048, -7.077659130999905 ], [ 110.402320861000078, -7.077564238999969 ], [ 110.402549744000112, -7.077356813999927 ], [ 110.402748108000196, -7.077205656999865 ], [ 110.402954101000091, -7.077165602999912 ], [ 110.403137207000157, -7.077145576999953 ], [ 110.403320313, -7.077188013999887 ], [ 110.40344238300014, -7.077337740999951 ], [ 110.40344238300014, -7.077559948999976 ], [ 110.403450012000178, -7.077741621999962 ], [ 110.403671264000195, -7.077943323999875 ], [ 110.403862000000174, -7.078120231999947 ], [ 110.403938294000056, -7.078377723999949 ], [ 110.403976441000111, -7.078586578999875 ], [ 110.403930664000143, -7.078698156999963 ], [ 110.403625487000056, -7.078609465999932 ], [ 110.403381347999982, -7.078578948999962 ], [ 110.403068543000131, -7.078598974999863 ], [ 110.402915954000036, -7.078709601999947 ], [ 110.402832032, -7.078729628999838 ], [ 110.402801514000146, -7.078833102999965 ], [ 110.402679443000068, -7.079022406999968 ], [ 110.402549744000112, -7.079213618999916 ], [ 110.402381896000065, -7.079364775999977 ], [ 110.402206421000017, -7.079546451999931 ], [ 110.402030945000092, -7.079697608999879 ], [ 110.401840211000092, -7.079868793999935 ], [ 110.401763915, -7.080070495999848 ], [ 110.40173339800009, -7.080302714999959 ], [ 110.401763915, -7.080544948999943 ], [ 110.401832581000178, -7.080837726999903 ], [ 110.401863097000046, -7.080938816999947 ], [ 110.401847839000197, -7.081181048999895 ], [ 110.401802064000037, -7.081604957999957 ], [ 110.401756287000069, -7.081826685999943 ], [ 110.401786804000039, -7.082008361999954 ], [ 110.401908874000185, -7.082119464999892 ], [ 110.402030945000092, -7.082180499999879 ], [ 110.402206421000017, -7.082170486999871 ], [ 110.402359008000133, -7.082143305999921 ], [ 110.402580261000082, -7.082069872999966 ], [ 110.402900696000188, -7.081989763999843 ], [ 110.403160095000089, -7.081990240999971 ], [ 110.403312683000081, -7.081980227999964 ], [ 110.403388976000087, -7.082009314999937 ], [ 110.403617859000121, -7.082182407999881 ], [ 110.403709411000023, -7.082555769999942 ], [ 110.403724670000145, -7.082879065999975 ], [ 110.403724670000145, -7.083494661999907 ], [ 110.40377044600001, -7.08378744099997 ], [ 110.403755188, -7.084150789999967 ], [ 110.403701783000145, -7.084453581999924 ], [ 110.403526305000184, -7.084826468999893 ], [ 110.40328216600011, -7.085098741999957 ], [ 110.402969361000089, -7.085381029999951 ], [ 110.402862549000133, -7.085673331999885 ], [ 110.402862549000133, -7.085926055999948 ], [ 110.403030396000077, -7.086223601999961 ], [ 110.403343201000098, -7.086516855999946 ], [ 110.403518677000079, -7.086759566999945 ], [ 110.40354919400005, -7.087031839999952 ], [ 110.403556824000134, -7.087324618999901 ], [ 110.403587341000048, -7.087687967999955 ], [ 110.403594971000189, -7.087849615999914 ], [ 110.40344238300014, -7.088030813999978 ], [ 110.403221131000123, -7.088353633999873 ], [ 110.403099060000102, -7.088585375999969 ], [ 110.402687073000038, -7.089569090999817 ], [ 110.402427673000034, -7.090063094999834 ], [ 110.40225982600009, -7.090395927999907 ], [ 110.402191162000122, -7.090608119999899 ], [ 110.402221679000036, -7.090829847999942 ], [ 110.402404785000101, -7.09107255899994 ], [ 110.402595519000101, -7.091254232999972 ], [ 110.402732850000177, -7.091421127999922 ], [ 110.402770997, -7.091622829999835 ], [ 110.402770997, -7.091925621999906 ], [ 110.402656554000089, -7.09222841299993 ], [ 110.402465820000089, -7.092581271999904 ], [ 110.402145385000154, -7.092894076999926 ], [ 110.401313781000056, -7.093639849999931 ], [ 110.400886536000144, -7.09404802399996 ], [ 110.400703430000135, -7.094330309999918 ], [ 110.400703430000135, -7.094552516999954 ], [ 110.400810242000091, -7.094845293999981 ], [ 110.400962830000083, -7.095067500999903 ], [ 110.401268004000087, -7.095310210999912 ], [ 110.401451110000153, -7.095532415999912 ], [ 110.401641846000132, -7.095744610999873 ], [ 110.401672363000102, -7.095946312999956 ], [ 110.401550292000195, -7.096026896999888 ], [ 110.401031493000175, -7.096288680999976 ], [ 110.40058136000016, -7.096464633999972 ], [ 110.400642395000148, -7.09670686599992 ], [ 110.400764465000123, -7.096969602999934 ], [ 110.400833129000091, -7.097322939999913 ], [ 110.400833129000091, -7.09763574699997 ], [ 110.400703430000135, -7.097857474999898 ], [ 110.400489808000202, -7.098059176999925 ], [ 110.400436400000046, -7.098331926999947 ], [ 110.400436400000046, -7.098614214999941 ], [ 110.40052032400007, -7.098856448999868 ], [ 110.400672914000097, -7.099598406999974 ], [ 110.400634765, -7.099891184999876 ], [ 110.400444031000063, -7.100325107999879 ], [ 110.400070190000122, -7.100748537999948 ], [ 110.399681092000094, -7.101282595999976 ], [ 110.399497986000199, -7.101852893999933 ], [ 110.399330139000085, -7.102074622999965 ], [ 110.399063111000203, -7.102276324999877 ], [ 110.398704528999986, -7.102497576999951 ], [ 110.398628235000103, -7.102675914999963 ], [ 110.39859771700003, -7.102742193999973 ], [ 110.398544312000183, -7.103093147999971 ], [ 110.398544312000183, -7.103456496999911 ], [ 110.398635864000084, -7.103940962999957 ], [ 110.398811341000169, -7.104264259999979 ], [ 110.398796081000114, -7.104546545999938 ], [ 110.398719787, -7.104586599999891 ], [ 110.398590088000049, -7.104687689999935 ], [ 110.398376464000137, -7.104687214999956 ], [ 110.398147583000139, -7.104535579999947 ], [ 110.398086548000151, -7.104444980999972 ], [ 110.398017884000126, -7.104355333999933 ], [ 110.397933960000103, -7.104283332999955 ], [ 110.397705077000069, -7.104282855999884 ], [ 110.397422791, -7.104413508999869 ], [ 110.397216797, -7.104574679999871 ], [ 110.397148131, -7.104877470999895 ], [ 110.397109985000043, -7.105240820999938 ], [ 110.397125245000097, -7.105543612999952 ], [ 110.397239685000159, -7.105775832999882 ], [ 110.397499085000106, -7.106059073999972 ], [ 110.397941588000037, -7.10632181099993 ], [ 110.398330688999977, -7.106564520999939 ], [ 110.398674010000036, -7.106746673999908 ], [ 110.398864746000015, -7.106868266999925 ], [ 110.399101258000087, -7.106888770999944 ], [ 110.399246217000041, -7.106852530999959 ], [ 110.399414062000176, -7.106868743999883 ], [ 110.399642945000039, -7.106909273999975 ], [ 110.399894715000073, -7.107030866999878 ], [ 110.40021515, -7.107203005999907 ], [ 110.400421142000198, -7.107394693999879 ], [ 110.400749207000104, -7.107869623999932 ], [ 110.401153564000026, -7.108687876999966 ], [ 110.401290893000123, -7.109142303999874 ], [ 110.401473999000189, -7.109455107999906 ], [ 110.401550292000195, -7.109714984999925 ], [ 110.401504517000035, -7.109887598999933 ], [ 110.401268004000087, -7.110077857999954 ], [ 110.400909425000179, -7.110301494999874 ], [ 110.400672914000097, -7.110469340999828 ], [ 110.400482177000185, -7.110660074999885 ], [ 110.400123596000071, -7.110861301999932 ], [ 110.399879456000122, -7.111017703999892 ], [ 110.399719239000149, -7.111174583999912 ], [ 110.399406432000092, -7.111353396999959 ], [ 110.399002075000112, -7.111678122999933 ], [ 110.39874267600004, -7.111958025999968 ], [ 110.398406983000086, -7.112316607999901 ], [ 110.398193360000107, -7.112551688999815 ], [ 110.398010254000042, -7.112798214999941 ], [ 110.397811890000128, -7.112988470999881 ], [ 110.39755249000018, -7.113100051999879 ], [ 110.397384644000113, -7.113212108999903 ], [ 110.397262574000138, -7.113301753999963 ], [ 110.397026063000055, -7.113502977999929 ], [ 110.39700317400019, -7.113671302999876 ], [ 110.397056579000093, -7.113883970999893 ], [ 110.397239685000159, -7.113940715999888 ], [ 110.397285462000127, -7.114019393999911 ], [ 110.397247313000037, -7.114579677999927 ], [ 110.396896362000064, -7.114568232999943 ], [ 110.396392823000042, -7.114477633999911 ], [ 110.396224975, -7.114446639999926 ], [ 110.396133423000094, -7.11444425499991 ], [ 110.396018983000033, -7.114440916999968 ], [ 110.395668029000149, -7.114442346999908 ], [ 110.395660401000043, -7.114277361999939 ], [ 110.39565277100013, -7.114110945999926 ], [ 110.39565277100013, -7.113710879999871 ], [ 110.395698548000098, -7.113519190999909 ], [ 110.395484923000083, -7.113422393999826 ], [ 110.395309448000035, -7.113257408999914 ], [ 110.395164490000127, -7.113141058999929 ], [ 110.395141602000194, -7.112986088999946 ], [ 110.395034790000068, -7.112869738999905 ], [ 110.394783019999977, -7.112898826999924 ], [ 110.394607544000053, -7.112976550999974 ], [ 110.394546509000065, -7.113208770999904 ], [ 110.394134522000172, -7.113451002999966 ], [ 110.39381408700001, -7.113625525999907 ], [ 110.393737794, -7.113470553999889 ], [ 110.393539429000043, -7.113373756999977 ], [ 110.393119812000066, -7.113421916999869 ], [ 110.392921448000152, -7.113270759999978 ], [ 110.392631532000166, -7.113154411999858 ], [ 110.392288208000139, -7.113173961999962 ], [ 110.391967773000033, -7.113203048999878 ], [ 110.391654969000058, -7.113270759999978 ], [ 110.391319275, -7.113299845999961 ], [ 110.391204835000167, -7.113076685999886 ], [ 110.391304016999982, -7.112902639999959 ], [ 110.391326904000039, -7.112728118999939 ], [ 110.391189575000112, -7.112582682999971 ], [ 110.391075134000175, -7.112544059999891 ], [ 110.390724182000099, -7.112786291999953 ], [ 110.390411378000124, -7.112824915999965 ], [ 110.390121459000056, -7.112689494999927 ], [ 110.389930725000056, -7.112476349999952 ], [ 110.389907837000123, -7.112253188999887 ], [ 110.389892578, -7.112020968999957 ], [ 110.389846802000136, -7.111875533999978 ], [ 110.389633179000157, -7.111844539999936 ], [ 110.38946533100011, -7.112009524999962 ], [ 110.389480592000041, -7.112406730999965 ], [ 110.389305114000081, -7.112619876999929 ], [ 110.38911438000008, -7.112871645999974 ], [ 110.388763428, -7.112794399999927 ], [ 110.388511659000073, -7.112668036999935 ], [ 110.388404846000185, -7.112542152999936 ], [ 110.388259887, -7.112784384999884 ], [ 110.388191224000082, -7.113036630999943 ], [ 110.388015748000157, -7.113191603999894 ], [ 110.387817384000073, -7.113365648999945 ], [ 110.38759613100018, -7.113504885999873 ], [ 110.387252806999982, -7.113564967999878 ], [ 110.387038827000083, -7.113662077999948 ], [ 110.386788000000195, -7.113635 ], [ 110.386719007000067, -7.113628000999938 ], [ 110.386241, -7.1136 ], [ 110.38587193900014, -7.113579021999897 ], [ 110.385719344000051, -7.113569691999942 ], [ 110.385705900000175, -7.113568880999935 ], [ 110.385567, -7.113561 ], [ 110.38550590300008, -7.113508036999974 ], [ 110.385495837000121, -7.113505403999966 ], [ 110.385369000000196, -7.113473 ], [ 110.385284, -7.113450999999884 ], [ 110.384921, -7.113512 ], [ 110.384911000000102, -7.113514 ], [ 110.384758, -7.113636 ], [ 110.384666, -7.113767999999823 ], [ 110.384483, -7.113892 ], [ 110.384288, -7.114025999999853 ], [ 110.384231752000062, -7.114063950999878 ], [ 110.384183037000014, -7.114047272999926 ], [ 110.384071001000166, -7.114009 ], [ 110.383943231000103, -7.113949632999947 ], [ 110.383873099000141, -7.113917040999979 ], [ 110.383811954000123, -7.113852003999909 ], [ 110.383614, -7.113617 ], [ 110.383515000000102, -7.113428 ], [ 110.383476, -7.113354 ], [ 110.383331000000112, -7.113090998999951 ], [ 110.38325323700019, -7.112922975999879 ], [ 110.383163, -7.112728 ], [ 110.382718, -7.112186 ], [ 110.382698000000175, -7.112161999999898 ], [ 110.382687000000146, -7.112147999999877 ], [ 110.382675722000101, -7.112133687999972 ], [ 110.382423401000096, -7.111812590999932 ], [ 110.382410398000161, -7.111765458999969 ], [ 110.382400320000045, -7.11172888699997 ], [ 110.3822550000001, -7.111490999999887 ], [ 110.382219612000199, -7.11143323399989 ], [ 110.382186890000128, -7.111379622999891 ], [ 110.382169484000144, -7.111338089999947 ], [ 110.382103000000143, -7.111179 ], [ 110.382076, -7.111116 ], [ 110.382034, -7.11102099999988 ], [ 110.381883452000068, -7.110786787999871 ], [ 110.381851020000056, -7.110767863999911 ], [ 110.381714000000102, -7.110687999999868 ], [ 110.381478000000129, -7.110675 ], [ 110.381386000000134, -7.11067 ], [ 110.38127100100013, -7.11070499899995 ], [ 110.381050974000118, -7.110726641999975 ], [ 110.381027000000131, -7.110728999999878 ], [ 110.380965000000117, -7.110773999999878 ], [ 110.380954532000146, -7.110781638999981 ], [ 110.380928039000196, -7.11080074399996 ], [ 110.380899021000062, -7.110820844999978 ], [ 110.380836000000102, -7.110863999999879 ], [ 110.380762551000146, -7.110870426999952 ], [ 110.380676238000035, -7.110877977999962 ], [ 110.380665253000132, -7.110874299999921 ], [ 110.380615000000148, -7.110856999999839 ], [ 110.380569, -7.110842 ], [ 110.380527505000089, -7.110832500999948 ], [ 110.380486000000133, -7.110822999999868 ], [ 110.380466003000151, -7.110818652999967 ], [ 110.380394000000138, -7.110803 ], [ 110.380211, -7.110875 ], [ 110.380058483000198, -7.11091950499997 ], [ 110.379906, -7.110964 ], [ 110.379798838999989, -7.110891890999881 ], [ 110.379728313000044, -7.110843773999875 ], [ 110.379692078000119, -7.110818861999974 ], [ 110.379659105000144, -7.110795033999864 ], [ 110.379622, -7.110768 ], [ 110.379448000000195, -7.110641999999814 ], [ 110.37931900000018, -7.110650999999848 ], [ 110.379293516000018, -7.11065288799989 ], [ 110.379264831000057, -7.110654829999874 ], [ 110.379149889000132, -7.110644932999946 ], [ 110.378921368000135, -7.110624927999822 ], [ 110.378773395000053, -7.110607810999909 ], [ 110.378654, -7.110594 ], [ 110.378606192000177, -7.110590619999925 ], [ 110.378555001000109, -7.110586998999963 ], [ 110.378198637000139, -7.110561666999899 ], [ 110.377922001000172, -7.110542 ], [ 110.377673361000177, -7.110465063999925 ], [ 110.377434164000192, -7.1103907829999 ], [ 110.377492000000188, -7.110314 ], [ 110.377501937000034, -7.110299944999952 ], [ 110.377399000000139, -7.11021 ], [ 110.377383393000173, -7.110196303999885 ], [ 110.377350001000082, -7.110166998999944 ], [ 110.377228001000105, -7.109943999999871 ] ] ] ] } },
{ "type": "Feature", "properties": { "Kecamatan": "Mijen", "Kota": "Kota Semarang", "adm3": "33.74.14" }, "geometry": { "type": "MultiPolygon", "coordinates": [ [ [ [ 110.316237931000046, -7.104595909999944 ], [ 110.31622791000018, -7.104601207999963 ], [ 110.316206794000038, -7.104612370999973 ], [ 110.316055298000094, -7.104692457999931 ], [ 110.315956116000052, -7.10474204999997 ], [ 110.315856934000067, -7.104897499999936 ], [ 110.315819414000146, -7.104983181999955 ], [ 110.315778492000106, -7.105076632999953 ], [ 110.315757752000195, -7.105123995999975 ], [ 110.315709565000191, -7.105188580999879 ], [ 110.315689000000191, -7.105215998999938 ], [ 110.315672257000131, -7.105214712999896 ], [ 110.315597535000165, -7.10520887399997 ], [ 110.315353393, -7.105194568999934 ], [ 110.315164932000187, -7.105194287999893 ], [ 110.315089000000114, -7.105193999999869 ], [ 110.315032184000188, -7.105193786999962 ], [ 110.314890840000032, -7.105156784999906 ], [ 110.314842168000098, -7.105144044999918 ], [ 110.314813155000081, -7.10515445599998 ], [ 110.31476181700009, -7.105172879999884 ], [ 110.314605713000162, -7.105228899999929 ], [ 110.314554223000187, -7.105262741999979 ], [ 110.314517407000153, -7.105286939999928 ], [ 110.314369202000023, -7.105384349999895 ], [ 110.314247131000172, -7.105426311999906 ], [ 110.314237254000147, -7.105453938999972 ], [ 110.314230696000152, -7.105472282999926 ], [ 110.314216615000134, -7.10551166599987 ], [ 110.314033509000069, -7.105539797999882 ], [ 110.313971648, -7.105541879999976 ], [ 110.313942470000086, -7.105542861999879 ], [ 110.313835144000109, -7.105546474999926 ], [ 110.313796175000164, -7.105582397999967 ], [ 110.313786637000078, -7.105591190999974 ], [ 110.313774109000121, -7.105602739999938 ], [ 110.31365966900006, -7.10570192299997 ], [ 110.313632880000057, -7.105705873999966 ], [ 110.313520303000075, -7.105722478999894 ], [ 110.313468933000081, -7.105730055999913 ], [ 110.313285994000125, -7.105786272999921 ], [ 110.313331603999984, -7.105850218999933 ], [ 110.313344955000105, -7.105902998999909 ], [ 110.313354238999977, -7.105939698999919 ], [ 110.313362, -7.105970998999965 ], [ 110.313385001000086, -7.106049 ], [ 110.313437776000058, -7.10610923899992 ], [ 110.313484000000187, -7.106162000999973 ], [ 110.313469401000134, -7.106193418999965 ], [ 110.3134379990002, -7.106261 ], [ 110.313417000000129, -7.106265845999928 ], [ 110.313346862, -7.106281987999921 ], [ 110.313290027, -7.106276550999837 ], [ 110.313231769000197, -7.106270776999963 ], [ 110.312461853000059, -7.105529783999941 ], [ 110.312446396000098, -7.105509626999947 ], [ 110.312289552000095, -7.105305074999933 ], [ 110.312232972000061, -7.105231284999945 ], [ 110.311828613000046, -7.104743002999953 ], [ 110.311477662000073, -7.104414461999966 ], [ 110.311149596000121, -7.104089736999981 ], [ 110.310953578000067, -7.103853321999964 ], [ 110.31087616800005, -7.103759959999877 ], [ 110.310867310000049, -7.103749275999974 ], [ 110.310807381000131, -7.103677914999935 ], [ 110.310626477000085, -7.103462505999971 ], [ 110.310424805000082, -7.10322236899998 ], [ 110.310291218000145, -7.10306845599996 ], [ 110.310269049000169, -7.103042912999967 ], [ 110.310249329000158, -7.103020191999974 ], [ 110.310096742000042, -7.102925776999882 ], [ 110.309761046000176, -7.102877616999876 ], [ 110.309484184000155, -7.102849931999913 ], [ 110.309432942000171, -7.102844807999929 ], [ 110.309188842000083, -7.102820396999959 ], [ 110.308784485000103, -7.102825164999899 ], [ 110.308644068000092, -7.102833124999961 ], [ 110.308629093000036, -7.102833973999907 ], [ 110.308456420000198, -7.102843760999917 ], [ 110.308235169000113, -7.102866649999953 ], [ 110.308090210000103, -7.102893828999981 ], [ 110.307861327000069, -7.102871894999964 ], [ 110.307678223000039, -7.102831839999908 ], [ 110.307647321000161, -7.102823850999869 ], [ 110.307613778000132, -7.102815178999947 ], [ 110.307509919000154, -7.102787964999948 ], [ 110.307432658000039, -7.102755255999966 ], [ 110.307394349000162, -7.102738894999959 ], [ 110.307373047, -7.102729797999928 ], [ 110.307320791000109, -7.102706342999909 ], [ 110.307309000000146, -7.102701 ], [ 110.307205001000113, -7.102653998999926 ], [ 110.307160582000108, -7.102603702999943 ], [ 110.307136999000193, -7.102576999999883 ], [ 110.307100107000167, -7.102543956999909 ], [ 110.307022001000121, -7.102473998999869 ], [ 110.306978334000121, -7.102451784999914 ], [ 110.306907655000032, -7.10241556099993 ], [ 110.3068008420002, -7.102309703999879 ], [ 110.306756553000184, -7.102254387999949 ], [ 110.306593583000165, -7.102050839999947 ], [ 110.306327820000149, -7.101718902999949 ], [ 110.306251527000143, -7.101651191999849 ], [ 110.30609130900018, -7.101579188999949 ], [ 110.305931092000151, -7.101571083999943 ], [ 110.305736880000097, -7.101623810999968 ], [ 110.30564094000016, -7.101617959999942 ], [ 110.305620130000193, -7.101604312999939 ], [ 110.305603827000198, -7.101593487999935 ], [ 110.305580140000075, -7.101577758999895 ], [ 110.30552321000016, -7.101519715999871 ], [ 110.305504061000079, -7.101500191999946 ], [ 110.305458069, -7.101453303999904 ], [ 110.305412135000097, -7.101441533999889 ], [ 110.305361836000145, -7.101428644999885 ], [ 110.30522918600019, -7.101394652999943 ], [ 110.305137824000099, -7.101400362999868 ], [ 110.305127, -7.101401 ], [ 110.305077, -7.101403999999889 ], [ 110.304993000000195, -7.101240998999913 ], [ 110.304885666000189, -7.100914621999834 ], [ 110.304702612000142, -7.100161106999906 ], [ 110.304630867000128, -7.099865410999882 ], [ 110.304611205000128, -7.099784374999842 ], [ 110.304644453000037, -7.099715355999876 ], [ 110.304687511000054, -7.099625972999945 ], [ 110.30471800000015, -7.099563 ], [ 110.304776226000172, -7.09947602599982 ], [ 110.304878235, -7.099324225999965 ], [ 110.304898823000087, -7.099285192999901 ], [ 110.304921572000126, -7.099242063999895 ], [ 110.304969787000118, -7.099150657999871 ], [ 110.304954529000099, -7.099062441999877 ], [ 110.304885865000074, -7.098999975999959 ], [ 110.304771423000034, -7.098975181999947 ], [ 110.304759730000058, -7.098972745999902 ], [ 110.304725923000035, -7.098965702999976 ], [ 110.304611205000128, -7.098941802999946 ], [ 110.3045541460001, -7.098930173999975 ], [ 110.304485577000037, -7.098916199999962 ], [ 110.304436, -7.098905999999886 ], [ 110.304267742000036, -7.098761656999955 ], [ 110.304142554000123, -7.098595891999935 ], [ 110.304122949000202, -7.098569902999884 ], [ 110.303841, -7.098035999999865 ], [ 110.303543123, -7.097431250999932 ], [ 110.30353801800004, -7.097422361999975 ], [ 110.303474426000093, -7.097311886999876 ], [ 110.303329153000107, -7.097059836999904 ], [ 110.303348122000159, -7.097039644999938 ], [ 110.303421548000188, -7.096961043999897 ], [ 110.303588867000087, -7.096781729999975 ], [ 110.303657532000159, -7.096707343999981 ], [ 110.30383300800014, -7.096463679999886 ], [ 110.303856912000128, -7.096408205999978 ], [ 110.303947449000077, -7.096198081999944 ], [ 110.304008484000065, -7.095996856999875 ], [ 110.304008484000065, -7.095501421999927 ], [ 110.304005302000178, -7.095378491999895 ], [ 110.304002593, -7.095273864999854 ], [ 110.304000999000095, -7.095206998999913 ], [ 110.303841, -7.094443 ], [ 110.303832509000188, -7.094349610999927 ], [ 110.303828446000068, -7.094302751999976 ], [ 110.303825378, -7.094267368999965 ], [ 110.303853795000123, -7.094233623999912 ], [ 110.303868798000053, -7.094215807999944 ], [ 110.303901672000109, -7.094176769999933 ], [ 110.303962707000096, -7.094077587999891 ], [ 110.303962707000096, -7.093949316999954 ], [ 110.303956998000046, -7.093852968999954 ], [ 110.303955079, -7.093820570999867 ], [ 110.303929040000071, -7.093645079999931 ], [ 110.303922, -7.093631 ], [ 110.303878978, -7.093545592999931 ], [ 110.303874194000173, -7.093454682999948 ], [ 110.303871155000138, -7.093394277999948 ], [ 110.303864395000119, -7.093372206999959 ], [ 110.303841, -7.093294999999898 ], [ 110.30383300800014, -7.093148708999877 ], [ 110.303833001000044, -7.092997040999933 ], [ 110.303795001000083, -7.09290899999985 ], [ 110.303775997000116, -7.092832989999977 ], [ 110.303756904000011, -7.092756587999929 ], [ 110.303739246000191, -7.092680259999952 ], [ 110.303726196000184, -7.092622756999958 ], [ 110.303726196000184, -7.092453478999971 ], [ 110.303716138000027, -7.092284682999946 ], [ 110.303711016000136, -7.092197288999955 ], [ 110.303749084000117, -7.092135906999943 ], [ 110.303763276000041, -7.09211369399992 ], [ 110.303923717000089, -7.09186300399989 ], [ 110.304105869000068, -7.091631946999939 ], [ 110.304154445000165, -7.091570511999919 ], [ 110.304183960000046, -7.091533183999957 ], [ 110.304275164000103, -7.091363125999919 ], [ 110.304348465000032, -7.091226450999898 ], [ 110.304367066000054, -7.091191767999874 ], [ 110.304542542000036, -7.090821264999931 ], [ 110.304580890000182, -7.090651356999899 ], [ 110.304587173000073, -7.090623517999916 ], [ 110.304611205000128, -7.090517042999977 ], [ 110.304656982000097, -7.090307235999944 ], [ 110.305114742000114, -7.089602396999908 ], [ 110.30511160500015, -7.089530130999947 ], [ 110.305109224000034, -7.089475303999961 ], [ 110.30509948800011, -7.089251040999955 ], [ 110.305084229000158, -7.088800429999878 ], [ 110.305091674000153, -7.088710620999905 ], [ 110.305100655000103, -7.088602281999954 ], [ 110.305114746000129, -7.088432310999906 ], [ 110.305091858000196, -7.088256359999889 ], [ 110.305088076000061, -7.088220194999963 ], [ 110.305084229000158, -7.088183403999892 ], [ 110.305083279000087, -7.088161724999964 ], [ 110.305081642000061, -7.088124379999897 ], [ 110.305076599000074, -7.088009357999965 ], [ 110.305008135000094, -7.087803015999953 ], [ 110.304964361000202, -7.087671083999965 ], [ 110.304939269999977, -7.087595461999854 ], [ 110.304929041000094, -7.087536489999934 ], [ 110.304922872000077, -7.087500925999848 ], [ 110.304905137000105, -7.087411982999924 ], [ 110.3048172, -7.087228773999868 ], [ 110.304730197000197, -7.087011966999967 ], [ 110.304723760000115, -7.08699235399996 ], [ 110.304702821000035, -7.086926557999902 ], [ 110.304656982000097, -7.086558817999958 ], [ 110.304654324000012, -7.086547895999956 ], [ 110.304636867999989, -7.086476156999879 ], [ 110.3045939980002, -7.086300992999952 ], [ 110.304578478000167, -7.086245187999964 ], [ 110.304466248000097, -7.085841654999967 ], [ 110.304472621, -7.085821873999919 ], [ 110.304490545000078, -7.085766232999958 ], [ 110.304511999000056, -7.0857 ], [ 110.304564104, -7.085609863999878 ], [ 110.304649354000162, -7.085463046999962 ], [ 110.304675240000165, -7.085409548999905 ], [ 110.304702659000043, -7.085352880999949 ], [ 110.304763794000053, -7.085226534999947 ], [ 110.304797861000111, -7.085039171999881 ], [ 110.304805523000198, -7.084997031999876 ], [ 110.3048172, -7.084932803999891 ], [ 110.304811776000122, -7.08490966699992 ], [ 110.304801509000072, -7.084865868999941 ], [ 110.3047869990001, -7.084802998999976 ], [ 110.30468, -7.084672999999896 ], [ 110.304466000000104, -7.084519 ], [ 110.304275854000139, -7.084371682999915 ], [ 110.304248261999987, -7.084311154999966 ], [ 110.304214479000166, -7.084235668999952 ], [ 110.304222107000044, -7.084128378999935 ], [ 110.304243357000075, -7.084088536999957 ], [ 110.304248904000076, -7.084078136999949 ], [ 110.304267884000012, -7.084042549999936 ], [ 110.304435729000147, -7.083820819999971 ], [ 110.304432903000077, -7.083754936999981 ], [ 110.304430235000041, -7.083692723999945 ], [ 110.304420471000128, -7.083465097999976 ], [ 110.30439605000015, -7.083447436999904 ], [ 110.304344643000093, -7.083410258999947 ], [ 110.304314001000023, -7.083387998999967 ], [ 110.30429039500001, -7.08336531499998 ], [ 110.304237365000063, -7.083313940999972 ], [ 110.304008484000065, -7.083165645999941 ], [ 110.303766914000164, -7.082983604999981 ], [ 110.303741146000164, -7.082964108999874 ], [ 110.303723962000163, -7.082946893999974 ], [ 110.303490000000181, -7.082712 ], [ 110.303409, -7.0826 ], [ 110.303400519000149, -7.082588283999883 ], [ 110.303291321000131, -7.082436561999941 ], [ 110.303152204000071, -7.082133796999926 ], [ 110.303122829000074, -7.082069866999973 ], [ 110.303077698000152, -7.081971644999953 ], [ 110.303041570000175, -7.081897528999946 ], [ 110.302897482000162, -7.081601938999881 ], [ 110.302817919000063, -7.081439670999885 ], [ 110.302746114000058, -7.08114670599997 ], [ 110.302742, -7.08113 ], [ 110.302658220000069, -7.081062303999943 ], [ 110.302474975000109, -7.08094072199998 ], [ 110.301803588000041, -7.080611228999885 ], [ 110.301490784000123, -7.080442905999917 ], [ 110.301246642000194, -7.080273150999915 ], [ 110.301139832000047, -7.080121515999963 ], [ 110.301086425000165, -7.079965113999833 ], [ 110.301086425000165, -7.079807758999948 ], [ 110.301147460000152, -7.079534053999964 ], [ 110.301223754000034, -7.079365730999882 ], [ 110.301391602000081, -7.079221723999979 ], [ 110.301574707000043, -7.079148767999868 ], [ 110.301780700000108, -7.079142569999874 ], [ 110.302124023000033, -7.079205035999905 ], [ 110.302406311000084, -7.079258917999937 ], [ 110.302513122000164, -7.079279898999971 ], [ 110.303039551000097, -7.079276561999961 ], [ 110.303146361000074, -7.079220293999924 ], [ 110.303222657000163, -7.079116343999942 ], [ 110.303230285000097, -7.079010008999944 ], [ 110.303184510000108, -7.078856466999923 ], [ 110.303031921000184, -7.078403948999892 ], [ 110.303001404000042, -7.077912807999951 ], [ 110.302993774000129, -7.077675818999865 ], [ 110.302963256999988, -7.077323912999873 ], [ 110.302917480000019, -7.076863765999974 ], [ 110.302841187000013, -7.076511859999925 ], [ 110.302764893000131, -7.076404094999873 ], [ 110.302612304000036, -7.07631063499997 ], [ 110.302467347000174, -7.076245784999912 ], [ 110.302116393000119, -7.076130388999957 ], [ 110.302001953000058, -7.076029299999959 ], [ 110.301979064000193, -7.075935839999943 ], [ 110.301979064000193, -7.075820921999934 ], [ 110.301971436000088, -7.075677394999957 ], [ 110.301971436000088, -7.075505256999861 ], [ 110.301994325000123, -7.07521772399997 ], [ 110.301979064000193, -7.075031279999962 ], [ 110.301925659000119, -7.074923514999966 ], [ 110.301856996000026, -7.074830055999939 ], [ 110.301727295000035, -7.074707507999847 ], [ 110.301612854000098, -7.074592589999952 ], [ 110.301513672000056, -7.074369428999944 ], [ 110.301498414000037, -7.07421159699993 ], [ 110.301498414000037, -7.074103831999878 ], [ 110.301605224000184, -7.073639392999951 ], [ 110.301742553000054, -7.073271274999911 ], [ 110.301826477000077, -7.073084353999946 ], [ 110.301895141999978, -7.072847842999977 ], [ 110.3019104010001, -7.072740077999924 ], [ 110.30184936500001, -7.072632312999929 ], [ 110.301765442000089, -7.072610376999876 ], [ 110.301666259000172, -7.072603225999899 ], [ 110.301536561000091, -7.072617053999977 ], [ 110.301422118000119, -7.07263135799991 ], [ 110.301284789000022, -7.072653770999977 ], [ 110.301216126000156, -7.072562694999931 ], [ 110.301025392000156, -7.072510241999964 ], [ 110.300910949000183, -7.072496890999901 ], [ 110.300727845000154, -7.072508334999952 ], [ 110.300735473000088, -7.072371959999941 ], [ 110.300758362000067, -7.07227134599998 ], [ 110.300819397000055, -7.072062968999944 ], [ 110.300956726000152, -7.071467397999811 ], [ 110.300979615000188, -7.071216105999952 ], [ 110.300964356000065, -7.071057795999934 ], [ 110.300918579000097, -7.070914267999967 ], [ 110.300811767000141, -7.070813654999881 ], [ 110.300727845000154, -7.070727347999934 ], [ 110.300651550000111, -7.070626258999937 ], [ 110.300636291000046, -7.070389269999964 ], [ 110.300636291000046, -7.070267199999876 ], [ 110.300712585000099, -7.070087908999881 ], [ 110.300827027000196, -7.069815157999869 ], [ 110.301170349000188, -7.069233893999922 ], [ 110.301353455000026, -7.068946837999874 ], [ 110.3014068600001, -7.068774699999949 ], [ 110.301414490000013, -7.068559168999968 ], [ 110.301383971000064, -7.068422792999968 ], [ 110.301292419000163, -7.068228720999969 ], [ 110.301155090000066, -7.068084716999977 ], [ 110.301010131000055, -7.067998407999937 ], [ 110.300712585000099, -7.067861556999958 ], [ 110.300514221000071, -7.06780385899998 ], [ 110.300361633000023, -7.067774772999883 ], [ 110.300109864000092, -7.06776714199998 ], [ 110.299880981000058, -7.067766666999944 ], [ 110.299690247000115, -7.067651748999936 ], [ 110.299514771000133, -7.067627430999949 ], [ 110.299354553, -7.067659376999927 ], [ 110.299179078000179, -7.06765079399986 ], [ 110.299156189000144, -7.067564487999903 ], [ 110.299148559000059, -7.067406652999978 ], [ 110.299179078000179, -7.067234039999903 ], [ 110.299232483000026, -7.067126749999943 ], [ 110.299369812000123, -7.066817759999935 ], [ 110.299575806000121, -7.066452025999979 ], [ 110.299674988000163, -7.066287039999906 ], [ 110.299842834, -7.066064357999949 ], [ 110.300071717000037, -7.065777778999973 ], [ 110.300399780000077, -7.065462111999977 ], [ 110.300651550000111, -7.065232753999965 ], [ 110.300758362000067, -7.065002917999948 ], [ 110.300796509000122, -7.064837932999978 ], [ 110.300804139000036, -7.064708708999945 ], [ 110.300765992000038, -7.06458663799998 ], [ 110.30068969600012, -7.064528942999914 ], [ 110.300575256000059, -7.064471244999936 ], [ 110.300453185000151, -7.064413547999948 ], [ 110.300346375, -7.06435584999997 ], [ 110.300125122000111, -7.064248084999974 ], [ 110.299942016000045, -7.06414699499993 ], [ 110.299850464000087, -7.064060687999927 ], [ 110.299545288000104, -7.063665389999869 ], [ 110.299392700000055, -7.0633921619999 ], [ 110.299186706000057, -7.062975405999907 ], [ 110.298965455000143, -7.062335489999896 ], [ 110.298858643000017, -7.062036990999957 ], [ 110.298675537000179, -7.06168460799995 ], [ 110.298629759999983, -7.061619758999939 ], [ 110.298538208000082, -7.061562538999965 ], [ 110.298400879000155, -7.061511993999943 ], [ 110.298255920000145, -7.061475752999968 ], [ 110.298126221000189, -7.061460971999907 ], [ 110.297950745000037, -7.06140994999987 ], [ 110.297836304999976, -7.061468124999976 ], [ 110.297645569, -7.061467646999915 ], [ 110.297523498000146, -7.061474799999928 ], [ 110.297409056999982, -7.061467169999901 ], [ 110.297294617000091, -7.061438560999932 ], [ 110.297203062999984, -7.06135749699996 ], [ 110.297111511000082, -7.061215399999924 ], [ 110.297027587000059, -7.060964105999915 ], [ 110.296905519000063, -7.060475347999898 ], [ 110.296775818000071, -7.059728145999884 ], [ 110.296752929000036, -7.059526920999929 ], [ 110.29668426600017, -7.059397697999827 ], [ 110.296638489000202, -7.059325693999881 ], [ 110.296516418000124, -7.059311388999959 ], [ 110.296432494000101, -7.059296607999897 ], [ 110.296340942000143, -7.059310912999933 ], [ 110.296218872, -7.059324741999831 ], [ 110.295944214000201, -7.059389589999967 ], [ 110.29574584900007, -7.059410570999887 ], [ 110.295516969000118, -7.05938863699987 ], [ 110.295280457000104, -7.059300422999968 ], [ 110.295204162000061, -7.059251785999834 ], [ 110.29511261000016, -7.059129714999926 ], [ 110.29505157400007, -7.059057711999912 ], [ 110.295021058000202, -7.058964251999953 ], [ 110.294975281000063, -7.05886363999997 ], [ 110.29489135700004, -7.058741568999892 ], [ 110.294754028000114, -7.058590411999887 ], [ 110.294448853, -7.058295725999926 ], [ 110.294082642000035, -7.057878493999965 ], [ 110.293960571000127, -7.057670116999873 ], [ 110.29389953600014, -7.057418346999896 ], [ 110.293907166000054, -7.05730342899983 ], [ 110.293960571000127, -7.057131290999962 ], [ 110.293975829000146, -7.056951522999952 ], [ 110.293945313000108, -7.056685922999975 ], [ 110.293876647000104, -7.056527612999957 ], [ 110.293739318, -7.05638408599998 ], [ 110.293601989000138, -7.056297779999909 ], [ 110.293426513000156, -7.056210993999969 ], [ 110.293243407000091, -7.056138991999944 ], [ 110.293006896000179, -7.056059835999974 ], [ 110.292617798000151, -7.055973051999956 ], [ 110.29228210500014, -7.055893420999951 ], [ 110.292190553000069, -7.055812358999901 ], [ 110.291984558000138, -7.055620192999982 ], [ 110.29192352300015, -7.055433271999902 ], [ 110.291908265000131, -7.055203437999978 ], [ 110.2919540420001, -7.054987905999894 ], [ 110.292037963000041, -7.054808616999821 ], [ 110.292129517000149, -7.054650782999886 ], [ 110.292358397999976, -7.054428099999939 ], [ 110.292579651000096, -7.054242133999935 ], [ 110.292877197, -7.05406284299994 ], [ 110.293220521000194, -7.053869245999977 ], [ 110.293334961000028, -7.053804872999876 ], [ 110.293472290000125, -7.053798197999981 ], [ 110.293617249000135, -7.053841114999955 ], [ 110.293731690000129, -7.053920268999946 ], [ 110.293830872000115, -7.054057119999925 ], [ 110.293907166000054, -7.054200648999938 ], [ 110.293968201000041, -7.054324149999957 ], [ 110.294029236000199, -7.054409503999921 ], [ 110.294090272000119, -7.054452418999915 ], [ 110.294197082000039, -7.054460048999943 ], [ 110.2943115220001, -7.054424284999925 ], [ 110.294418335000159, -7.054345130999934 ], [ 110.294479370000147, -7.054237842999953 ], [ 110.294487, -7.054165839999939 ], [ 110.294471740000063, -7.054058074999887 ], [ 110.294448853, -7.05397176799994 ], [ 110.294403076000037, -7.053842544999895 ], [ 110.294334411000136, -7.053705690999948 ], [ 110.294029236000199, -7.053339003999895 ], [ 110.293457032000106, -7.052634237999939 ], [ 110.292945861000192, -7.052217005999978 ], [ 110.292716980000193, -7.052015781999955 ], [ 110.292457580000189, -7.05195045399995 ], [ 110.292358397999976, -7.051947115999951 ], [ 110.292236328, -7.051943300999881 ], [ 110.291931153000064, -7.051992892999976 ], [ 110.291542053000057, -7.052093027999945 ], [ 110.291198731000065, -7.052128314999891 ], [ 110.290847778000057, -7.052113533999943 ], [ 110.290702820000149, -7.05204152999994 ], [ 110.290649413000097, -7.051987647999908 ], [ 110.290435791000164, -7.051775454999927 ], [ 110.290176390999989, -7.051652906999948 ], [ 110.289993285000151, -7.051587581999854 ], [ 110.289863586000138, -7.051537513999961 ], [ 110.289398194, -7.051148890999968 ], [ 110.289169311000194, -7.050976275999972 ], [ 110.288825988000099, -7.050844668999957 ], [ 110.288581849000082, -7.050752639999871 ], [ 110.287895202000186, -7.050571918999935 ], [ 110.287704468000015, -7.050521373999914 ], [ 110.287536622000175, -7.050542829999927 ], [ 110.287429810000049, -7.050600052999926 ], [ 110.287315369000055, -7.050779341999942 ], [ 110.287002563000158, -7.051137922999942 ], [ 110.286804200000176, -7.051432131999945 ], [ 110.286643983000147, -7.051774500999954 ], [ 110.286491393000119, -7.05191993699998 ], [ 110.286125184000127, -7.052092074999962 ], [ 110.285896301000093, -7.052155970999877 ], [ 110.285774232, -7.052163123999946 ], [ 110.285636901000089, -7.052114485999937 ], [ 110.285545349000188, -7.052054880999947 ], [ 110.285354615000017, -7.051896570999929 ], [ 110.285179139000093, -7.051738260999969 ], [ 110.284484864000092, -7.051112651999972 ], [ 110.284187318000193, -7.050842283999827 ], [ 110.28402710000006, -7.05060148299998 ], [ 110.283920288000104, -7.050455093999915 ], [ 110.283737182000039, -7.050219057999925 ], [ 110.283386230000133, -7.049785614999962 ], [ 110.283157349000135, -7.049365996999882 ], [ 110.282905578000168, -7.049514769999917 ], [ 110.282585145000041, -7.049701212999935 ], [ 110.281997680000188, -7.050009249999903 ], [ 110.281494141000167, -7.050083160999975 ], [ 110.281097413000055, -7.05006885499995 ], [ 110.280738831, -7.049987316999875 ], [ 110.280601502000138, -7.049901484999964 ], [ 110.280380249000018, -7.049851894999961 ], [ 110.2800674450001, -7.049781321999944 ], [ 110.279670716000055, -7.04967021899995 ], [ 110.279350281000063, -7.049612998999976 ], [ 110.278762816000039, -7.049434660999964 ], [ 110.27857971200018, -7.049395083999968 ], [ 110.278320313000108, -7.049277305999908 ], [ 110.277885437, -7.049276827999961 ], [ 110.277626038000164, -7.04945897999994 ], [ 110.277297973000088, -7.049445150999929 ], [ 110.276664733000075, -7.049365996999882 ], [ 110.276535034000119, -7.049375532999875 ], [ 110.27629852299998, -7.049209117999965 ], [ 110.275711060000162, -7.048973558999933 ], [ 110.275123596000014, -7.04879045499996 ], [ 110.274879456000065, -7.04872464999994 ], [ 110.2745895380001, -7.048724174999961 ], [ 110.274291992000144, -7.048919200999933 ], [ 110.273963929000104, -7.049270629999967 ], [ 110.273727418000135, -7.049557208999886 ], [ 110.273727418000135, -7.049674509999932 ], [ 110.273674009999979, -7.05024766899993 ], [ 110.273063659000059, -7.050390242999981 ], [ 110.272659302000079, -7.050519943999973 ], [ 110.272239685000045, -7.050571441999978 ], [ 110.271766663, -7.050583839999945 ], [ 110.271415710000042, -7.050621985999896 ], [ 110.270973206000178, -7.050712585999918 ], [ 110.27076721200018, -7.050707817999978 ], [ 110.270774842000094, -7.050552367999899 ], [ 110.270614624000189, -7.050365923999948 ], [ 110.27052307200006, -7.050218104999942 ], [ 110.270355225000117, -7.049935341999912 ], [ 110.270225526000104, -7.049770353999975 ], [ 110.270164491000116, -7.049677371999962 ], [ 110.270195006999984, -7.049576759999923 ], [ 110.270126344000118, -7.04943609299994 ], [ 110.270118713999977, -7.049152374999892 ], [ 110.269821167000146, -7.048626899999931 ], [ 110.26971435500019, -7.04848051099998 ], [ 110.269462585000156, -7.047966001999953 ], [ 110.269462585000156, -7.047832965999874 ], [ 110.269439697000053, -7.04737234199996 ], [ 110.269348145000095, -7.047219276999897 ], [ 110.269203186000084, -7.046875475999968 ], [ 110.269157409000115, -7.046652792999907 ], [ 110.269126892000202, -7.046508788999915 ], [ 110.26914978100001, -7.046358108999868 ], [ 110.269241333000139, -7.046040056999971 ], [ 110.269424439000034, -7.04574346499993 ], [ 110.269447327000137, -7.045611858999962 ], [ 110.269622803000061, -7.045109270999944 ], [ 110.26971435500019, -7.044864176999909 ], [ 110.269912719000104, -7.044619559999944 ], [ 110.27008056700015, -7.044275760999881 ], [ 110.270164491000116, -7.044122218999973 ], [ 110.270210266000106, -7.044034479999937 ], [ 110.270317078000062, -7.043925284999943 ], [ 110.270416260000104, -7.043815134999875 ], [ 110.270500184000127, -7.043517588999975 ], [ 110.270629883000083, -7.043153285999949 ], [ 110.270721435000041, -7.043087958999934 ], [ 110.270805358000132, -7.042827605999889 ], [ 110.271545410000101, -7.041197776999866 ], [ 110.271911620000196, -7.040066241999966 ], [ 110.271980286000201, -7.039884090999976 ], [ 110.272018433000085, -7.039636133999977 ], [ 110.271957397000165, -7.039232252999966 ], [ 110.271942139000146, -7.039023875999931 ], [ 110.271888734000072, -7.038736819999883 ], [ 110.271888734000072, -7.03860664299998 ], [ 110.271942139000146, -7.038345813999968 ], [ 110.272232055000131, -7.037837981999871 ], [ 110.272430420000148, -7.037460326999962 ], [ 110.272430420000148, -7.037291048999919 ], [ 110.272399903000178, -7.037199974999908 ], [ 110.272285462000013, -7.037134169999888 ], [ 110.272247314000083, -7.037069320999933 ], [ 110.272216797000112, -7.036912918999974 ], [ 110.27233886800019, -7.036769389999904 ], [ 110.27233886800019, -7.036587238999971 ], [ 110.272010802000068, -7.036404132999962 ], [ 110.271804810000049, -7.036221503999968 ], [ 110.271423340000126, -7.036064146999934 ], [ 110.271270752000078, -7.035870552999882 ], [ 110.271194459000071, -7.035842418999948 ], [ 110.270957948000159, -7.035568235999904 ], [ 110.270957948000159, -7.035307883999963 ], [ 110.271217345000025, -7.03496932999991 ], [ 110.271636962, -7.034826755999859 ], [ 110.272094726000091, -7.034931658999938 ], [ 110.272575379000159, -7.035166739999909 ], [ 110.273071289000143, -7.035376071999906 ], [ 110.2734069830002, -7.035376548999977 ], [ 110.273712157000034, -7.03522062199994 ], [ 110.273864747000061, -7.034908294999923 ], [ 110.273864747000061, -7.034530161999896 ], [ 110.273803711000141, -7.034139155999981 ], [ 110.273651124000082, -7.033895492999875 ], [ 110.273574828000164, -7.033702373999972 ], [ 110.27333068900009, -7.033545493999895 ], [ 110.272987366000052, -7.033531665999817 ], [ 110.272598267000092, -7.033648490999951 ], [ 110.272293091000051, -7.033792017999929 ], [ 110.272216797000112, -7.033766268999955 ], [ 110.272087098000156, -7.033803938999938 ], [ 110.271957397000165, -7.033803938999938 ], [ 110.271682739000198, -7.033673286999885 ], [ 110.271438598000145, -7.033477305999952 ], [ 110.271278381000116, -7.033226013999922 ], [ 110.271354676000101, -7.033176898999955 ], [ 110.271331788000168, -7.033073423999895 ], [ 110.271385193000071, -7.032917021999936 ], [ 110.271675109000057, -7.032865046999973 ], [ 110.271804810000049, -7.032773969999937 ], [ 110.271774291000099, -7.032617567999921 ], [ 110.271606446000192, -7.032252310999922 ], [ 110.271560669, -7.032093524999937 ], [ 110.271888734000072, -7.031987190999928 ], [ 110.272262574000081, -7.031987665999964 ], [ 110.272476196000184, -7.032047748999958 ], [ 110.272514343000068, -7.031940460999976 ], [ 110.272499085000049, -7.031785488999844 ], [ 110.27230834900007, -7.031380651999939 ], [ 110.272148131000108, -7.030892371999926 ], [ 110.272048949000123, -7.030023097999958 ], [ 110.272026063000169, -7.029918193999947 ], [ 110.27214050300006, -7.029887674999941 ], [ 110.27214050300006, -7.029744624999978 ], [ 110.271957397000165, -7.029431342999942 ], [ 110.271934509000062, -7.029328822999958 ], [ 110.272010802000068, -7.028981207999891 ], [ 110.272216797000112, -7.028672217999883 ], [ 110.272354126000039, -7.028374670999881 ], [ 110.272201539000093, -7.028291224999919 ], [ 110.271820068000068, -7.028302667999981 ], [ 110.271652221000124, -7.028212546999953 ], [ 110.271553041000118, -7.027469158999907 ], [ 110.271606446000192, -7.027052401999981 ], [ 110.271850585000038, -7.026754855999968 ], [ 110.272064210000053, -7.026701927999966 ], [ 110.272293091000051, -7.026511668999945 ], [ 110.272209167000199, -7.02619028099997 ], [ 110.271713256000112, -7.025427340999897 ], [ 110.270866394000052, -7.024599074999969 ], [ 110.271270752000078, -7.024725437999848 ], [ 110.271598816000051, -7.024725912999884 ], [ 110.271888734000072, -7.024635313999852 ], [ 110.271926881000127, -7.024439811999912 ], [ 110.271812438000154, -7.024204730999941 ], [ 110.271560669, -7.02378749899998 ], [ 110.271438598000145, -7.02360677799993 ], [ 110.271057130000202, -7.02314805899988 ], [ 110.270828247000168, -7.023008346999973 ], [ 110.270889282000155, -7.022825240999907 ], [ 110.271438598000145, -7.022314071999972 ], [ 110.27233886800019, -7.02099561599988 ], [ 110.272399903000178, -7.020937919999881 ], [ 110.272743224000067, -7.020567892999907 ], [ 110.273132325, -7.020550726999943 ], [ 110.273574828000164, -7.020501612999965 ], [ 110.273895263000099, -7.020403862999956 ], [ 110.274299622000058, -7.02017307199992 ], [ 110.274452209000174, -7.020031452999945 ], [ 110.274642945000153, -7.019775865999918 ], [ 110.274719239000035, -7.019617555999901 ], [ 110.274765014000195, -7.019532203999859 ], [ 110.274787902000128, -7.019427776999919 ], [ 110.274856568000132, -7.019342422999955 ], [ 110.274826049000183, -7.019045351999978 ], [ 110.274528503000113, -7.018508433999955 ], [ 110.274314880000077, -7.018044471999929 ], [ 110.274215698000035, -7.017669199999887 ], [ 110.273948670000152, -7.016935347999947 ], [ 110.273567200000059, -7.015920637999898 ], [ 110.273483276000036, -7.015566348999926 ], [ 110.273468018000187, -7.015459060999888 ], [ 110.27337646400008, -7.015270231999978 ], [ 110.273368836000145, -7.015007019999871 ], [ 110.273559570000145, -7.014405726999883 ], [ 110.27368927100008, -7.014114855999878 ], [ 110.274681092000037, -7.012436389999834 ], [ 110.274772644000109, -7.012244700999872 ], [ 110.27494812000009, -7.011780260999899 ], [ 110.275009155000077, -7.011959074999936 ], [ 110.275077821000082, -7.012076377999961 ], [ 110.275245665999989, -7.012141703999873 ], [ 110.275299072000166, -7.012076377999961 ], [ 110.275390625, -7.011966227999835 ], [ 110.275421142000141, -7.012125967999907 ], [ 110.275543213000049, -7.01234960499994 ], [ 110.275642395000034, -7.012436866999963 ], [ 110.275718689000144, -7.012344837999876 ], [ 110.275962830000196, -7.011888980999913 ], [ 110.276008607000165, -7.011818407999954 ], [ 110.276100159000123, -7.011794566999924 ], [ 110.276237488, -7.011821745999953 ], [ 110.283981323000091, -7.012725829999965 ], [ 110.284156799000016, -7.012694833999888 ], [ 110.284324647000062, -7.012726305999934 ], [ 110.284538269000166, -7.012741088999974 ], [ 110.28471374500009, -7.012840270999959 ], [ 110.28476715, -7.01294374399987 ], [ 110.284797669000113, -7.013078211999925 ], [ 110.284820557000046, -7.013222693999978 ], [ 110.284851074000187, -7.013305187999947 ], [ 110.28493499800004, -7.013346671999898 ], [ 110.285072327000137, -7.013352869999892 ], [ 110.285202026000093, -7.013347149999959 ], [ 110.285446167000146, -7.013357639999924 ], [ 110.285667420000038, -7.01335811499996 ], [ 110.285835265000173, -7.013430595999921 ], [ 110.286079407000159, -7.013648033999971 ], [ 110.286262512000121, -7.013864993999903 ], [ 110.286422730000197, -7.013988971999936 ], [ 110.286712646000012, -7.014051437999967 ], [ 110.287033081000175, -7.014134406999972 ], [ 110.287246703999983, -7.01413488399993 ], [ 110.287475587000188, -7.01410436499998 ], [ 110.287567139000146, -7.014021873999923 ], [ 110.287742614000194, -7.014022348999958 ], [ 110.288063049000129, -7.01413631399987 ], [ 110.288360596000132, -7.014322280999977 ], [ 110.288490295000145, -7.014369964999958 ], [ 110.288619995000033, -7.014500140999871 ], [ 110.288658142000088, -7.014709948999894 ], [ 110.289016724000078, -7.014880178999874 ], [ 110.289382934000173, -7.014949797999975 ], [ 110.289581298000087, -7.014900206999926 ], [ 110.289840698000035, -7.014750002999961 ], [ 110.290435791000164, -7.014875888999882 ], [ 110.291015625000171, -7.014954566999904 ], [ 110.291496278000068, -7.015033720999952 ], [ 110.291915893000066, -7.015229702999932 ], [ 110.292671203, -7.01546573599984 ], [ 110.293243407000091, -7.015639781999937 ], [ 110.293586731000119, -7.015841960999978 ], [ 110.293495179000161, -7.016619682999931 ], [ 110.293304443000181, -7.017878531999884 ], [ 110.293212891000053, -7.018573283999899 ], [ 110.293098450000116, -7.019249438999907 ], [ 110.292976380000141, -7.020139692999919 ], [ 110.292938233000086, -7.020497799999816 ], [ 110.292907714000137, -7.020835397999861 ], [ 110.292961121000019, -7.021421907999979 ], [ 110.292907714000137, -7.021734714999923 ], [ 110.292892456000118, -7.022047519999944 ], [ 110.293922424000073, -7.022217749999925 ], [ 110.294654846000128, -7.022302149999973 ], [ 110.295433045000095, -7.022355556999969 ], [ 110.295860290000178, -7.022481917999926 ], [ 110.295944214000201, -7.022579669999914 ], [ 110.295982361000085, -7.022900579999941 ], [ 110.296096801000147, -7.022884845999954 ], [ 110.296173095000029, -7.022879123999928 ], [ 110.296249390000071, -7.022914409999942 ], [ 110.296440124000014, -7.022980213999972 ], [ 110.296699524000189, -7.023039816999926 ], [ 110.29698181200007, -7.023119924999946 ], [ 110.297332764000146, -7.02326011699995 ], [ 110.297462463000159, -7.023379801999965 ], [ 110.297622680000188, -7.023499965999974 ], [ 110.297782898000094, -7.023509978999925 ], [ 110.297973634000073, -7.023468493999928 ], [ 110.298393249000071, -7.023302078999961 ], [ 110.298759461000145, -7.023124694999979 ], [ 110.299751282000102, -7.022964 ], [ 110.300239563000048, -7.022964477999892 ], [ 110.300987243000122, -7.023059844999977 ], [ 110.301628113000049, -7.023186205999934 ], [ 110.301956178000069, -7.023312568999927 ], [ 110.302490235000107, -7.023355005999974 ], [ 110.303260804000047, -7.023376941999913 ], [ 110.304168702000197, -7.023346900999911 ], [ 110.304862977000141, -7.023337840999943 ], [ 110.30525970500014, -7.023283957999922 ], [ 110.305419923000045, -7.02300357699994 ], [ 110.30558776800018, -7.022658347999879 ], [ 110.305755616000056, -7.02239704099992 ], [ 110.305854798000041, -7.022376537999833 ], [ 110.306175233000033, -7.022418499999901 ], [ 110.306625367000152, -7.022523879999937 ], [ 110.307525634000115, -7.022577761999969 ], [ 110.308235169000113, -7.022599695999929 ], [ 110.309082032000106, -7.022632121999948 ], [ 110.309585571000127, -7.022633074999931 ], [ 110.310134888000164, -7.022581576999926 ], [ 110.310508729000105, -7.02250289899996 ], [ 110.310340881000059, -7.022039889999974 ], [ 110.310012818000189, -7.021170138999935 ], [ 110.309959411000136, -7.020919799999888 ], [ 110.309921264000081, -7.020850180999901 ], [ 110.309768677000136, -7.020569800999908 ], [ 110.309661864000134, -7.020309925999925 ], [ 110.309448242000201, -7.019959926999888 ], [ 110.309364318000178, -7.01982641099994 ], [ 110.30960845900006, -7.019718170999965 ], [ 110.310050965000073, -7.01954698499992 ], [ 110.310356139000078, -7.019448280999939 ], [ 110.310737610000103, -7.019331454999929 ], [ 110.311058044000163, -7.019227980999972 ], [ 110.311325074000081, -7.019169329999954 ], [ 110.311485290000178, -7.019161224999891 ], [ 110.311904907000155, -7.019083498999919 ], [ 110.312492371000076, -7.018970012999944 ], [ 110.31309509200014, -7.018892286999915 ], [ 110.313629150000111, -7.018862247999948 ], [ 110.313720704000048, -7.018847941999979 ], [ 110.314079284000059, -7.018834591999962 ], [ 110.314529419000053, -7.018835543999955 ], [ 110.314811706000057, -7.018836021999959 ], [ 110.314987183000085, -7.018831728999885 ], [ 110.315162659000066, -7.018849849999981 ], [ 110.315437317000033, -7.018872737999914 ], [ 110.315696717000037, -7.018913745999953 ], [ 110.315895081000065, -7.018963812999971 ], [ 110.316070557000046, -7.019059179999886 ], [ 110.316192627000191, -7.01916313199996 ], [ 110.316352845000154, -7.019253730999822 ], [ 110.316467284999987, -7.01928567799996 ], [ 110.316757202000076, -7.019412516999978 ], [ 110.316925049000019, -7.019512175999978 ], [ 110.317398071000127, -7.019610880999949 ], [ 110.317993164000029, -7.019781111999919 ], [ 110.318328858000086, -7.019835948999855 ], [ 110.318801880000194, -7.020014761999903 ], [ 110.319389343000182, -7.020178794999879 ], [ 110.319686889000138, -7.020287989999929 ], [ 110.319892883000136, -7.020306110999854 ], [ 110.320228577000194, -7.020204065999849 ], [ 110.320617675000051, -7.020089625999958 ], [ 110.321067811000148, -7.020020961999876 ], [ 110.32135009700005, -7.01990079899997 ], [ 110.32157135000017, -7.019647119999945 ], [ 110.32168579000006, -7.019529818999899 ], [ 110.321746826000094, -7.019466398999896 ], [ 110.321922301000143, -7.019454478999933 ], [ 110.32256317100007, -7.019509790999962 ], [ 110.322937011000079, -7.019577026999912 ], [ 110.323547362000056, -7.019649982999908 ], [ 110.323997497999983, -7.019687174999888 ], [ 110.324874877000013, -7.019760607999899 ], [ 110.325447083000142, -7.019773482999938 ], [ 110.326110840000069, -7.019762514999968 ], [ 110.326751710000167, -7.019751547999874 ], [ 110.327407838000113, -7.019734381999967 ], [ 110.327995301000101, -7.019734858999925 ], [ 110.328330994000112, -7.019723415999977 ], [ 110.328453064000087, -7.019729613999914 ], [ 110.328765869000108, -7.019826887999898 ], [ 110.330276490000131, -7.020164011999896 ], [ 110.331214904000149, -7.020358562999945 ], [ 110.3316879260002, -7.020477293999875 ], [ 110.332015991000048, -7.020568370999968 ], [ 110.332122802000129, -7.020627497999953 ], [ 110.332199097000114, -7.020651339999972 ], [ 110.332679748000203, -7.020838737999952 ], [ 110.333015441000157, -7.020933149999962 ], [ 110.333274841000161, -7.021037101999923 ], [ 110.333503724000138, -7.021152019999931 ], [ 110.333747863000042, -7.021380900999873 ], [ 110.333992004000038, -7.02165126899996 ], [ 110.334220887000072, -7.021838664999905 ], [ 110.33445739800004, -7.02192211199997 ], [ 110.334648132000154, -7.022037506999936 ], [ 110.335014342000079, -7.02214431699997 ], [ 110.33535766600005, -7.022199629999932 ], [ 110.335792541000103, -7.022290228999964 ], [ 110.335899353000059, -7.022279262999973 ], [ 110.336036682000099, -7.022005557999933 ], [ 110.336807251000039, -7.020501136999826 ], [ 110.337188721000132, -7.01971721599989 ], [ 110.337242126000035, -7.019571303999896 ], [ 110.33766937200005, -7.019698141999982 ], [ 110.338134766000167, -7.019832610999913 ], [ 110.338569641, -7.019981860999849 ], [ 110.339080810000098, -7.020076751999966 ], [ 110.339584351000099, -7.020081997999966 ], [ 110.339859009000122, -7.020028114999946 ], [ 110.340377808000142, -7.019919872999935 ], [ 110.340637208000089, -7.019831180999972 ], [ 110.340736390000131, -7.019782543999952 ], [ 110.340858459, -7.019800661999966 ], [ 110.341003418000014, -7.019810199999938 ], [ 110.341125487999989, -7.019737718999977 ], [ 110.341316223000035, -7.019592284999931 ], [ 110.341552734000174, -7.019474028999923 ], [ 110.341842652000196, -7.019433497999955 ], [ 110.342010498000036, -7.019415378999952 ], [ 110.342483520000087, -7.019330024999931 ], [ 110.342582702000129, -7.019330024999931 ], [ 110.342720031000056, -7.019330024999931 ], [ 110.342948914000033, -7.019309996999937 ], [ 110.343132020000098, -7.019299983999929 ], [ 110.344039917000202, -7.019299983999929 ], [ 110.344909668000128, -7.019289970999978 ], [ 110.345283508000136, -7.019309996999937 ], [ 110.346008300000051, -7.019420146999892 ], [ 110.346130371000129, -7.019440172999964 ], [ 110.346351623000146, -7.019460200999958 ], [ 110.346649170000148, -7.019489764999889 ], [ 110.346786499000075, -7.019509790999962 ], [ 110.347618103000116, -7.019730090999872 ], [ 110.347991943000125, -7.019859789999941 ], [ 110.348373413000104, -7.020009993999963 ], [ 110.34883880700005, -7.020130157999972 ], [ 110.349311829000101, -7.020150183999931 ], [ 110.349922181000181, -7.020259855999939 ], [ 110.350502015000188, -7.020319938999933 ], [ 110.350967407000155, -7.020359992999943 ], [ 110.351600647000112, -7.020380018999901 ], [ 110.3518676770002, -7.02041006099995 ], [ 110.352058411000144, -7.020437239999978 ], [ 110.352416992000087, -7.020474433999937 ], [ 110.352729797000109, -7.020526408999956 ], [ 110.353096009000012, -7.020607471999938 ], [ 110.353446961000145, -7.020740508999893 ], [ 110.353607178000118, -7.0208220479999 ], [ 110.353851317000192, -7.020929812999952 ], [ 110.354187013000058, -7.02111005799992 ], [ 110.35431671200007, -7.021169185999952 ], [ 110.354469299000129, -7.021254062999958 ], [ 110.354660035000109, -7.020912168999928 ], [ 110.354980468000065, -7.020445822999932 ], [ 110.355392457000164, -7.019990443999916 ], [ 110.355636596000181, -7.019731520999926 ], [ 110.355895996000186, -7.019431589999954 ], [ 110.355957031000173, -7.019244670999967 ], [ 110.355957031000173, -7.019037723999872 ], [ 110.355903626000099, -7.018902777999926 ], [ 110.355865479000045, -7.018628119999903 ], [ 110.355918884000118, -7.018503665999845 ], [ 110.356178284000066, -7.018379687999868 ], [ 110.356323243000077, -7.018276212999922 ], [ 110.356323243000077, -7.018120765999981 ], [ 110.356315613000163, -7.017913340999939 ], [ 110.356338501000096, -7.017684935999966 ], [ 110.356452942000033, -7.017550468999957 ], [ 110.35659027100013, -7.017484187999969 ], [ 110.356697083000086, -7.017489908999892 ], [ 110.356857300000115, -7.017459869999811 ], [ 110.35694122200016, -7.017280101999859 ], [ 110.356979371000193, -7.017129896999961 ], [ 110.357055665000075, -7.017049312999859 ], [ 110.357315064000147, -7.016960143999938 ], [ 110.357536315000061, -7.016918181999927 ], [ 110.357780456000114, -7.016971111999965 ], [ 110.35808563300003, -7.017098425999905 ], [ 110.358261109000182, -7.017151355999943 ], [ 110.358451843000182, -7.0171518329999 ], [ 110.358688354000094, -7.01703595999993 ], [ 110.358940125000061, -7.016856668999878 ], [ 110.359161376000145, -7.01668834599991 ], [ 110.359245300000168, -7.016509055999904 ], [ 110.359245300000168, -7.016276836999964 ], [ 110.359260558000187, -7.015981672999885 ], [ 110.359329224000192, -7.015795706999938 ], [ 110.359367371000076, -7.015657424999972 ], [ 110.359565735000103, -7.015460490999942 ], [ 110.360214233000136, -7.015212534999932 ], [ 110.360946655000191, -7.014892576999955 ], [ 110.361289978000059, -7.014820098999962 ], [ 110.361686707000104, -7.014789579999956 ], [ 110.362068177000083, -7.014666078999937 ], [ 110.362289428000167, -7.014427662999935 ], [ 110.362411498000142, -7.01431369799991 ], [ 110.362449645000197, -7.014420031999975 ], [ 110.363311768000187, -7.016839980999919 ], [ 110.363792419999982, -7.018489837999937 ], [ 110.364204407000045, -7.019701957999871 ], [ 110.363937377000184, -7.02001762499998 ], [ 110.363479614000028, -7.020670412999948 ], [ 110.363166809000177, -7.021136284999955 ], [ 110.362792969000168, -7.021571159999894 ], [ 110.362556458000029, -7.021871566999948 ], [ 110.362205506000123, -7.022161482999877 ], [ 110.361892699000123, -7.022347448999824 ], [ 110.361801147000165, -7.022616863999929 ], [ 110.361953734999986, -7.022917747999941 ], [ 110.362213134000058, -7.023115157999939 ], [ 110.362472534, -7.02315664199989 ], [ 110.362701417000039, -7.023078440999882 ], [ 110.362823485000035, -7.023060321999935 ], [ 110.363105774000189, -7.022888183999953 ], [ 110.363273621000133, -7.022618768999962 ], [ 110.363487244000169, -7.022411821999981 ], [ 110.363716125000167, -7.022474289999934 ], [ 110.363906861000146, -7.022754667999948 ], [ 110.363952636000079, -7.02291393299987 ], [ 110.363990785000169, -7.023213386999885 ], [ 110.364059448000035, -7.023904323999943 ], [ 110.364028931000121, -7.02466392499997 ], [ 110.363861084000177, -7.025216102999934 ], [ 110.363540649000015, -7.025782107999873 ], [ 110.363128662000122, -7.026375769999959 ], [ 110.362617493000016, -7.027024267999877 ], [ 110.362281800000062, -7.027493476999894 ], [ 110.362068177000083, -7.027609824999956 ], [ 110.361877441000104, -7.027613640999959 ], [ 110.361671447999981, -7.027603149999891 ], [ 110.361305237000181, -7.027450560999966 ], [ 110.360832214000197, -7.027159689999905 ], [ 110.360527037999987, -7.026948451999942 ], [ 110.360351562000062, -7.026869295999973 ], [ 110.360015869000051, -7.026882648999901 ], [ 110.359825135000108, -7.027089595999882 ], [ 110.359878540000182, -7.027241230999891 ], [ 110.36008453400018, -7.027449130999969 ], [ 110.360237121000068, -7.027766704999863 ], [ 110.360275268000123, -7.028222561999939 ], [ 110.360214233000136, -7.028947830999869 ], [ 110.360160828000062, -7.029293059999929 ], [ 110.359954833000188, -7.029417037999963 ], [ 110.359672547000059, -7.029402731999937 ], [ 110.359481811000137, -7.029541015999939 ], [ 110.359397887000114, -7.029886244999886 ], [ 110.359207153000114, -7.030217169999844 ], [ 110.358924865000063, -7.030354976999945 ], [ 110.358718873000043, -7.030437467999946 ], [ 110.358444215000077, -7.030561446999968 ], [ 110.35816192700014, -7.030768393999949 ], [ 110.358001709000064, -7.030828951999922 ], [ 110.357826233000083, -7.030848024999898 ], [ 110.357551575000116, -7.030830858999877 ], [ 110.357398986000192, -7.030754087999924 ], [ 110.357162475000052, -7.030643462999933 ], [ 110.357040404000145, -7.030628203999925 ], [ 110.356887817000086, -7.030538557999876 ], [ 110.356689453000172, -7.030521869999916 ], [ 110.356582642000149, -7.030587672999957 ], [ 110.356567382000094, -7.030692099999953 ], [ 110.356567382000094, -7.030774593999979 ], [ 110.356689453000172, -7.030989646999899 ], [ 110.356773377000195, -7.031083105999926 ], [ 110.35694122200016, -7.031253813999967 ], [ 110.357078553000065, -7.031391619999852 ], [ 110.357162475000052, -7.031578540999931 ], [ 110.357215882000105, -7.03172159099995 ], [ 110.35725402900016, -7.031848428999979 ], [ 110.357299804000149, -7.031919954999978 ], [ 110.357307434000063, -7.032063006999977 ], [ 110.357315064000147, -7.032178401999943 ], [ 110.357109069999979, -7.032458782999925 ], [ 110.356971741000109, -7.03257942099998 ], [ 110.356430053000054, -7.032977579999965 ], [ 110.356254577000072, -7.033049105999964 ], [ 110.35604095500014, -7.033197401999871 ], [ 110.355842590000179, -7.033218860999966 ], [ 110.355636596000181, -7.033240794999926 ], [ 110.355552674000194, -7.033262729999933 ], [ 110.355430604000048, -7.0332612979999 ], [ 110.355361938000044, -7.033295153999973 ], [ 110.355216981000012, -7.033284186999936 ], [ 110.355125427000075, -7.033206939999957 ], [ 110.355010987000014, -7.033102512999903 ], [ 110.354904174000183, -7.033019541999977 ], [ 110.354782104000037, -7.032865523999931 ], [ 110.354690552000079, -7.032733440999948 ], [ 110.354599000000121, -7.032645223999907 ], [ 110.354209899000182, -7.032234667999944 ], [ 110.35395050000011, -7.031959533999952 ], [ 110.353805542000202, -7.031871317999901 ], [ 110.353713989000198, -7.031816004999882 ], [ 110.353576660000101, -7.031788348999896 ], [ 110.353416442000196, -7.031787871999938 ], [ 110.353340148000086, -7.031881332999944 ], [ 110.35326385500008, -7.032030104999933 ], [ 110.353164673000038, -7.03213977799993 ], [ 110.353050232000044, -7.032326698999952 ], [ 110.352981567000143, -7.032409190999942 ], [ 110.352874756000119, -7.032496928999933 ], [ 110.352775574000077, -7.032546519999926 ], [ 110.352691650000054, -7.032573699999944 ], [ 110.352561952000144, -7.032589911999878 ], [ 110.352455139000142, -7.032644748999871 ], [ 110.352363587000184, -7.032683372999884 ], [ 110.352287292000199, -7.032760141999916 ], [ 110.352157593000186, -7.032960890999902 ], [ 110.352073669, -7.033290861999944 ], [ 110.351936340000123, -7.033493995999891 ], [ 110.351844788000164, -7.033565521999947 ], [ 110.35169219900007, -7.033675192999965 ], [ 110.351554870000143, -7.03372478499989 ], [ 110.351280212000177, -7.033834456999898 ], [ 110.351203918000067, -7.033878326999968 ], [ 110.351104736000025, -7.033944129999838 ], [ 110.350975037000069, -7.034249305999936 ], [ 110.35078430100009, -7.034639357999879 ], [ 110.350692749000132, -7.03501891999997 ], [ 110.35062408400006, -7.035172939999882 ], [ 110.350547790000121, -7.035332202999939 ], [ 110.350372314000197, -7.035917759999961 ], [ 110.350212097000167, -7.036242484999946 ], [ 110.35007476800007, -7.036571977999927 ], [ 110.349929809000059, -7.036780832999966 ], [ 110.349418640000124, -7.037514686999941 ], [ 110.349151612000071, -7.037811278999868 ], [ 110.348945617000197, -7.037976263999951 ], [ 110.348777772000062, -7.038009165999938 ], [ 110.348655700999984, -7.03796243599993 ], [ 110.348403930000018, -7.037959097999931 ], [ 110.348251342000196, -7.037881851999941 ], [ 110.348144532000049, -7.037744044999897 ], [ 110.348144532000049, -7.037650585999927 ], [ 110.348167419000106, -7.037535190999961 ], [ 110.348220826000158, -7.037419317999934 ], [ 110.348342896000133, -7.037276743999882 ], [ 110.348541261000094, -7.037089824999953 ], [ 110.348602294000102, -7.037040232999971 ], [ 110.348693848000039, -7.036958215999903 ], [ 110.348899840000058, -7.036809921999975 ], [ 110.348915101000159, -7.036721704999877 ], [ 110.348892212000123, -7.036644935999902 ], [ 110.348716736000142, -7.036556719999908 ], [ 110.348564147000047, -7.036528585999974 ], [ 110.348327636000135, -7.036473273999945 ], [ 110.348159790000068, -7.03639602699991 ], [ 110.348014831000057, -7.036324500999967 ], [ 110.347755432000042, -7.036225318999925 ], [ 110.34759521400008, -7.036125659999925 ], [ 110.347373961000187, -7.035952090999956 ], [ 110.347305298000094, -7.035886287999972 ], [ 110.347221374000071, -7.035789965999868 ], [ 110.346961975, -7.035693644999981 ], [ 110.346870423000098, -7.035648821999928 ], [ 110.346687317000033, -7.035654067999928 ], [ 110.34660339300018, -7.035703659999911 ], [ 110.346511841000051, -7.035786150999911 ], [ 110.346443175000047, -7.035940170999879 ], [ 110.346343993000062, -7.03629731999996 ], [ 110.346328735000043, -7.036566734999951 ], [ 110.34627533000014, -7.036819934999926 ], [ 110.346229553000171, -7.036984919999895 ], [ 110.346199036000201, -7.037177561999954 ], [ 110.346191406000116, -7.03734779399997 ], [ 110.34591674800015, -7.037581442999965 ], [ 110.345794677000072, -7.037845134999941 ], [ 110.345787049000137, -7.038021087999937 ], [ 110.345787049000137, -7.038180827999895 ], [ 110.345809936000194, -7.038301943999954 ], [ 110.345909118, -7.038444995999896 ], [ 110.345985413000051, -7.038582801999951 ], [ 110.346107482000093, -7.038709162999908 ], [ 110.346504211000138, -7.038976667999918 ], [ 110.346611023000094, -7.039028642999881 ], [ 110.346710205000136, -7.039108751999947 ], [ 110.346839904000149, -7.039252280999904 ], [ 110.34690856900005, -7.03936767599987 ], [ 110.346916200000067, -7.039499759999956 ], [ 110.346900939000136, -7.039659499999971 ], [ 110.346885681000117, -7.039747236999915 ], [ 110.346809387000178, -7.039967059999981 ], [ 110.34677887100014, -7.040143489999934 ], [ 110.346717835000049, -7.040335654999922 ], [ 110.346694947000117, -7.040451049999888 ], [ 110.346595765000075, -7.040599821999933 ], [ 110.346519471000192, -7.040764331999981 ], [ 110.346504211000138, -7.040978431999918 ], [ 110.346473694, -7.041165827999976 ], [ 110.346397400000114, -7.041221140999937 ], [ 110.346199036000201, -7.041231631999892 ], [ 110.345977783000137, -7.041220187999954 ], [ 110.345817566000107, -7.041121005999969 ], [ 110.345741272000168, -7.041060447999939 ], [ 110.345687867000095, -7.040987491999942 ], [ 110.345504761000029, -7.040661334999868 ], [ 110.345504761000029, -7.04029702999992 ], [ 110.345352174000141, -7.039944170999945 ], [ 110.345046997, -7.039834498999937 ], [ 110.344764709000117, -7.03982210099997 ], [ 110.344635010000104, -7.039991855999915 ], [ 110.344543456, -7.040453434999904 ], [ 110.344482421, -7.04104852599994 ], [ 110.344619752000085, -7.041765688999931 ], [ 110.344718934000127, -7.042294500999901 ], [ 110.344749451000098, -7.042621135999923 ], [ 110.344772339000201, -7.042961119999916 ], [ 110.344833375000121, -7.043175219999966 ], [ 110.344841003, -7.043367385999943 ], [ 110.344871521000073, -7.043637751999938 ], [ 110.344841003, -7.043803691999926 ], [ 110.344718934000127, -7.044290064999927 ], [ 110.344535828000062, -7.044678210999962 ], [ 110.344398499000192, -7.044952867999939 ], [ 110.34413910000012, -7.045574187999932 ], [ 110.343948363000038, -7.046001909999973 ], [ 110.343833923000034, -7.046171664999974 ], [ 110.343406678000122, -7.04673194899982 ], [ 110.343147278000117, -7.046941278999896 ], [ 110.342857362000132, -7.047123909999925 ], [ 110.342323302000182, -7.047461508999959 ], [ 110.342086791000042, -7.047570227999813 ], [ 110.341758728000173, -7.047617912999954 ], [ 110.341636657000095, -7.047613142999978 ], [ 110.341400146000183, -7.047724245999916 ], [ 110.341194152000185, -7.047767639999961 ], [ 110.340896607000161, -7.047745226999893 ], [ 110.340705871000182, -7.047727585999951 ], [ 110.340522765000117, -7.047740458999954 ], [ 110.340339661000087, -7.047805308999898 ], [ 110.340072632000101, -7.04789257099992 ], [ 110.339981080000143, -7.047940252999979 ], [ 110.339881897000055, -7.048014163999937 ], [ 110.33956909300008, -7.048160075999931 ], [ 110.339477539000143, -7.048286436999831 ], [ 110.339530944000046, -7.048395633999974 ], [ 110.33972930800013, -7.048583507999979 ], [ 110.339965819000042, -7.048767089999899 ], [ 110.340080262000015, -7.04883289299994 ], [ 110.340202332, -7.048911570999962 ], [ 110.340698243000077, -7.049364089999926 ], [ 110.340873719000058, -7.04957342199998 ], [ 110.340942382000151, -7.049796104999928 ], [ 110.3409957880001, -7.049966335999898 ], [ 110.341041565000069, -7.05029630599995 ], [ 110.341064453, -7.050588606999952 ], [ 110.341026306000117, -7.050759792999941 ], [ 110.34096527100013, -7.050856589999967 ], [ 110.340904236000142, -7.050915717999942 ], [ 110.340560912000171, -7.050958156999911 ], [ 110.340484619000165, -7.050943373999928 ], [ 110.340332031000173, -7.050909519999948 ], [ 110.340255738000167, -7.050909041999944 ], [ 110.340179444000057, -7.050897121999924 ], [ 110.340042115000131, -7.050901411999916 ], [ 110.339935303, -7.050997256999949 ], [ 110.339851378999981, -7.051278589999868 ], [ 110.339843751000103, -7.0515055649999 ], [ 110.339859009000122, -7.051666735999902 ], [ 110.339942933000145, -7.051802158999919 ], [ 110.340156555000021, -7.051985739999907 ], [ 110.340316773000154, -7.052103995999971 ], [ 110.340652466000108, -7.052320480999981 ], [ 110.340888977000077, -7.052386283999965 ], [ 110.341011048000098, -7.052407264999886 ], [ 110.341178894000166, -7.052490233999947 ], [ 110.34143829300001, -7.05263233099987 ], [ 110.34151458700012, -7.052771091999887 ], [ 110.341590880000126, -7.052980421999962 ], [ 110.341583252000021, -7.053133486999968 ], [ 110.34151458700012, -7.053233623999972 ], [ 110.341407776000096, -7.053246496999975 ], [ 110.341049194999982, -7.053211212999884 ], [ 110.340904236000142, -7.053110597999932 ], [ 110.340766907000102, -7.053031921999889 ], [ 110.340438844, -7.052957057999834 ], [ 110.340278626000099, -7.052926539999874 ], [ 110.34011840900007, -7.052930354999944 ], [ 110.340026855000133, -7.053061485999933 ], [ 110.340026855000133, -7.0531964299999 ], [ 110.340034485000047, -7.053288458999873 ], [ 110.340126037000175, -7.053513049999935 ], [ 110.340347290000068, -7.053893089999917 ], [ 110.340576172, -7.054325579999897 ], [ 110.340705871000182, -7.054473876999907 ], [ 110.341094970000142, -7.054873942999961 ], [ 110.341407776000096, -7.05501413199994 ], [ 110.341629028999989, -7.055105685999877 ], [ 110.341857910000044, -7.05526351899988 ], [ 110.342086791000042, -7.05548620199994 ], [ 110.342155457000047, -7.055582045999927 ], [ 110.34220886200012, -7.055829047999964 ], [ 110.34217834500015, -7.056038379999961 ], [ 110.342086791000042, -7.056186674999879 ], [ 110.341972350999981, -7.056269168999961 ], [ 110.34181976300016, -7.056291101999932 ], [ 110.34151458700012, -7.056303499999956 ], [ 110.341239929000153, -7.05629444199991 ], [ 110.340988159000119, -7.056237219999957 ], [ 110.34075164800015, -7.056200027999921 ], [ 110.340507507000098, -7.056199549999974 ], [ 110.340362548000087, -7.056291101999932 ], [ 110.340225219000047, -7.056552886999896 ], [ 110.340141297, -7.056836127999873 ], [ 110.340003968000133, -7.057019233999938 ], [ 110.339736938000044, -7.057304858999942 ], [ 110.339668275000122, -7.057592867999972 ], [ 110.339591979000033, -7.057950496999979 ], [ 110.339591979000033, -7.058146953999881 ], [ 110.339553831999979, -7.058485029999872 ], [ 110.339469911000037, -7.058663845999945 ], [ 110.339309693000132, -7.058837890999939 ], [ 110.339263916000164, -7.059038637999947 ], [ 110.339294433000134, -7.059195995999914 ], [ 110.339385987000071, -7.059464453999908 ], [ 110.339477539000143, -7.059713362999901 ], [ 110.339485169000056, -7.059909818999927 ], [ 110.339454650000107, -7.060105800999963 ], [ 110.339385987000071, -7.060288906999915 ], [ 110.339233397000044, -7.060805795999954 ], [ 110.339134215000172, -7.061089514999935 ], [ 110.339080810000098, -7.061342715999899 ], [ 110.339065552000079, -7.061597822999943 ], [ 110.339111329000048, -7.061811922999937 ], [ 110.339126587000067, -7.062069414999883 ], [ 110.339057922000165, -7.062273979999929 ], [ 110.338966370000037, -7.062427043999833 ], [ 110.338859557000035, -7.06272125299995 ], [ 110.338867188, -7.062887190999959 ], [ 110.338981628000056, -7.062974452999981 ], [ 110.339141846000189, -7.062983512999949 ], [ 110.339302063000048, -7.062952993999829 ], [ 110.339431762, -7.062896728999874 ], [ 110.339607240000134, -7.062813757999947 ], [ 110.339813232000154, -7.062744616999908 ], [ 110.33992004400011, -7.062740326999972 ], [ 110.340049743000066, -7.06283187899993 ], [ 110.340156555000021, -7.062936782999884 ], [ 110.340209961000198, -7.063054560999944 ], [ 110.340385436000076, -7.063325403999897 ], [ 110.340629578000176, -7.06366205199987 ], [ 110.340713501000096, -7.063915251999958 ], [ 110.340866089000144, -7.064120291999927 ], [ 110.34111023000014, -7.064447878999943 ], [ 110.341255187000172, -7.064657688999944 ], [ 110.341384888000164, -7.064921855999842 ], [ 110.341262817000086, -7.06517505599993 ], [ 110.341102600000056, -7.065353393999942 ], [ 110.340980528999978, -7.065484522999952 ], [ 110.34096527100013, -7.06570243799996 ], [ 110.340919494, -7.065864085999976 ], [ 110.340957641000045, -7.066324234999968 ], [ 110.341117858000075, -7.066608427999938 ], [ 110.341270448000103, -7.066944598999953 ], [ 110.341346741000109, -7.067058086999907 ], [ 110.341567994, -7.06740522299998 ], [ 110.341804505000141, -7.067597388999957 ], [ 110.342056274000072, -7.067868709999971 ], [ 110.342224120000139, -7.068148134999888 ], [ 110.342315674000076, -7.068261622999955 ], [ 110.342361451000045, -7.068416594999974 ], [ 110.342308044000163, -7.068556308999973 ], [ 110.342094421000127, -7.06884813299996 ], [ 110.342010498000036, -7.069040296999958 ], [ 110.341934204000097, -7.069236278999938 ], [ 110.341918946000078, -7.069419859999925 ], [ 110.34188079900008, -7.069653032999952 ], [ 110.341766358000086, -7.069744586999889 ], [ 110.341606141000057, -7.069780348999927 ], [ 110.341445923000151, -7.069768428999907 ], [ 110.341140747000111, -7.069642542999873 ], [ 110.340904236000142, -7.069537639999908 ], [ 110.34075164800015, -7.069447993999972 ], [ 110.340393067000036, -7.069481849999931 ], [ 110.340339661000087, -7.069630144999962 ], [ 110.340438844, -7.069766997999977 ], [ 110.340667724000127, -7.069950103999929 ], [ 110.340957641000045, -7.070075987999871 ], [ 110.341217040000117, -7.070270061999963 ], [ 110.341400146000183, -7.070395945999962 ], [ 110.341629028999989, -7.070579051999914 ], [ 110.341682434000063, -7.070818422999935 ], [ 110.34165954600013, -7.071375368999895 ], [ 110.341751098000088, -7.071365832999845 ], [ 110.341842652000196, -7.071486471999947 ], [ 110.341911315000118, -7.071549414999936 ], [ 110.342185973000085, -7.071758746999933 ], [ 110.342430115000013, -7.071914195999909 ], [ 110.342483520000087, -7.07196807899993 ], [ 110.342529297000056, -7.072030544999961 ], [ 110.342857362000132, -7.072406291999869 ], [ 110.343132020000098, -7.072954654999933 ], [ 110.343360901000153, -7.07366228099994 ], [ 110.343711852000126, -7.074530123999978 ], [ 110.344009399000129, -7.075055598999938 ], [ 110.344306945000085, -7.075580595999952 ], [ 110.344451904000096, -7.075889109999935 ], [ 110.344421388000058, -7.076037406999944 ], [ 110.34422302300004, -7.076185226999883 ], [ 110.344238282000163, -7.076344966999955 ], [ 110.344429016000106, -7.076482295999938 ], [ 110.344696046000195, -7.076551436999978 ], [ 110.344932557000163, -7.07667732199991 ], [ 110.345085144000052, -7.076640127999951 ], [ 110.345169068000075, -7.076631069999905 ], [ 110.345352174000141, -7.076638220999882 ], [ 110.345512389000135, -7.07678222699991 ], [ 110.345481873000097, -7.077090738999971 ], [ 110.345260620000033, -7.077519416999962 ], [ 110.344947815000182, -7.078035353999951 ], [ 110.344573975000117, -7.078517913999974 ], [ 110.34445953400018, -7.078983782999899 ], [ 110.344512940000129, -7.079433440999878 ], [ 110.34465789900014, -7.07975006099997 ], [ 110.344879150000054, -7.079922676999956 ], [ 110.34520721500013, -7.079963205999945 ], [ 110.345321655000191, -7.07992029199994 ], [ 110.345504761000029, -7.079889297999955 ], [ 110.345680237000181, -7.079797267999879 ], [ 110.345954894999977, -7.079821586999969 ], [ 110.346084596000139, -7.079902170999958 ], [ 110.346176148000097, -7.080010413999958 ], [ 110.346282960000053, -7.080349444999911 ], [ 110.346206664000135, -7.080869673999871 ], [ 110.346008300000051, -7.081301211999971 ], [ 110.34584045400004, -7.081733226999916 ], [ 110.345611571000177, -7.082069872999966 ], [ 110.345436096000128, -7.082265376999885 ], [ 110.344955445000096, -7.082697866999979 ], [ 110.344436646000077, -7.083113193999964 ], [ 110.34394073500016, -7.083378790999916 ], [ 110.343612670000084, -7.083589075999896 ], [ 110.343605041999979, -7.08375930699998 ], [ 110.343780518000131, -7.083918093999955 ], [ 110.343811034000169, -7.084064960999967 ], [ 110.343643189000034, -7.084437370999922 ], [ 110.343330384000183, -7.084702490999916 ], [ 110.343147278000117, -7.084820746999867 ], [ 110.343048096000075, -7.084992884999963 ], [ 110.343002319000107, -7.085209369999973 ], [ 110.342956544000174, -7.085427759999902 ], [ 110.342819213000098, -7.085875033999969 ], [ 110.342628479000098, -7.086215018999951 ], [ 110.342315674000076, -7.086700438999969 ], [ 110.342216492000034, -7.08708953799993 ], [ 110.342262269000173, -7.087339401999884 ], [ 110.342468261000192, -7.087639808999882 ], [ 110.342529297000056, -7.087882517999958 ], [ 110.342544555000075, -7.08807754399993 ], [ 110.342323302000182, -7.088437080999938 ], [ 110.34201812800012, -7.088807582999948 ], [ 110.341934204000097, -7.08890294999992 ], [ 110.341781617000038, -7.089203833999875 ], [ 110.341758728000173, -7.089470386999892 ], [ 110.341926576000048, -7.089820385999928 ], [ 110.342124938000097, -7.090253352999923 ], [ 110.342308044000163, -7.090536593999843 ], [ 110.342590332000043, -7.090870379999899 ], [ 110.342689514000085, -7.091120241999818 ], [ 110.342796326000041, -7.09130334799994 ], [ 110.343025207000039, -7.091370105999886 ], [ 110.343109131000062, -7.091536998999914 ], [ 110.343139648000033, -7.091786860999889 ], [ 110.343154906000052, -7.092020033999916 ], [ 110.343322754000098, -7.092153549999978 ], [ 110.343658447000053, -7.092170237999937 ], [ 110.343856811000137, -7.092032908999897 ], [ 110.344116211000085, -7.092148304999967 ], [ 110.344177246000072, -7.092320917999928 ], [ 110.34407806400003, -7.092637062999927 ], [ 110.343925477000141, -7.09287023599984 ], [ 110.3436203, -7.093286037999974 ], [ 110.34339141900017, -7.093618868999954 ], [ 110.34339141900017, -7.093935012999907 ], [ 110.343421936000141, -7.094068526999934 ], [ 110.343238830000075, -7.094334601999947 ], [ 110.343238830000075, -7.094467638999959 ], [ 110.34339141900017, -7.0945510869999 ], [ 110.343536377000078, -7.094601154999964 ], [ 110.343673705000072, -7.094668387999945 ], [ 110.343788148000044, -7.094784735999951 ], [ 110.343757629000095, -7.095017908999978 ], [ 110.343475340999987, -7.095183371999894 ], [ 110.343513488000042, -7.095343589999914 ], [ 110.34363555900012, -7.095407009999917 ], [ 110.343856811000137, -7.095384596999963 ], [ 110.343986512000129, -7.095484733999967 ], [ 110.344055176000097, -7.095567702999915 ], [ 110.344123841, -7.095717906999823 ], [ 110.344085692000135, -7.095834254999943 ], [ 110.344085692000135, -7.095961093999961 ], [ 110.344253540000182, -7.095984458999851 ], [ 110.344367980000072, -7.096128940999904 ], [ 110.344726562000062, -7.096394538999959 ], [ 110.344779967000136, -7.096498965999956 ], [ 110.344810486000085, -7.096573351999893 ], [ 110.344917298000041, -7.096638202999941 ], [ 110.34481811600017, -7.096783161999952 ], [ 110.34481811600017, -7.096895216999883 ], [ 110.34484863300014, -7.097032070999944 ], [ 110.34465789900014, -7.097134590999872 ], [ 110.34434509200014, -7.097191810999902 ], [ 110.343902588000105, -7.097476004999976 ], [ 110.34358978400013, -7.097648142999901 ], [ 110.343261719000111, -7.097848891999945 ], [ 110.343017577000126, -7.098056793999888 ], [ 110.342834473000096, -7.09825038799994 ], [ 110.342643737000117, -7.098518847999912 ], [ 110.34265136700003, -7.09886550899995 ], [ 110.342842101000201, -7.099276065999959 ], [ 110.342872620000151, -7.099369525999975 ], [ 110.342842101000201, -7.099454401999878 ], [ 110.342597962000127, -7.099641322999901 ], [ 110.342285155000127, -7.099809168999911 ], [ 110.342041016000053, -7.09991073599997 ], [ 110.341934204000097, -7.099988936999978 ], [ 110.34188079900008, -7.100079058999881 ], [ 110.341842652000196, -7.100154876999966 ], [ 110.341796875000057, -7.100216387999978 ], [ 110.341720581000118, -7.10027790099997 ], [ 110.339958191000164, -7.101415633999977 ], [ 110.339485169000056, -7.101419924999959 ], [ 110.33921051100009, -7.101527691999934 ], [ 110.339134215000172, -7.101559160999955 ], [ 110.338737489000039, -7.101809024999852 ], [ 110.338470459000121, -7.102073191999921 ], [ 110.338211059000173, -7.10246181499997 ], [ 110.337959290000015, -7.102881907999972 ], [ 110.337882996000133, -7.103033541999935 ], [ 110.337791442000196, -7.103233336999949 ], [ 110.337722779000103, -7.103429793999908 ], [ 110.337654113000099, -7.103565691999961 ], [ 110.33758545, -7.103787422999915 ], [ 110.337524415000019, -7.103936194999903 ], [ 110.337432861000082, -7.104084968999871 ], [ 110.337371825, -7.104144571999939 ], [ 110.337196349000067, -7.104263304999961 ], [ 110.337066651000157, -7.104331970999965 ], [ 110.336883545000092, -7.104374407999899 ], [ 110.33679199300019, -7.104395865999948 ], [ 110.336608887000125, -7.104393480999818 ], [ 110.336524963000102, -7.104382990999909 ], [ 110.336395264000146, -7.10433387799992 ], [ 110.336303710000038, -7.10431051199987 ], [ 110.336235047000116, -7.104259014999968 ], [ 110.336158753000177, -7.104207514999871 ], [ 110.336074828999983, -7.104136466999933 ], [ 110.335929870000143, -7.104039191999902 ], [ 110.335617065000122, -7.103714466999918 ], [ 110.335296630000187, -7.10359621099991 ], [ 110.335052491000113, -7.103587150999886 ], [ 110.334716798000159, -7.103618144999871 ], [ 110.334403991000102, -7.10371637399993 ], [ 110.334236145000091, -7.103813170999956 ], [ 110.333969116000105, -7.104105949999905 ], [ 110.333671569000103, -7.104178905999902 ], [ 110.333518981999987, -7.104158399999903 ], [ 110.333312987999989, -7.104070185999888 ], [ 110.333091737000075, -7.103952884999956 ], [ 110.332946778000064, -7.103843212999948 ], [ 110.332847595000146, -7.10375642899993 ], [ 110.332702636000135, -7.103519439999957 ], [ 110.332672120000097, -7.103372572999888 ], [ 110.332649231000062, -7.103257655999869 ], [ 110.332611084, -7.10310125299992 ], [ 110.332588196000074, -7.102922916999887 ], [ 110.332550049000019, -7.102821826999957 ], [ 110.332473755000137, -7.10268306599994 ], [ 110.33233642600004, -7.102567195999939 ], [ 110.33225250300012, -7.102445124999974 ], [ 110.332221984000171, -7.102174281999964 ], [ 110.332214356000065, -7.102050303999931 ], [ 110.332206726000152, -7.101795673999902 ], [ 110.332260133000034, -7.101500510999927 ], [ 110.332527161000087, -7.100283145999981 ], [ 110.332572938000055, -7.099874496999917 ], [ 110.332565307000039, -7.099736689999872 ], [ 110.332359315000076, -7.099421500999938 ], [ 110.332221984000171, -7.099191187999963 ], [ 110.332183837000116, -7.099081991999981 ], [ 110.331901551000044, -7.099259852999978 ], [ 110.331657410000162, -7.099294184999962 ], [ 110.331230164000146, -7.099338531999877 ], [ 110.330993651000028, -7.099439620999931 ], [ 110.330909730000087, -7.099541185999954 ], [ 110.33081817599998, -7.099732874999916 ], [ 110.330764770000201, -7.099953174999939 ], [ 110.330741882000098, -7.100443840999958 ], [ 110.330711365000127, -7.100783824999951 ], [ 110.33065033000014, -7.100882053999953 ], [ 110.330551148000097, -7.100941181999872 ], [ 110.330413819, -7.100965499999973 ], [ 110.330101013999979, -7.10096072999994 ], [ 110.329887389000191, -7.100930213999959 ], [ 110.32980346800008, -7.101054191999935 ], [ 110.329315185000098, -7.101130962999946 ], [ 110.329200745000037, -7.10120248699991 ], [ 110.329193114000191, -7.101310253999884 ], [ 110.329048156999988, -7.10158681899992 ], [ 110.328971863999982, -7.101842403999967 ], [ 110.328735351000034, -7.102139472999909 ], [ 110.328491211000085, -7.102200507999896 ], [ 110.32823181200007, -7.102174758999979 ], [ 110.327400208000142, -7.102028845999939 ], [ 110.326995849000184, -7.102017401999944 ], [ 110.326873778000106, -7.102014064999935 ], [ 110.326774596000121, -7.101852893999933 ], [ 110.32661438100007, -7.101661682999918 ], [ 110.326477052000143, -7.101583479999931 ], [ 110.326133728000173, -7.101455210999973 ], [ 110.325958253000124, -7.101469038999937 ], [ 110.325744628000166, -7.101631641999916 ], [ 110.325622559000067, -7.101794718999884 ], [ 110.325500489000092, -7.101899146999926 ], [ 110.325141907000102, -7.101900576999981 ], [ 110.32498168900014, -7.101800441999956 ], [ 110.3248443600001, -7.101676463999979 ], [ 110.324752808000142, -7.101597309999931 ], [ 110.324584961000198, -7.101441382999894 ], [ 110.324440002000188, -7.101382254999976 ], [ 110.324264526000093, -7.10138988499989 ], [ 110.324073792000092, -7.101457595999818 ], [ 110.323997497999983, -7.101481914999965 ], [ 110.323753357000157, -7.101726055999904 ], [ 110.323532104000037, -7.101954936999846 ], [ 110.323394775000111, -7.102029799999912 ], [ 110.323219299000186, -7.102089880999927 ], [ 110.322898864000024, -7.102221011999916 ], [ 110.322463989000028, -7.102373598999918 ], [ 110.322319030000017, -7.102480888999935 ], [ 110.322189331000061, -7.102667330999964 ], [ 110.322113037000122, -7.10276079199997 ], [ 110.32201385500008, -7.10310125299992 ], [ 110.321830749000071, -7.103227138999955 ], [ 110.321464539000146, -7.103467464999937 ], [ 110.321266175000062, -7.10356664699998 ], [ 110.320907593000072, -7.103700637999964 ], [ 110.320678710000038, -7.103835104999973 ], [ 110.320556640000063, -7.103919505999954 ], [ 110.32035827600015, -7.10400438299996 ], [ 110.320182800000055, -7.104117392999967 ], [ 110.319961547000105, -7.104145526999901 ], [ 110.31976318300002, -7.10431527999998 ], [ 110.319503785000052, -7.104555605999906 ], [ 110.319137573000148, -7.104973315999928 ], [ 110.318954467000083, -7.105178355999897 ], [ 110.318824768000127, -7.105404853999914 ], [ 110.318565369000055, -7.105631351999932 ], [ 110.317588806000174, -7.105771540999967 ], [ 110.317527770000083, -7.105906008999909 ], [ 110.3175354, -7.10615396399993 ], [ 110.317604064000193, -7.106451509999943 ], [ 110.317703246000065, -7.106664179999939 ], [ 110.317329406, -7.106755256999918 ], [ 110.317359925000119, -7.106670855999937 ], [ 110.317291259000172, -7.106536388999928 ], [ 110.317268371000011, -7.106443881999894 ], [ 110.317260743000134, -7.106266975999915 ], [ 110.317245484000182, -7.106111048999821 ], [ 110.317207337000127, -7.105969429999902 ], [ 110.317131042000142, -7.105834483999956 ], [ 110.317047120000097, -7.10577774099994 ], [ 110.317008973000043, -7.105685710999978 ], [ 110.317001343000129, -7.105586528999936 ], [ 110.31698608500011, -7.105465888999902 ], [ 110.317001343000129, -7.105267524999931 ], [ 110.317024231000062, -7.105069159999857 ], [ 110.317085267000152, -7.104984283999954 ], [ 110.317359925000119, -7.104920862999904 ], [ 110.317253112000117, -7.104743956999926 ], [ 110.317184449000194, -7.104644297999869 ], [ 110.317123414000037, -7.104580401999897 ], [ 110.317001343000129, -7.104587554999966 ], [ 110.316879272000051, -7.104622841999969 ], [ 110.316734313000097, -7.10461425699998 ], [ 110.316650220000156, -7.104577455999959 ], [ 110.316485451000062, -7.10450089699998 ], [ 110.316474916, -7.104496000999973 ], [ 110.316360473000032, -7.104547022999895 ], [ 110.316237931000046, -7.104595909999944 ] ] ] ] } },
{ "type": "Feature", "properties": { "Kecamatan": "Ngaliyan", "Kota": "Kota Semarang", "adm3": "33.74.15" }, "geometry": { "type": "MultiPolygon", "coordinates": [ [ [ [ 110.373847962000127, -7.020072459999881 ], [ 110.373786926000037, -7.020004748999952 ], [ 110.373634339000148, -7.019865034999953 ], [ 110.373413086000198, -7.019792078999956 ], [ 110.373214722000114, -7.019864082999959 ], [ 110.373039246000189, -7.020133494999868 ], [ 110.372779847000118, -7.020361422999883 ], [ 110.372528077000084, -7.020578860999933 ], [ 110.372344971000189, -7.020796298999926 ], [ 110.372268678000182, -7.021003245999964 ], [ 110.372268678000182, -7.021241664999877 ], [ 110.372192382000094, -7.021384715999943 ], [ 110.37213897700002, -7.021440028999962 ], [ 110.372070313000052, -7.021570204999819 ], [ 110.371871949000138, -7.021811483999954 ], [ 110.371543884000062, -7.021966455999916 ], [ 110.371223449000126, -7.022048949999885 ], [ 110.370979310000109, -7.022023200999968 ], [ 110.370895386000086, -7.021990299999914 ], [ 110.37068176300005, -7.021965503999922 ], [ 110.370414733000189, -7.021871566999948 ], [ 110.370155334000117, -7.021726131999912 ], [ 110.369987488000106, -7.021580695999887 ], [ 110.369819641000163, -7.021622179999952 ], [ 110.369415284000183, -7.021756170999936 ], [ 110.369209289000082, -7.02192211199997 ], [ 110.369041444000175, -7.022025583999948 ], [ 110.36888885500008, -7.021890639999924 ], [ 110.36866760200013, -7.021475314999975 ], [ 110.368400574000077, -7.020874022999919 ], [ 110.368202210000163, -7.020563124999967 ], [ 110.367958068000064, -7.020279884999979 ], [ 110.367828370000154, -7.020093440999915 ], [ 110.367713929, -7.0200018889999 ], [ 110.367362976000038, -7.01973199899993 ], [ 110.36672210800009, -7.019192218999876 ], [ 110.366271972000163, -7.01895284699998 ], [ 110.365951539000037, -7.018889426999976 ], [ 110.365600585000095, -7.018910884999968 ], [ 110.365112305000025, -7.019023895999965 ], [ 110.364685058000134, -7.019324301999973 ], [ 110.364273071000071, -7.0196347239999 ], [ 110.364204407000045, -7.019701957999871 ], [ 110.363792419999982, -7.018489837999937 ], [ 110.363311768000187, -7.016839980999919 ], [ 110.362449645000197, -7.014420031999975 ], [ 110.362411498000142, -7.01431369799991 ], [ 110.362289428000167, -7.014427662999935 ], [ 110.362068177000083, -7.014666078999937 ], [ 110.361686707000104, -7.014789579999956 ], [ 110.361289978000059, -7.014820098999962 ], [ 110.360946655000191, -7.014892576999955 ], [ 110.360214233000136, -7.015212534999932 ], [ 110.359565735000103, -7.015460490999942 ], [ 110.359367371000076, -7.015657424999972 ], [ 110.359329224000192, -7.015795706999938 ], [ 110.359260558000187, -7.015981672999885 ], [ 110.359245300000168, -7.016276836999964 ], [ 110.359245300000168, -7.016509055999904 ], [ 110.359161376000145, -7.01668834599991 ], [ 110.358940125000061, -7.016856668999878 ], [ 110.358688354000094, -7.01703595999993 ], [ 110.358451843000182, -7.0171518329999 ], [ 110.358261109000182, -7.017151355999943 ], [ 110.35808563300003, -7.017098425999905 ], [ 110.357780456000114, -7.016971111999965 ], [ 110.357536315000061, -7.016918181999927 ], [ 110.357315064000147, -7.016960143999938 ], [ 110.357055665000075, -7.017049312999859 ], [ 110.356979371000193, -7.017129896999961 ], [ 110.35694122200016, -7.017280101999859 ], [ 110.356857300000115, -7.017459869999811 ], [ 110.356697083000086, -7.017489908999892 ], [ 110.35659027100013, -7.017484187999969 ], [ 110.356452942000033, -7.017550468999957 ], [ 110.356338501000096, -7.017684935999966 ], [ 110.356315613000163, -7.017913340999939 ], [ 110.356323243000077, -7.018120765999981 ], [ 110.356323243000077, -7.018276212999922 ], [ 110.356178284000066, -7.018379687999868 ], [ 110.355918884000118, -7.018503665999845 ], [ 110.355865479000045, -7.018628119999903 ], [ 110.355903626000099, -7.018902777999926 ], [ 110.355957031000173, -7.019037723999872 ], [ 110.355957031000173, -7.019244670999967 ], [ 110.355895996000186, -7.019431589999954 ], [ 110.355636596000181, -7.019731520999926 ], [ 110.355392457000164, -7.019990443999916 ], [ 110.354980468000065, -7.020445822999932 ], [ 110.354660035000109, -7.020912168999928 ], [ 110.354469299000129, -7.021254062999958 ], [ 110.35431671200007, -7.021169185999952 ], [ 110.354187013000058, -7.02111005799992 ], [ 110.353851317000192, -7.020929812999952 ], [ 110.353607178000118, -7.0208220479999 ], [ 110.353446961000145, -7.020740508999893 ], [ 110.353096009000012, -7.020607471999938 ], [ 110.352729797000109, -7.020526408999956 ], [ 110.352416992000087, -7.020474433999937 ], [ 110.352058411000144, -7.020437239999978 ], [ 110.3518676770002, -7.02041006099995 ], [ 110.351600647000112, -7.020380018999901 ], [ 110.350967407000155, -7.020359992999943 ], [ 110.350502015000188, -7.020319938999933 ], [ 110.349922181000181, -7.020259855999939 ], [ 110.349311829000101, -7.020150183999931 ], [ 110.34883880700005, -7.020130157999972 ], [ 110.348373413000104, -7.020009993999963 ], [ 110.347991943000125, -7.019859789999941 ], [ 110.347618103000116, -7.019730090999872 ], [ 110.346786499000075, -7.019509790999962 ], [ 110.346649170000148, -7.019489764999889 ], [ 110.346351623000146, -7.019460200999958 ], [ 110.346130371000129, -7.019440172999964 ], [ 110.346008300000051, -7.019420146999892 ], [ 110.345283508000136, -7.019309996999937 ], [ 110.344909668000128, -7.019289970999978 ], [ 110.344039917000202, -7.019299983999929 ], [ 110.343132020000098, -7.019299983999929 ], [ 110.342948914000033, -7.019309996999937 ], [ 110.342720031000056, -7.019330024999931 ], [ 110.342582702000129, -7.019330024999931 ], [ 110.342483520000087, -7.019330024999931 ], [ 110.342010498000036, -7.019415378999952 ], [ 110.341842652000196, -7.019433497999955 ], [ 110.341552734000174, -7.019474028999923 ], [ 110.341316223000035, -7.019592284999931 ], [ 110.341125487999989, -7.019737718999977 ], [ 110.341003418000014, -7.019810199999938 ], [ 110.340858459, -7.019800661999966 ], [ 110.340736390000131, -7.019782543999952 ], [ 110.340637208000089, -7.019831180999972 ], [ 110.340377808000142, -7.019919872999935 ], [ 110.339859009000122, -7.020028114999946 ], [ 110.339584351000099, -7.020081997999966 ], [ 110.339080810000098, -7.020076751999966 ], [ 110.338569641, -7.019981860999849 ], [ 110.338134766000167, -7.019832610999913 ], [ 110.33766937200005, -7.019698141999982 ], [ 110.337242126000035, -7.019571303999896 ], [ 110.337188721000132, -7.01971721599989 ], [ 110.336807251000039, -7.020501136999826 ], [ 110.336036682000099, -7.022005557999933 ], [ 110.335899353000059, -7.022279262999973 ], [ 110.335792541000103, -7.022290228999964 ], [ 110.33535766600005, -7.022199629999932 ], [ 110.335014342000079, -7.02214431699997 ], [ 110.334648132000154, -7.022037506999936 ], [ 110.33445739800004, -7.02192211199997 ], [ 110.334220887000072, -7.021838664999905 ], [ 110.333992004000038, -7.02165126899996 ], [ 110.333747863000042, -7.021380900999873 ], [ 110.333503724000138, -7.021152019999931 ], [ 110.333274841000161, -7.021037101999923 ], [ 110.333015441000157, -7.020933149999962 ], [ 110.332679748000203, -7.020838737999952 ], [ 110.332199097000114, -7.020651339999972 ], [ 110.332122802000129, -7.020627497999953 ], [ 110.332015991000048, -7.020568370999968 ], [ 110.3316879260002, -7.020477293999875 ], [ 110.331214904000149, -7.020358562999945 ], [ 110.330276490000131, -7.020164011999896 ], [ 110.328765869000108, -7.019826887999898 ], [ 110.328453064000087, -7.019729613999914 ], [ 110.328330994000112, -7.019723415999977 ], [ 110.327995301000101, -7.019734858999925 ], [ 110.327407838000113, -7.019734381999967 ], [ 110.326751710000167, -7.019751547999874 ], [ 110.326110840000069, -7.019762514999968 ], [ 110.325447083000142, -7.019773482999938 ], [ 110.324874877000013, -7.019760607999899 ], [ 110.323997497999983, -7.019687174999888 ], [ 110.323547362000056, -7.019649982999908 ], [ 110.322937011000079, -7.019577026999912 ], [ 110.32256317100007, -7.019509790999962 ], [ 110.321922301000143, -7.019454478999933 ], [ 110.321746826000094, -7.019466398999896 ], [ 110.32168579000006, -7.019529818999899 ], [ 110.32157135000017, -7.019647119999945 ], [ 110.32135009700005, -7.01990079899997 ], [ 110.321067811000148, -7.020020961999876 ], [ 110.320617675000051, -7.020089625999958 ], [ 110.320228577000194, -7.020204065999849 ], [ 110.319892883000136, -7.020306110999854 ], [ 110.319686889000138, -7.020287989999929 ], [ 110.319389343000182, -7.020178794999879 ], [ 110.318801880000194, -7.020014761999903 ], [ 110.318328858000086, -7.019835948999855 ], [ 110.317993164000029, -7.019781111999919 ], [ 110.317398071000127, -7.019610880999949 ], [ 110.316925049000019, -7.019512175999978 ], [ 110.316757202000076, -7.019412516999978 ], [ 110.316467284999987, -7.01928567799996 ], [ 110.316352845000154, -7.019253730999822 ], [ 110.316192627000191, -7.01916313199996 ], [ 110.316070557000046, -7.019059179999886 ], [ 110.315895081000065, -7.018963812999971 ], [ 110.315696717000037, -7.018913745999953 ], [ 110.315437317000033, -7.018872737999914 ], [ 110.315162659000066, -7.018849849999981 ], [ 110.314987183000085, -7.018831728999885 ], [ 110.314811706000057, -7.018836021999959 ], [ 110.314529419000053, -7.018835543999955 ], [ 110.314079284000059, -7.018834591999962 ], [ 110.313720704000048, -7.018847941999979 ], [ 110.313629150000111, -7.018862247999948 ], [ 110.31309509200014, -7.018892286999915 ], [ 110.312492371000076, -7.018970012999944 ], [ 110.311904907000155, -7.019083498999919 ], [ 110.311485290000178, -7.019161224999891 ], [ 110.311325074000081, -7.019169329999954 ], [ 110.311058044000163, -7.019227980999972 ], [ 110.310737610000103, -7.019331454999929 ], [ 110.310356139000078, -7.019448280999939 ], [ 110.310050965000073, -7.01954698499992 ], [ 110.30960845900006, -7.019718170999965 ], [ 110.309364318000178, -7.01982641099994 ], [ 110.309448242000201, -7.019959926999888 ], [ 110.309661864000134, -7.020309925999925 ], [ 110.309768677000136, -7.020569800999908 ], [ 110.309921264000081, -7.020850180999901 ], [ 110.309959411000136, -7.020919799999888 ], [ 110.310012818000189, -7.021170138999935 ], [ 110.310340881000059, -7.022039889999974 ], [ 110.310508729000105, -7.02250289899996 ], [ 110.310134888000164, -7.022581576999926 ], [ 110.309585571000127, -7.022633074999931 ], [ 110.309082032000106, -7.022632121999948 ], [ 110.308235169000113, -7.022599695999929 ], [ 110.307525634000115, -7.022577761999969 ], [ 110.306625367000152, -7.022523879999937 ], [ 110.306175233000033, -7.022418499999901 ], [ 110.305854798000041, -7.022376537999833 ], [ 110.305755616000056, -7.02239704099992 ], [ 110.30558776800018, -7.022658347999879 ], [ 110.305419923000045, -7.02300357699994 ], [ 110.30525970500014, -7.023283957999922 ], [ 110.304862977000141, -7.023337840999943 ], [ 110.304168702000197, -7.023346900999911 ], [ 110.303260804000047, -7.023376941999913 ], [ 110.302490235000107, -7.023355005999974 ], [ 110.301956178000069, -7.023312568999927 ], [ 110.301628113000049, -7.023186205999934 ], [ 110.300987243000122, -7.023059844999977 ], [ 110.300239563000048, -7.022964477999892 ], [ 110.299751282000102, -7.022964 ], [ 110.298759461000145, -7.023124694999979 ], [ 110.298393249000071, -7.023302078999961 ], [ 110.297973634000073, -7.023468493999928 ], [ 110.297782898000094, -7.023509978999925 ], [ 110.297622680000188, -7.023499965999974 ], [ 110.297462463000159, -7.023379801999965 ], [ 110.297332764000146, -7.02326011699995 ], [ 110.29698181200007, -7.023119924999946 ], [ 110.296699524000189, -7.023039816999926 ], [ 110.296440124000014, -7.022980213999972 ], [ 110.296249390000071, -7.022914409999942 ], [ 110.296173095000029, -7.022879123999928 ], [ 110.296096801000147, -7.022884845999954 ], [ 110.295982361000085, -7.022900579999941 ], [ 110.295944214000201, -7.022579669999914 ], [ 110.295860290000178, -7.022481917999926 ], [ 110.295433045000095, -7.022355556999969 ], [ 110.294654846000128, -7.022302149999973 ], [ 110.293922424000073, -7.022217749999925 ], [ 110.292892456000118, -7.022047519999944 ], [ 110.292907714000137, -7.021734714999923 ], [ 110.292961121000019, -7.021421907999979 ], [ 110.292907714000137, -7.020835397999861 ], [ 110.292938233000086, -7.020497799999816 ], [ 110.292976380000141, -7.020139692999919 ], [ 110.293098450000116, -7.019249438999907 ], [ 110.293212891000053, -7.018573283999899 ], [ 110.293304443000181, -7.017878531999884 ], [ 110.293495179000161, -7.016619682999931 ], [ 110.293586731000119, -7.015841960999978 ], [ 110.293243407000091, -7.015639781999937 ], [ 110.292671203, -7.01546573599984 ], [ 110.291915893000066, -7.015229702999932 ], [ 110.291496278000068, -7.015033720999952 ], [ 110.291015625000171, -7.014954566999904 ], [ 110.290435791000164, -7.014875888999882 ], [ 110.289840698000035, -7.014750002999961 ], [ 110.289581298000087, -7.014900206999926 ], [ 110.289382934000173, -7.014949797999975 ], [ 110.289016724000078, -7.014880178999874 ], [ 110.288658142000088, -7.014709948999894 ], [ 110.288619995000033, -7.014500140999871 ], [ 110.288490295000145, -7.014369964999958 ], [ 110.288360596000132, -7.014322280999977 ], [ 110.288063049000129, -7.01413631399987 ], [ 110.287742614000194, -7.014022348999958 ], [ 110.287567139000146, -7.014021873999923 ], [ 110.287475587000188, -7.01410436499998 ], [ 110.287246703999983, -7.01413488399993 ], [ 110.287033081000175, -7.014134406999972 ], [ 110.286712646000012, -7.014051437999967 ], [ 110.286422730000197, -7.013988971999936 ], [ 110.286262512000121, -7.013864993999903 ], [ 110.286079407000159, -7.013648033999971 ], [ 110.285835265000173, -7.013430595999921 ], [ 110.285667420000038, -7.01335811499996 ], [ 110.285446167000146, -7.013357639999924 ], [ 110.285202026000093, -7.013347149999959 ], [ 110.285072327000137, -7.013352869999892 ], [ 110.28493499800004, -7.013346671999898 ], [ 110.284851074000187, -7.013305187999947 ], [ 110.284820557000046, -7.013222693999978 ], [ 110.284797669000113, -7.013078211999925 ], [ 110.28476715, -7.01294374399987 ], [ 110.28471374500009, -7.012840270999959 ], [ 110.284538269000166, -7.012741088999974 ], [ 110.284622193000189, -7.012598036999975 ], [ 110.284706115, -7.012380599999915 ], [ 110.28471374500009, -7.011343955999962 ], [ 110.28487396200012, -7.011169432999964 ], [ 110.285453797000059, -7.010453223999946 ], [ 110.285667420000038, -7.010196208999844 ], [ 110.285789490000013, -7.010044574999881 ], [ 110.285736083000131, -7.009566782999968 ], [ 110.285758972000167, -7.009312152999883 ], [ 110.285713197, -7.009077548999926 ], [ 110.285552979000101, -7.008668422999904 ], [ 110.285270691, -7.00818538599998 ], [ 110.28507995700005, -7.00803232099986 ], [ 110.283966065000072, -7.007272242999932 ], [ 110.283615113000167, -7.007107256999973 ], [ 110.283325195000145, -7.006969927999876 ], [ 110.282524110000054, -7.006845949999843 ], [ 110.282669067000029, -7.006291388999955 ], [ 110.282714844, -7.005990981999958 ], [ 110.282791137, -7.005381106999948 ], [ 110.282829284000059, -7.005200385999956 ], [ 110.282508849000124, -7.004990577999877 ], [ 110.282150268, -7.004822252999929 ], [ 110.281799316000104, -7.00467300299988 ], [ 110.281318664000139, -7.004560947999948 ], [ 110.280906677000075, -7.004467485999953 ], [ 110.280662537000126, -7.004448412999977 ], [ 110.280410766000159, -7.004468440999858 ], [ 110.280250549000129, -7.004458902999943 ], [ 110.28020477400014, -7.004166126999962 ], [ 110.28019714300018, -7.003998278999859 ], [ 110.280242920000148, -7.003883360999964 ], [ 110.280456543000128, -7.003667830999973 ], [ 110.280593872000054, -7.003535746999944 ], [ 110.280593872000054, -7.003439902999844 ], [ 110.280601502000138, -7.003336427999898 ], [ 110.280647277000071, -7.003223894999905 ], [ 110.280754089000027, -7.003136158999951 ], [ 110.281089783000141, -7.002856252999948 ], [ 110.281082153, -7.002748012999973 ], [ 110.281044006000172, -7.00218534399994 ], [ 110.281036378000067, -7.002002715999936 ], [ 110.280998231000183, -7.00174903899989 ], [ 110.28091430700016, -7.001597881999942 ], [ 110.280601502000138, -7.001101970999912 ], [ 110.280654907000041, -7.000727652999956 ], [ 110.280685424000126, -7.000447272999963 ], [ 110.280708312000058, -7.000284194999949 ], [ 110.280731201000094, -7.000000476999901 ], [ 110.280761720000044, -6.999590872999875 ], [ 110.280929565000179, -6.9989075659999 ], [ 110.282302857000104, -6.998512744999914 ], [ 110.282508849000124, -6.998303889999875 ], [ 110.282699585000103, -6.998122690999878 ], [ 110.282905578000168, -6.997784614999887 ], [ 110.283279418000177, -6.997369288999892 ], [ 110.283531189000144, -6.99713277799998 ], [ 110.283798217000026, -6.996952533999888 ], [ 110.2842865, -6.996875762999935 ], [ 110.284591674000069, -6.99680709699993 ], [ 110.285041808000187, -6.996852873999899 ], [ 110.285446167000146, -6.99695539399994 ], [ 110.286392211000077, -6.997785090999855 ], [ 110.286529540000174, -6.997673034999821 ], [ 110.286628722000046, -6.997653961999902 ], [ 110.286842347, -6.997646808999946 ], [ 110.286972046000187, -6.997555731999967 ], [ 110.287117005000198, -6.997395991999895 ], [ 110.287147522000112, -6.997284411999885 ], [ 110.287269592000087, -6.997117996999975 ], [ 110.287643432000152, -6.997078894999959 ], [ 110.287597655000184, -6.996864794999908 ], [ 110.287521362000177, -6.996603487999948 ], [ 110.287498473000142, -6.996337412999878 ], [ 110.287483215000123, -6.996149538999873 ], [ 110.287368774000129, -6.99591636599996 ], [ 110.287330628000177, -6.995835781999972 ], [ 110.28718566800012, -6.995633601999941 ], [ 110.287162780000131, -6.995428084999958 ], [ 110.287170410000101, -6.995282650999911 ], [ 110.287208557000099, -6.995089531999952 ], [ 110.287208557000099, -6.994937896999886 ], [ 110.287200927000015, -6.994804858999828 ], [ 110.28721618700007, -6.994714258999977 ], [ 110.287170410000101, -6.994596003999959 ], [ 110.28718566800012, -6.994482515999891 ], [ 110.287124633000133, -6.994340896999972 ], [ 110.287094116000162, -6.994152544999963 ], [ 110.287124633000133, -6.993513107999945 ], [ 110.287117005000198, -6.993330001999936 ], [ 110.28705597000004, -6.993170736999957 ], [ 110.286956787000065, -6.993057250999925 ], [ 110.286819459000071, -6.993029117999981 ], [ 110.286743165000189, -6.993056296999896 ], [ 110.286682130000202, -6.993133067999963 ], [ 110.28668975800008, -6.993375778999962 ], [ 110.286674499000185, -6.993465900999979 ], [ 110.286552429000039, -6.993669509999961 ], [ 110.286460877000081, -6.993771074999927 ], [ 110.286338806, -6.993833064999876 ], [ 110.285995483000136, -6.993558406999966 ], [ 110.285728455000026, -6.993313312999874 ], [ 110.285507202000133, -6.993016241999896 ], [ 110.285354615000017, -6.99276113499991 ], [ 110.285255433000145, -6.992600439999933 ], [ 110.285224914000025, -6.992238997999891 ], [ 110.285224914000025, -6.992089270999941 ], [ 110.285125731999983, -6.991971967999973 ], [ 110.285087585000156, -6.991869925999879 ], [ 110.284980775000179, -6.99177551199989 ], [ 110.284858704000101, -6.991739271999904 ], [ 110.284690856999987, -6.991760730999943 ], [ 110.284530639000081, -6.991854667999974 ], [ 110.284362793000014, -6.992027757999892 ], [ 110.2842865, -6.99230289399992 ], [ 110.284172057000035, -6.99259948699995 ], [ 110.284095764000028, -6.99272203299995 ], [ 110.28391265800019, -6.992772577999972 ], [ 110.283729554000104, -6.992704391999951 ], [ 110.283683777000135, -6.992248535999977 ], [ 110.283660888000156, -6.991697309999836 ], [ 110.283638, -6.991383552999878 ], [ 110.28358468100015, -6.991173348999894 ], [ 110.283485016000157, -6.990983028999949 ], [ 110.283370972000114, -6.990851402999908 ], [ 110.283233643000017, -6.990755080999918 ], [ 110.283111572000166, -6.990646360999904 ], [ 110.282859803, -6.990563391999956 ], [ 110.28251648000014, -6.99065732899993 ], [ 110.282295227000191, -6.990627287999928 ], [ 110.282035827000072, -6.990609168999924 ], [ 110.281845093000072, -6.990597248999961 ], [ 110.281661987, -6.990420340999947 ], [ 110.281646728999988, -6.99025487799986 ], [ 110.281837359000178, -6.990137640999933 ], [ 110.282066000000157, -6.989935000999935 ], [ 110.282112001000144, -6.989561 ], [ 110.282120621000161, -6.989527017999933 ], [ 110.282180786000083, -6.989289282999891 ], [ 110.282181792000131, -6.989266023999903 ], [ 110.282183307000196, -6.989231012999937 ], [ 110.282188416000167, -6.98911285399987 ], [ 110.282333373000142, -6.988997936999965 ], [ 110.282714844, -6.988933562999932 ], [ 110.282951355000137, -6.988910674999943 ], [ 110.283031622000124, -6.988985172999946 ], [ 110.283051000000114, -6.989003 ], [ 110.283103973000152, -6.989051974999882 ], [ 110.283470152000177, -6.989191950999952 ], [ 110.283554078000179, -6.989223956999979 ], [ 110.283835983000131, -6.989359672999967 ], [ 110.283832, -6.989283999999884 ], [ 110.283831472000202, -6.989273617999913 ], [ 110.283828736000146, -6.989225386999919 ], [ 110.283816890000082, -6.989096150999899 ], [ 110.283804358000111, -6.988959427999873 ], [ 110.283775001000095, -6.988643000999957 ], [ 110.28371399800011, -6.988271371999872 ], [ 110.283699018999982, -6.988180116999956 ], [ 110.28366851800007, -6.988096236999866 ], [ 110.283587862000104, -6.98797323499997 ], [ 110.283553999000105, -6.987922 ], [ 110.28342203699998, -6.987837440999954 ], [ 110.283348, -6.98779 ], [ 110.283028000000172, -6.987693 ], [ 110.282845000000123, -6.987669 ], [ 110.282725000000141, -6.987664999999879 ], [ 110.282692037000174, -6.987663747999875 ], [ 110.282646178, -6.987662315999955 ], [ 110.282519022000145, -6.987678210999889 ], [ 110.282466096000064, -6.987684825999906 ], [ 110.282363892000092, -6.987697600999923 ], [ 110.2822682850001, -6.987689771999896 ], [ 110.282226819000073, -6.987686375999942 ], [ 110.282142639000199, -6.987679481999919 ], [ 110.281965337000088, -6.987636049999878 ], [ 110.281945804000145, -6.987625437999895 ], [ 110.281867981, -6.987583159999929 ], [ 110.281814574000123, -6.987474917999975 ], [ 110.281843771000126, -6.987398277999944 ], [ 110.281849177000083, -6.987384087999828 ], [ 110.281860341000083, -6.987354778999872 ], [ 110.281974792000085, -6.987282752999874 ], [ 110.282110844000158, -6.987144926999918 ], [ 110.282157951000045, -6.987097049999875 ], [ 110.282164946000194, -6.987068688999955 ], [ 110.282211, -6.986880998999936 ], [ 110.282245585000169, -6.986797008999929 ], [ 110.282295001000193, -6.98667699899994 ], [ 110.282292347000123, -6.98661333299998 ], [ 110.282290171000113, -6.986565453999958 ], [ 110.282287599000085, -6.986508846999868 ], [ 110.282336560000147, -6.986363317999917 ], [ 110.28234930900004, -6.986325423999972 ], [ 110.282356242, -6.986304817999951 ], [ 110.282388022000134, -6.986281148999979 ], [ 110.282501221000189, -6.986196994999943 ], [ 110.282745360000035, -6.986149309999973 ], [ 110.28299731300001, -6.986141436999958 ], [ 110.28308362100006, -6.986138739999888 ], [ 110.283111572000166, -6.986137866999911 ], [ 110.283271790000072, -6.986179828999923 ], [ 110.283439635000036, -6.986258505999956 ], [ 110.283714295000038, -6.986391066999886 ], [ 110.283769704000065, -6.986419280999939 ], [ 110.283973767000191, -6.986522880999871 ], [ 110.28404101700005, -6.986537553999938 ], [ 110.284172057000035, -6.986565589999941 ], [ 110.284368744000062, -6.986566 ], [ 110.284400999000184, -6.986566 ], [ 110.28446964200009, -6.986537486999964 ], [ 110.284530647000054, -6.986512146999871 ], [ 110.284553528000117, -6.986403941999981 ], [ 110.284612940000045, -6.986256649999973 ], [ 110.284634008000182, -6.986204418999932 ], [ 110.284645001000115, -6.986177 ], [ 110.284702357000072, -6.98601874499991 ], [ 110.284785211000155, -6.985789857999976 ], [ 110.284835816000168, -6.985650061999877 ], [ 110.284852202000138, -6.985637207999957 ], [ 110.284987631000035, -6.985530289999929 ], [ 110.284965566000096, -6.985392406999949 ], [ 110.284942626000145, -6.98525381099995 ], [ 110.28489335900008, -6.985117885999898 ], [ 110.284881121000126, -6.985084123999968 ], [ 110.284782410000048, -6.984811782999884 ], [ 110.284599305000086, -6.984255790999896 ], [ 110.284477234000178, -6.983973502999959 ], [ 110.284599305000086, -6.98397541099996 ], [ 110.284706115, -6.983933925999906 ], [ 110.284797669000113, -6.983417034999945 ], [ 110.285034180000082, -6.982969760999879 ], [ 110.285232544000166, -6.982828139999981 ], [ 110.285820007000154, -6.982692717999953 ], [ 110.28603363000019, -6.982583522999903 ], [ 110.286125184000127, -6.982507228999964 ], [ 110.286231994000048, -6.98242044299991 ], [ 110.286338806, -6.982387541999969 ], [ 110.286361695000039, -6.982578752999871 ], [ 110.286338806, -6.982720374999928 ], [ 110.286300659000119, -6.982878684999889 ], [ 110.286468505000187, -6.982955455999956 ], [ 110.286621094000111, -6.982950209999956 ], [ 110.286972046000187, -6.982798097999876 ], [ 110.287490845000036, -6.982635020999908 ], [ 110.287643432000152, -6.982645988999934 ], [ 110.287773133000144, -6.982629774999907 ], [ 110.287940979000155, -6.982635497999922 ], [ 110.288139343000068, -6.98263597499988 ], [ 110.288375854000151, -6.982592582999928 ], [ 110.288551330000132, -6.982571124999936 ], [ 110.288742066000111, -6.982516764999957 ], [ 110.288925170000141, -6.982571601999894 ], [ 110.289031982000097, -6.982626437999897 ], [ 110.289283752000131, -6.982681274999891 ], [ 110.289436341000055, -6.982637882999938 ], [ 110.28963470500014, -6.982687472999885 ], [ 110.289878845000089, -6.982747553999957 ], [ 110.290107728000123, -6.982704638999962 ], [ 110.290229798000098, -6.982557296999971 ], [ 110.290359497000054, -6.982338903999903 ], [ 110.290397644000109, -6.982219218999944 ], [ 110.290679932000046, -6.982148647999963 ], [ 110.29079437200005, -6.982143401999906 ], [ 110.290878296000074, -6.982138156999895 ], [ 110.291015625000171, -6.982138156999895 ], [ 110.291107177000129, -6.982100009999954 ], [ 110.291160584000181, -6.982050895999976 ], [ 110.291267395000034, -6.981909273999975 ], [ 110.291336060000106, -6.98180580199994 ], [ 110.291404724000131, -6.981745718999946 ], [ 110.29153442400019, -6.981696605999957 ], [ 110.291656495000097, -6.981658934999871 ], [ 110.291801452000072, -6.981697081999926 ], [ 110.291938781000169, -6.981921194999927 ], [ 110.291999817000089, -6.982079504999945 ], [ 110.292137145000083, -6.982145309999964 ], [ 110.292304993000073, -6.982172965999951 ], [ 110.292343140000128, -6.982101917999955 ], [ 110.292388917000096, -6.982009410999922 ], [ 110.292488099000138, -6.981933117999915 ], [ 110.292686463000052, -6.981916903999888 ], [ 110.293037415000128, -6.982070445999909 ], [ 110.293190002000074, -6.98215246299992 ], [ 110.293281554000146, -6.982103347999953 ], [ 110.293357850000064, -6.982010840999976 ], [ 110.293441772000108, -6.981890677999957 ], [ 110.293426513000156, -6.98166942499995 ], [ 110.293388367000034, -6.981510637999975 ], [ 110.293342590000066, -6.98134374499989 ], [ 110.293373108000083, -6.981115341999953 ], [ 110.293617249000135, -6.979990958999963 ], [ 110.29382324200003, -6.979472636999901 ], [ 110.293968201000041, -6.978866576999962 ], [ 110.293914796000138, -6.978585720999888 ], [ 110.293785094999976, -6.978368757999874 ], [ 110.293685913000161, -6.978189944999826 ], [ 110.293502807000095, -6.977794170999914 ], [ 110.293479919000163, -6.977512835999846 ], [ 110.293395997000118, -6.977284431999976 ], [ 110.293197632000158, -6.977011679999919 ], [ 110.292938233000086, -6.976747511999918 ], [ 110.292678833000139, -6.976536274999944 ], [ 110.292465211000035, -6.976119994999976 ], [ 110.29228210500014, -6.97597789799994 ], [ 110.291984558000138, -6.975824355999919 ], [ 110.291831971000022, -6.97557306199991 ], [ 110.291893006, -6.975409506999881 ], [ 110.291763305000018, -6.974754333999954 ], [ 110.291610718000129, -6.97437238599997 ], [ 110.291450501000099, -6.97401189899989 ], [ 110.291290283000137, -6.973760604999882 ], [ 110.291221618000066, -6.973558424999965 ], [ 110.291076661000091, -6.973318098999869 ], [ 110.290931701000147, -6.973083017999954 ], [ 110.290733337000063, -6.972858904999953 ], [ 110.290519715000187, -6.972612857999934 ], [ 110.290412902000128, -6.972432612999967 ], [ 110.290260315000012, -6.972296237999956 ], [ 110.290122986000142, -6.972192285999881 ], [ 110.289878845000089, -6.971919058999845 ], [ 110.289550782000049, -6.971334455999965 ], [ 110.289436341000055, -6.971257686999934 ], [ 110.289268493, -6.971131801999888 ], [ 110.289070129000152, -6.971082686999921 ], [ 110.288726806000057, -6.970956325999964 ], [ 110.28861236500012, -6.970885276999923 ], [ 110.288528441000096, -6.970792292999874 ], [ 110.288459778000174, -6.970694065999908 ], [ 110.28826141400009, -6.970601081999973 ], [ 110.287895202000186, -6.970535755999947 ], [ 110.287780761000022, -6.970432758999948 ], [ 110.28768157899998, -6.970297336999977 ], [ 110.287628174000133, -6.970180033999952 ], [ 110.287597655000184, -6.970109462999972 ], [ 110.287406921000184, -6.969877242999928 ], [ 110.287277222000057, -6.969840525999928 ], [ 110.286651611000025, -6.969674110999904 ], [ 110.286407472000178, -6.969498156999975 ], [ 110.286125184000127, -6.969243049999932 ], [ 110.285957336000081, -6.969067096999936 ], [ 110.285942078000062, -6.968996523999976 ], [ 110.286109925000176, -6.96875953599988 ], [ 110.28630828900009, -6.968451975999926 ], [ 110.286865234000061, -6.968551157999968 ], [ 110.287513734000072, -6.968704222999918 ], [ 110.287658850000184, -6.968731908999928 ], [ 110.287750244999984, -6.968749044999925 ], [ 110.287768776, -6.968753810999942 ], [ 110.287949000000197, -6.968800000999977 ], [ 110.288033, -6.96887 ], [ 110.288220852000109, -6.968916963999959 ], [ 110.288352966000048, -6.968949793999911 ], [ 110.289146423000034, -6.969339847999947 ], [ 110.289237977000198, -6.969394682999962 ], [ 110.289305579000086, -6.96942531499991 ], [ 110.289451599000074, -6.969491481999967 ], [ 110.290063383000074, -6.969820837999976 ], [ 110.290122986000142, -6.969852923999952 ], [ 110.291389465, -6.970588683999893 ], [ 110.292259216000105, -6.97110795999987 ], [ 110.292590173000065, -6.971320633999881 ], [ 110.292801, -6.971455999999876 ], [ 110.293549, -6.97186 ], [ 110.294403, -6.972241 ], [ 110.295073999000067, -6.972445000999926 ], [ 110.295520125, -6.972598953999977 ], [ 110.295867920000092, -6.972718715999918 ], [ 110.296410751000167, -6.972894409999981 ], [ 110.296722413, -6.972995280999896 ], [ 110.297130309000011, -6.973139259999925 ], [ 110.297523498000146, -6.973278044999915 ], [ 110.298011898000027, -6.973355809999873 ], [ 110.29821777300009, -6.973426818999883 ], [ 110.298736572000166, -6.973519325999973 ], [ 110.299438477000024, -6.973546504999945 ], [ 110.300048828000172, -6.973567007999861 ], [ 110.300727845000154, -6.973541736999891 ], [ 110.301490784000123, -6.973496914999942 ], [ 110.301994325000123, -6.973425863999978 ], [ 110.302703858000143, -6.97331857699993 ], [ 110.303390503000173, -6.973214626999948 ], [ 110.303649902000075, -6.97318839999997 ], [ 110.303749084000117, -6.973176001999946 ], [ 110.304206848000149, -6.973104476999936 ], [ 110.305305480000072, -6.972955226999943 ], [ 110.306068421000077, -6.97288465399987 ], [ 110.306976318000125, -6.972767830999885 ], [ 110.307579041000167, -6.972702979999951 ], [ 110.30837249800004, -6.972622393999927 ], [ 110.309104920000038, -6.972558020999941 ], [ 110.309745788000157, -6.972552297999925 ], [ 110.310226440000122, -6.972553252999887 ], [ 110.311027528000125, -6.97247886699995 ], [ 110.311813355000027, -6.972414493999963 ], [ 110.312438964000023, -6.972389220999844 ], [ 110.312721252000131, -6.972409248999895 ], [ 110.31309509200014, -6.972504615999981 ], [ 110.313491821000184, -6.972721575999969 ], [ 110.313789368000016, -6.972918509999943 ], [ 110.313919068000132, -6.973063944999979 ], [ 110.313980102000187, -6.973167896999939 ], [ 110.314224243000069, -6.973423956999909 ], [ 110.314498901000036, -6.973784922999926 ], [ 110.314819336000141, -6.974073409999903 ], [ 110.315162659000066, -6.974309920999929 ], [ 110.315689087000123, -6.974579332999951 ], [ 110.316131592000033, -6.974819183999898 ], [ 110.316596984000171, -6.974990366999918 ], [ 110.317375183000138, -6.975234030999957 ], [ 110.317878724000195, -6.975358961999973 ], [ 110.318214417000149, -6.975411891999897 ], [ 110.319038391000106, -6.975529192999943 ], [ 110.319343568000022, -6.975550173999977 ], [ 110.319702149000136, -6.975639819999969 ], [ 110.319808959999989, -6.975653647999934 ], [ 110.32044219900007, -6.975706575999936 ], [ 110.32105255100015, -6.975766658999873 ], [ 110.321479798000041, -6.975787161999961 ], [ 110.32187652600004, -6.975852964999888 ], [ 110.322456361000093, -6.975925920999885 ], [ 110.322807312000123, -6.975965975999941 ], [ 110.323043824000138, -6.975965975999941 ], [ 110.323554993000073, -6.975993156999948 ], [ 110.323989868000069, -6.975990293999814 ], [ 110.324714659999984, -6.975985048999974 ], [ 110.325462342000037, -6.975953101999949 ], [ 110.326164245000143, -6.975974082999869 ], [ 110.327064514000085, -6.976037501999883 ], [ 110.327926635000097, -6.976064682999947 ], [ 110.328605652000078, -6.976124762999916 ], [ 110.329513549000126, -6.976234435999913 ], [ 110.329635620000033, -6.976252078999892 ], [ 110.329711914000143, -6.976274012999909 ], [ 110.330047607000097, -6.97633981599995 ], [ 110.330482482000093, -6.976497649999942 ], [ 110.33084106400014, -6.976786613999877 ], [ 110.331352233000018, -6.977292059999968 ], [ 110.331909179000093, -6.977940082999908 ], [ 110.332077027000139, -6.978109835999931 ], [ 110.3321914670002, -6.978199957999948 ], [ 110.332496644000116, -6.978489875999969 ], [ 110.333251952000126, -6.979179858999942 ], [ 110.333946227000069, -6.980040073999874 ], [ 110.334083556000166, -6.980199813999945 ], [ 110.334327697000049, -6.980490207999878 ], [ 110.334381103, -6.980549812999925 ], [ 110.334518434000074, -6.980710029999955 ], [ 110.33551788300008, -6.981929779999973 ], [ 110.336051941000051, -6.982560156999909 ], [ 110.336242675000051, -6.982789992999926 ], [ 110.336410522000165, -6.983009815999935 ], [ 110.336456299000133, -6.983079908999969 ], [ 110.336639403000163, -6.983250141999974 ], [ 110.336708069000167, -6.983359813999925 ], [ 110.337051392000035, -6.983729838999977 ], [ 110.337303162000126, -6.983990191999965 ], [ 110.337577820000092, -6.984280109999929 ], [ 110.337821961000145, -6.984459875999903 ], [ 110.338203429000089, -6.984670160999883 ], [ 110.338676453000119, -6.984930037999902 ], [ 110.339019775000111, -6.985050200999979 ], [ 110.339607240000134, -6.985260008999944 ], [ 110.340400697000177, -6.985519885999963 ], [ 110.340736390000131, -6.985630035999975 ], [ 110.341178894000166, -6.985770224999953 ], [ 110.341712951000034, -6.985909938999953 ], [ 110.342140198000095, -6.985980034999898 ], [ 110.3423995980001, -6.986030101999972 ], [ 110.34288787800017, -6.98600006099997 ], [ 110.344093323000152, -6.985939979999955 ], [ 110.344436646000077, -6.985909938999953 ], [ 110.344528197999978, -6.985899925999945 ], [ 110.344757081000182, -6.985869884999943 ], [ 110.344978332000096, -6.985829829999943 ], [ 110.345222473000149, -6.985779762999869 ], [ 110.345626832000107, -6.985750198999881 ], [ 110.345901490000131, -6.985750198999881 ], [ 110.346412659, -6.985730170999943 ], [ 110.346679688, -6.985690115999887 ], [ 110.346878053000182, -6.985660074999885 ], [ 110.347122192000199, -6.985620020999875 ], [ 110.347587586000145, -6.985479830999907 ], [ 110.347808839000095, -6.98539018699995 ], [ 110.34796142600004, -6.985320090999949 ], [ 110.348037720000093, -6.985290049999946 ], [ 110.348281861000146, -6.985179899999878 ], [ 110.348609924000016, -6.985000133999904 ], [ 110.348831177000136, -6.984819887999947 ], [ 110.348983764000025, -6.984670160999883 ], [ 110.349220275000164, -6.98441982199995 ], [ 110.3497467050002, -6.983590124999978 ], [ 110.349830627000017, -6.983449935999943 ], [ 110.349967957000047, -6.983260154999925 ], [ 110.35037994400011, -6.982699870999966 ], [ 110.35056304800014, -6.982570169999974 ], [ 110.350708008000083, -6.982510089999948 ], [ 110.350936890000185, -6.98239993999988 ], [ 110.351089478, -6.982379913999921 ], [ 110.351318359000061, -6.98239993999988 ], [ 110.351600647000112, -6.982409954999923 ], [ 110.351936340000123, -6.982480047999957 ], [ 110.3528823850001, -6.982739924999976 ], [ 110.353248596000128, -6.982840059999887 ], [ 110.353340148000086, -6.982880114999944 ], [ 110.353759765000063, -6.983069895999904 ], [ 110.353866578000122, -6.983109949999857 ], [ 110.354141236000089, -6.983200071999931 ], [ 110.354347228000108, -6.983300208999879 ], [ 110.354736329000048, -6.983479974999909 ], [ 110.354927063, -6.983580111999856 ], [ 110.355560302000072, -6.983850001999883 ], [ 110.356178284000066, -6.984159946999966 ], [ 110.356552124000075, -6.98437976799994 ], [ 110.356643676000033, -6.984459875999903 ], [ 110.356742858000075, -6.984529971999905 ], [ 110.357048035, -6.98486995799982 ], [ 110.357192994000172, -6.985030172999927 ], [ 110.35758209200003, -6.985727787999906 ], [ 110.357673644000158, -6.985889910999902 ], [ 110.357856750000053, -6.986080169999923 ], [ 110.358093261000135, -6.986189841999931 ], [ 110.358451843000182, -6.986299991999942 ], [ 110.359458922999977, -6.986470222999969 ], [ 110.360183716, -6.986589907999928 ], [ 110.360702516000117, -6.986649988999943 ], [ 110.361022948000198, -6.986680029999945 ], [ 110.361152649000132, -6.986690042999953 ], [ 110.36145782400007, -6.986720084999945 ], [ 110.36167907700019, -6.986742019999895 ], [ 110.361923218000072, -6.986755847999973 ], [ 110.362304688000165, -6.986791132999883 ], [ 110.362854004000155, -6.986896990999924 ], [ 110.363113404000103, -6.986941336999962 ], [ 110.363182067000196, -6.986967085999936 ], [ 110.363471985000047, -6.987054824999916 ], [ 110.36408233700007, -6.987300396999899 ], [ 110.364662171000077, -6.987493515999972 ], [ 110.365386963000049, -6.987686634999875 ], [ 110.365974426000037, -6.987853049999899 ], [ 110.366569518000063, -6.987906454999973 ], [ 110.367286682000099, -6.987837313999933 ], [ 110.367523193000011, -6.987813472999903 ], [ 110.367637633000072, -6.98779010699991 ], [ 110.367958068000064, -6.987740039999949 ], [ 110.368156433000195, -6.987741946999961 ], [ 110.368179321000127, -6.987820148999958 ], [ 110.368461609000065, -6.988800048999906 ], [ 110.36859130800002, -6.989220141999965 ], [ 110.368682862000128, -6.989560126999947 ], [ 110.368988037000065, -6.990719794999961 ], [ 110.369041444000175, -6.990990161999946 ], [ 110.369216920000099, -6.991990088999898 ], [ 110.369087219000107, -6.993299959999945 ], [ 110.369018555000139, -6.993480205999902 ], [ 110.368980408000084, -6.993597506999947 ], [ 110.368942262000132, -6.993760108999879 ], [ 110.368583680000143, -6.994939804999888 ], [ 110.368568420000088, -6.995240210999953 ], [ 110.368637084999989, -6.995629786999871 ], [ 110.368728637000117, -6.995960234999927 ], [ 110.368873596000128, -6.996369838999897 ], [ 110.368942262000132, -6.996550082999875 ], [ 110.369132996000076, -6.99696016199988 ], [ 110.36952209400016, -6.997570037999935 ], [ 110.370132445000081, -6.998320102999969 ], [ 110.370201111000085, -6.998410224999873 ], [ 110.37056732100001, -6.998899935999816 ], [ 110.370773315000179, -6.999360083999875 ], [ 110.370849609000118, -6.99977016399987 ], [ 110.370887756000172, -6.999999998999954 ], [ 110.370910644000105, -7.000110148999852 ], [ 110.370941163000055, -7.000309943999923 ], [ 110.371032715000183, -7.000810146999925 ], [ 110.371139527000139, -7.001200197999879 ], [ 110.371459960000095, -7.001820086999942 ], [ 110.371788025000114, -7.002180098999872 ], [ 110.371978759000115, -7.002339838999944 ], [ 110.37232971300017, -7.002530097999966 ], [ 110.373016358000086, -7.002779959999941 ], [ 110.373268127000188, -7.002860067999904 ], [ 110.373641967000026, -7.002950189999979 ], [ 110.374237060000155, -7.003119944999924 ], [ 110.37474822900009, -7.00329017599995 ], [ 110.374992370000143, -7.00338983599994 ], [ 110.37547302300004, -7.00368022899994 ], [ 110.375602722, -7.003829955999947 ], [ 110.376602173000038, -7.005010126999935 ], [ 110.376831054000036, -7.005300044999899 ], [ 110.376907348000145, -7.005390166999916 ], [ 110.376991272000168, -7.005479812999965 ], [ 110.377769470000032, -7.006279945999893 ], [ 110.377952576000098, -7.006470202999935 ], [ 110.378005982000104, -7.006526946999827 ], [ 110.378288270000155, -7.006895064999981 ], [ 110.378379822000113, -7.006939886999874 ], [ 110.378479004000155, -7.007112024999913 ], [ 110.379981994000161, -7.008798121999973 ], [ 110.380317688000048, -7.009185314999968 ], [ 110.381668091000108, -7.010651110999902 ], [ 110.381889344000058, -7.010924815999886 ], [ 110.382957459000068, -7.011770247999948 ], [ 110.384674072000053, -7.013076304999913 ], [ 110.387260438, -7.015043258999981 ], [ 110.387321472999986, -7.015420913999947 ], [ 110.387428283000133, -7.015857696999944 ], [ 110.38751983700007, -7.016244887999903 ], [ 110.387405395000201, -7.016544818999932 ], [ 110.387290954000036, -7.016864776999967 ], [ 110.387138367000148, -7.017231463999906 ], [ 110.38707733200016, -7.017385481999952 ], [ 110.38666534500004, -7.017424105999964 ], [ 110.38616943400018, -7.017396926999936 ], [ 110.385688781999988, -7.01738977399998 ], [ 110.385360719000118, -7.017349241999966 ], [ 110.385040284000183, -7.017365455999879 ], [ 110.384719849000021, -7.017431735999878 ], [ 110.384323120000147, -7.017518042999939 ], [ 110.383926392000035, -7.017557143999966 ], [ 110.383483886000192, -7.017590045999896 ], [ 110.383255005000137, -7.017696380999951 ], [ 110.383010864000141, -7.018039701999896 ], [ 110.382904053000061, -7.018499850999945 ], [ 110.382858276000093, -7.01885318799998 ], [ 110.382545472000174, -7.019673345999877 ], [ 110.382392882000147, -7.020213126999977 ], [ 110.382179260000044, -7.020392894999929 ], [ 110.382064819000107, -7.020436763999896 ], [ 110.381935120000094, -7.020485876999885 ], [ 110.38159942700014, -7.020432471999925 ], [ 110.381286620000083, -7.02009153299997 ], [ 110.381034851000152, -7.019680976999894 ], [ 110.380783082000164, -7.019214151999904 ], [ 110.38035583400017, -7.018652915999951 ], [ 110.380050660000165, -7.018099307999933 ], [ 110.379829407000045, -7.017745495999975 ], [ 110.379684448000035, -7.017660141999954 ], [ 110.379577638000114, -7.0176048269999 ], [ 110.379394532000049, -7.017558096999949 ], [ 110.379150390000063, -7.017550943999879 ], [ 110.378952026000036, -7.017730712999935 ], [ 110.378852844000164, -7.018004417999919 ], [ 110.378753662000122, -7.018411159999914 ], [ 110.378646851000099, -7.019087790999947 ], [ 110.37860107400013, -7.019447802999878 ], [ 110.378608705000147, -7.019854544999873 ], [ 110.378616333000025, -7.020261763999827 ], [ 110.378486634000069, -7.020831584999883 ], [ 110.378395080000132, -7.021151542999974 ], [ 110.378242493000187, -7.021691797999949 ], [ 110.378128052000079, -7.022091864999879 ], [ 110.378135680000128, -7.022485255999925 ], [ 110.378150941000058, -7.022608278999883 ], [ 110.378158569, -7.022858619999909 ], [ 110.378128052000079, -7.02302551299988 ], [ 110.378051759000073, -7.023087023999892 ], [ 110.377975463000155, -7.023113249999938 ], [ 110.377815247, -7.023105143999885 ], [ 110.377532959000121, -7.022871493999901 ], [ 110.376976013000046, -7.022423744999912 ], [ 110.376251222, -7.021909235999885 ], [ 110.376029969000115, -7.021809100999974 ], [ 110.375061036000147, -7.021020411999871 ], [ 110.374664307000103, -7.020732402999954 ], [ 110.374519348000092, -7.020602226999927 ], [ 110.374275207000039, -7.020363330999942 ], [ 110.373924255000134, -7.020123004999959 ], [ 110.373847962000127, -7.020072459999881 ] ], [ [ 110.284860985000023, -6.988734668999939 ], [ 110.284812927000132, -6.988740443999973 ], [ 110.284743655000113, -6.98881664399994 ], [ 110.28473672400014, -6.988824269999952 ], [ 110.284599511000067, -6.988950062999891 ], [ 110.284748621000176, -6.98896829399996 ], [ 110.284828186000084, -6.988977907999981 ], [ 110.28492218700012, -6.988945921999914 ], [ 110.284965532000058, -6.988931166999919 ], [ 110.285138603000121, -6.988800245999926 ], [ 110.284911999000201, -6.988729000999967 ], [ 110.284860985000023, -6.988734668999939 ] ] ] ] } },
{ "type": "Feature", "properties": { "Kecamatan": "Pedurungan", "Kota": "Kota Semarang", "adm3": "33.74.06" }, "geometry": { "type": "MultiPolygon", "coordinates": [ [ [ [ 110.483665000000201, -7.04054 ], [ 110.483638, -7.040593999999885 ], [ 110.483630411000092, -7.040609599999868 ], [ 110.483619690000182, -7.040630817999954 ], [ 110.483329772000161, -7.040609836999977 ], [ 110.483100891000163, -7.040639875999886 ], [ 110.482978821000188, -7.040630340999883 ], [ 110.482727051000097, -7.040648458999954 ], [ 110.482368469000107, -7.040573119999976 ], [ 110.482025146000012, -7.040449619999947 ], [ 110.481452942000146, -7.04020643299998 ], [ 110.481163025, -7.040015219999873 ], [ 110.481048585000167, -7.03983068399998 ], [ 110.480987550000179, -7.039680003999933 ], [ 110.481018066000047, -7.039475440999979 ], [ 110.481185914000037, -7.038959979999959 ], [ 110.481407165000178, -7.03864574499994 ], [ 110.481651306, -7.038202284999898 ], [ 110.481750488000046, -7.037970065999957 ], [ 110.48175811800013, -7.037884711999936 ], [ 110.481704711000077, -7.037747859999968 ], [ 110.481613159000119, -7.037528990999874 ], [ 110.481384278000121, -7.037351606999948 ], [ 110.481170654000039, -7.037207602999956 ], [ 110.480987550000179, -7.037101744999973 ], [ 110.480865479000101, -7.036978721999901 ], [ 110.480789185, -7.036759853999911 ], [ 110.480796813000097, -7.036589145999926 ], [ 110.480949403000125, -7.036274908999928 ], [ 110.481002808000198, -7.0361113539999 ], [ 110.480979919000163, -7.035936832999937 ], [ 110.480804444000114, -7.035704611999904 ], [ 110.480567932000099, -7.03543090699992 ], [ 110.480422973000088, -7.035130500999855 ], [ 110.48037719600012, -7.034710405999931 ], [ 110.480339050000168, -7.034443855999882 ], [ 110.480346680000082, -7.034088611999891 ], [ 110.480300903000114, -7.033856390999972 ], [ 110.48018646200012, -7.033705710999925 ], [ 110.480064392000145, -7.033258437999962 ], [ 110.479927063000105, -7.032834529999946 ], [ 110.479843139000081, -7.032472610999946 ], [ 110.479721069999982, -7.032137869999929 ], [ 110.479599, -7.031471728999975 ], [ 110.479568481000058, -7.031328199999905 ], [ 110.479515075999984, -7.031000136999978 ], [ 110.479476929000157, -7.030836103999889 ], [ 110.47933960000006, -7.030583381999918 ], [ 110.479347228000165, -7.03035783699994 ], [ 110.479347228000165, -7.03018045399989 ], [ 110.479270934000056, -7.029883384999948 ], [ 110.479141236000146, -7.029753207999931 ], [ 110.478996277000135, -7.029541490999975 ], [ 110.478919983000083, -7.029281615999878 ], [ 110.478904725000064, -7.029069900999957 ], [ 110.478828431000125, -7.028864859999942 ], [ 110.478744507000101, -7.028714656999966 ], [ 110.47875976500012, -7.028584955999975 ], [ 110.478775024000072, -7.028253555999981 ], [ 110.478683472000114, -7.02714681599997 ], [ 110.478668213, -7.026948928999957 ], [ 110.478385925000111, -7.026494025999966 ], [ 110.478202819000046, -7.02624130199996 ], [ 110.478050232000157, -7.025913238999976 ], [ 110.477905273000147, -7.025667189999979 ], [ 110.477874756000176, -7.02540063899994 ], [ 110.477706909000062, -7.025048732999949 ], [ 110.477447509000115, -7.024522780999973 ], [ 110.477394104000041, -7.024358747999884 ], [ 110.477272033000133, -7.024290084999961 ], [ 110.477104188, -7.024214743999948 ], [ 110.476943970000093, -7.024180411999964 ], [ 110.476799011000082, -7.024043560999928 ], [ 110.476638794000053, -7.023715495999966 ], [ 110.476478576000147, -7.023325919999934 ], [ 110.476257323000198, -7.02256250399995 ], [ 110.476089478000063, -7.022179603999973 ], [ 110.475997926000161, -7.022041319999971 ], [ 110.475822448000201, -7.021959780999964 ], [ 110.475631714000031, -7.021844862999956 ], [ 110.475555420000148, -7.021835326999906 ], [ 110.475494385000161, -7.021797180999954 ], [ 110.475402833000203, -7.021778106999875 ], [ 110.475265504000106, -7.021710871999971 ], [ 110.475128173000201, -7.021558284999969 ], [ 110.475135803000114, -7.021443843999918 ], [ 110.475135803000114, -7.021338938999975 ], [ 110.475212097000053, -7.02122449899997 ], [ 110.47524261500007, -7.021129131999828 ], [ 110.47524261500007, -7.020967006999911 ], [ 110.475204469000118, -7.020833492999941 ], [ 110.475120545000095, -7.020728110999926 ], [ 110.475013732000093, -7.020613669999875 ], [ 110.474868775000061, -7.020489691999956 ], [ 110.474792480000076, -7.020453452999959 ], [ 110.47457885700004, -7.02035379299997 ], [ 110.474372865000078, -7.020247935999919 ], [ 110.474227905000134, -7.020193099999915 ], [ 110.474136353000063, -7.02014017099998 ], [ 110.473953247000168, -7.020100115999924 ], [ 110.473800658000073, -7.020008563999909 ], [ 110.47367095900006, -7.019902228999911 ], [ 110.473503114000152, -7.019710062999934 ], [ 110.473396301000093, -7.019491194999944 ], [ 110.473320008000087, -7.019289492999917 ], [ 110.473258972, -7.019199848999961 ], [ 110.473197937, -7.019149778999918 ], [ 110.472816467000087, -7.018929958999934 ], [ 110.472702026000093, -7.018879888999948 ], [ 110.472297668000067, -7.018710135999982 ], [ 110.472129822, -7.018640039999923 ], [ 110.471450805000075, -7.018169880999949 ], [ 110.471389770000087, -7.018123148999962 ], [ 110.470886231000065, -7.017749785999968 ], [ 110.470596313000044, -7.017439841999931 ], [ 110.470230103000119, -7.016980169999897 ], [ 110.47015380900001, -7.016819952999981 ], [ 110.470031739000035, -7.016689776999954 ], [ 110.469421388000114, -7.01654004999989 ], [ 110.467720031000113, -7.015920162999976 ], [ 110.467460633000144, -7.015830038999979 ], [ 110.467140197999981, -7.015729903999954 ], [ 110.466888427000015, -7.015659807999896 ], [ 110.466781616000162, -7.0156202309999 ], [ 110.466659546000187, -7.015570163999939 ], [ 110.466209412000069, -7.015369891999967 ], [ 110.466079711000077, -7.015319824999949 ], [ 110.465751648000037, -7.015190123999957 ], [ 110.465553284000123, -7.015170097999885 ], [ 110.465431213000102, -7.015120029999935 ], [ 110.465209961000085, -7.015049933999876 ], [ 110.46498108000003, -7.014964580999958 ], [ 110.46484375100016, -7.014941691999979 ], [ 110.464546204000158, -7.014818668999965 ], [ 110.46426391600005, -7.014639377999856 ], [ 110.463989258000083, -7.014408586999934 ], [ 110.463813782000102, -7.014319895999961 ], [ 110.46360015800019, -7.014319895999961 ], [ 110.463371277000192, -7.014249801999938 ], [ 110.463226318000181, -7.014224052999964 ], [ 110.462974548000147, -7.014153002999933 ], [ 110.462562561000027, -7.014068125999927 ], [ 110.462303162000183, -7.013964175999945 ], [ 110.462272645000041, -7.013860225999963 ], [ 110.462120056000117, -7.01356601699996 ], [ 110.461990357000161, -7.013396261999958 ], [ 110.461875916000167, -7.013090132999935 ], [ 110.461860656000169, -7.012826442999938 ], [ 110.461875916000167, -7.01253938699989 ], [ 110.461853028000064, -7.012294767999947 ], [ 110.461715699000138, -7.012044905999971 ], [ 110.461547851000091, -7.011819837999951 ], [ 110.461494446000074, -7.011761187999923 ], [ 110.461441039000135, -7.011663435999935 ], [ 110.461303710000095, -7.01151704699987 ], [ 110.461135864000028, -7.01144170799995 ], [ 110.460807799000179, -7.011342525999908 ], [ 110.460517883000136, -7.011252878999869 ], [ 110.460395812000115, -7.011233805999893 ], [ 110.460166932000163, -7.011145591999878 ], [ 110.460113525999986, -7.011092185999814 ], [ 110.459854127000142, -7.010927198999923 ], [ 110.459648132000041, -7.010832786999913 ], [ 110.459526062000066, -7.010797022999895 ], [ 110.459388733000196, -7.010738372999924 ], [ 110.459152222000057, -7.010681629999965 ], [ 110.458915710000042, -7.01058721499993 ], [ 110.45881652800017, -7.010540007999964 ], [ 110.458641053000122, -7.010464191999972 ], [ 110.458396911000193, -7.010426520999886 ], [ 110.458084106000115, -7.010407446999977 ], [ 110.457786560000045, -7.010284423999963 ], [ 110.457298279000042, -7.010128498999904 ], [ 110.457153320000032, -7.010076521999963 ], [ 110.457000733000143, -7.010001182999872 ], [ 110.456832885000097, -7.009892462999915 ], [ 110.456619263000164, -7.009671209999908 ], [ 110.45639038000013, -7.009482383999909 ], [ 110.4562072760001, -7.009379863999868 ], [ 110.455940246000011, -7.009300231999873 ], [ 110.455673218000129, -7.009170053999924 ], [ 110.455474854000101, -7.009088992999978 ], [ 110.455352783000194, -7.00901937499998 ], [ 110.455055237000067, -7.008930204999899 ], [ 110.454689025000164, -7.008885382999892 ], [ 110.454475402000185, -7.008867739999971 ], [ 110.454315185000155, -7.008828639999933 ], [ 110.454101562000119, -7.008811473999913 ], [ 110.453880310000102, -7.008750438999925 ], [ 110.453697204000093, -7.008644579999952 ], [ 110.453582763000099, -7.00847244199997 ], [ 110.453498839000076, -7.00825643599984 ], [ 110.453369141, -7.008110046999889 ], [ 110.45317840600012, -7.007979870999975 ], [ 110.453010559, -7.007909774999916 ], [ 110.452857972000118, -7.007884025999942 ], [ 110.452705384000069, -7.007839201999957 ], [ 110.452507019999985, -7.007811545999971 ], [ 110.452217102000191, -7.007805347999977 ], [ 110.451873780000199, -7.007849216999887 ], [ 110.451652527000078, -7.007800101999919 ], [ 110.451438903, -7.0076799389999 ], [ 110.450279236000085, -7.006999969999981 ], [ 110.450042725000117, -7.006840229999966 ], [ 110.449783325000169, -7.006599902999824 ], [ 110.449707031000059, -7.006460189999871 ], [ 110.449577331000171, -7.006205081999951 ], [ 110.449539184000116, -7.006129263999981 ], [ 110.451690674000133, -7.004068374999974 ], [ 110.452613830000132, -7.003120897999906 ], [ 110.453025817000025, -7.002518176999956 ], [ 110.453262328000164, -7.002043722999872 ], [ 110.453598022000051, -7.001271246999977 ], [ 110.453765869000165, -7.00078916599989 ], [ 110.453849793000188, -7.000238894999939 ], [ 110.453903198000091, -6.99970006999996 ], [ 110.453910828000176, -6.999202726999897 ], [ 110.453887940000072, -6.998735427999975 ], [ 110.453842163000104, -6.998238086999947 ], [ 110.453674317000036, -6.997103213999935 ], [ 110.453628540000068, -6.996732710999822 ], [ 110.453392029000156, -6.995490072999928 ], [ 110.453208923000091, -6.993989944999896 ], [ 110.452987670000141, -6.99201011699995 ], [ 110.452972412000122, -6.991670130999978 ], [ 110.452751159000059, -6.990153789999908 ], [ 110.452713012000174, -6.989899635999961 ], [ 110.452262879000159, -6.986597538999945 ], [ 110.451858520000201, -6.983617781999953 ], [ 110.451652527000078, -6.982120513999973 ], [ 110.451637267000081, -6.981952665999927 ], [ 110.451568604000158, -6.981391906999875 ], [ 110.451499937999984, -6.98091125499991 ], [ 110.45147705200003, -6.980710982999938 ], [ 110.451461791000099, -6.980503082999974 ], [ 110.451362609000114, -6.97989416199988 ], [ 110.451271057000156, -6.979156969999963 ], [ 110.450889587, -6.976421831999971 ], [ 110.450569152000071, -6.974093437999898 ], [ 110.450340271000073, -6.972354888999917 ], [ 110.449958801000093, -6.969792843999869 ], [ 110.449829102000137, -6.969034670999918 ], [ 110.449760437000066, -6.968433379999908 ], [ 110.449775695000085, -6.967761038999981 ], [ 110.449989320000043, -6.967088221999973 ], [ 110.450637818000075, -6.965281009999956 ], [ 110.451683044000049, -6.962887287999934 ], [ 110.451721191000104, -6.962825297999871 ], [ 110.451797484999986, -6.962611674999948 ], [ 110.454551696000067, -6.965046405999885 ], [ 110.456298828000058, -6.96661233999987 ], [ 110.45950317300003, -6.969534873999919 ], [ 110.462532043000181, -6.972273826999981 ], [ 110.462448121000193, -6.97239971099998 ], [ 110.46250152600004, -6.972449778999874 ], [ 110.462593078000168, -6.972529886999951 ], [ 110.462669372000107, -6.972589969999945 ], [ 110.462783814000147, -6.972700117999977 ], [ 110.462852478000173, -6.972760199999868 ], [ 110.463012695000145, -6.972889898999881 ], [ 110.463211059000059, -6.973070144999951 ], [ 110.464057922000052, -6.973830222999879 ], [ 110.464256286000136, -6.973999975999959 ], [ 110.464637756000059, -6.974339961999931 ], [ 110.465606689000026, -6.975180148999925 ], [ 110.46591186600017, -6.975470064999911 ], [ 110.466308594000111, -6.975830076999955 ], [ 110.46687316800012, -6.976349830999879 ], [ 110.467010497, -6.976469993999956 ], [ 110.467597962000013, -6.976970194999979 ], [ 110.468261718000065, -6.977570055999934 ], [ 110.46919250500008, -6.97840976699996 ], [ 110.469528198000035, -6.978703020999887 ], [ 110.469787597000106, -6.978929996999966 ], [ 110.470191956000065, -6.979279995999946 ], [ 110.470458984000174, -6.979519843999981 ], [ 110.470611571000063, -6.9796700469999 ], [ 110.47077941900011, -6.97981023799997 ], [ 110.471496582000043, -6.980430124999884 ], [ 110.471893311000088, -6.980780123999978 ], [ 110.47283935500019, -6.981629847999955 ], [ 110.473129272000108, -6.981850145999886 ], [ 110.473548889000085, -6.982180118999906 ], [ 110.473884582000096, -6.98238801899987 ], [ 110.474098205000075, -6.982569694999938 ], [ 110.474395751000202, -6.982789992999926 ], [ 110.475303651000161, -6.983586787999968 ], [ 110.475364686000148, -6.983639717999893 ], [ 110.475448608000193, -6.98370933599989 ], [ 110.476387024000189, -6.984539984999969 ], [ 110.477348327000072, -6.985396384999945 ], [ 110.477485656000113, -6.985539911999979 ], [ 110.477622987000018, -6.985668657999895 ], [ 110.477760316000115, -6.985820769999975 ], [ 110.477905273000147, -6.985997675999954 ], [ 110.478248596000014, -6.986360072999901 ], [ 110.478729249000082, -6.986859798999944 ], [ 110.479156494, -6.987309931999903 ], [ 110.47988891600005, -6.987949846999925 ], [ 110.479988098000092, -6.988039970999978 ], [ 110.480506897000112, -6.988490104999926 ], [ 110.480743408000023, -6.988699911999959 ], [ 110.481552124000132, -6.989409922999926 ], [ 110.481727600000113, -6.989570140999945 ], [ 110.482170105000023, -6.989960193999877 ], [ 110.48249816800012, -6.990240096999969 ], [ 110.482620239000141, -6.99034023199988 ], [ 110.482917785000097, -6.990650175999974 ], [ 110.483108521000077, -6.990809915999932 ], [ 110.483489990000066, -6.991099834999943 ], [ 110.483558655000195, -6.991159914999969 ], [ 110.483741761000033, -6.991370199999949 ], [ 110.483871460000046, -6.991489887999876 ], [ 110.485229491000041, -6.992680071999871 ], [ 110.485626220000086, -6.993060111999966 ], [ 110.485809326000151, -6.993259905999878 ], [ 110.485893250000174, -6.993350027999952 ], [ 110.48634338300019, -6.993770121999944 ], [ 110.486900329000093, -6.994219780999913 ], [ 110.486976623000203, -6.994289873999946 ], [ 110.487083435000159, -6.994369982999899 ], [ 110.487159729000041, -6.994450091999965 ], [ 110.487487792000138, -6.994750022999881 ], [ 110.487602235000054, -6.994850157999906 ], [ 110.48882293700018, -6.995950221999976 ], [ 110.489860535000048, -6.996850013999847 ], [ 110.490180968, -6.997129916999825 ], [ 110.490379333000192, -6.997310160999973 ], [ 110.490531922000116, -6.997429846999921 ], [ 110.490760803000114, -6.997690200999898 ], [ 110.490997314000083, -6.997869966999929 ], [ 110.491172790000178, -6.998030184999948 ], [ 110.491531371000121, -6.998340128999928 ], [ 110.492218018000187, -6.998970030999942 ], [ 110.492393494000112, -6.999120235999897 ], [ 110.493247987000018, -6.999872207999942 ], [ 110.492881775000114, -7.000415800999917 ], [ 110.492599487, -7.001338958999895 ], [ 110.491874695000092, -7.002743719999955 ], [ 110.49127197200005, -7.00290346099996 ], [ 110.490386963000105, -7.004347800999824 ], [ 110.490783691000047, -7.004709719999937 ], [ 110.491065979000155, -7.004991052999912 ], [ 110.491546985000127, -7.005179042999941 ], [ 110.491790264000144, -7.005282880999914 ], [ 110.491928100000166, -7.005281448999881 ], [ 110.492111000000193, -7.005265 ], [ 110.492476781000164, -7.005233018999945 ], [ 110.492665237000153, -7.005191576999891 ], [ 110.492835998000146, -7.005153655999948 ], [ 110.493047725000167, -7.00496807899998 ], [ 110.493117602000154, -7.004906775999871 ], [ 110.49315600000017, -7.004873 ], [ 110.493632000000105, -7.005151 ], [ 110.49384300000014, -7.00527499999987 ], [ 110.493881000000101, -7.005877 ], [ 110.49389200000013, -7.005916 ], [ 110.493958, -7.006157998999925 ], [ 110.494601086000159, -7.006229946999952 ], [ 110.494682000000125, -7.00623899999988 ], [ 110.495766000000117, -7.006843 ], [ 110.497177000000136, -7.007045 ], [ 110.497248000000127, -7.006877 ], [ 110.497414, -7.006483999999887 ], [ 110.497777, -7.006229 ], [ 110.498100000000136, -7.006002 ], [ 110.498824966000086, -7.006324160999895 ], [ 110.498720000000105, -7.006818999999894 ], [ 110.498543, -7.007649 ], [ 110.499045000000137, -7.007938 ], [ 110.500014253000131, -7.008496351999952 ], [ 110.503883362000067, -7.01072454399997 ], [ 110.502899169000102, -7.012569903999974 ], [ 110.502936195000132, -7.012583126999971 ], [ 110.503001, -7.012605999999835 ], [ 110.503272743000082, -7.012703510999927 ], [ 110.503171303000045, -7.012906077999958 ], [ 110.502953001000094, -7.013342 ], [ 110.503432013000122, -7.013476720999847 ], [ 110.502899109999987, -7.014406058999896 ], [ 110.50311, -7.014519 ], [ 110.503741656999978, -7.014857670999959 ], [ 110.503407658000185, -7.015103382999939 ], [ 110.502897900000107, -7.015470299999947 ], [ 110.500793458000032, -7.016985414999965 ], [ 110.499487993000116, -7.01640037899989 ], [ 110.49945300000013, -7.01648299999988 ], [ 110.498711, -7.018207 ], [ 110.497841081000104, -7.020757762999892 ], [ 110.498626709000064, -7.021107672999904 ], [ 110.498677137000186, -7.021103947999961 ], [ 110.498726, -7.021099999999876 ], [ 110.498795, -7.021095 ], [ 110.498845000000131, -7.021091 ], [ 110.498909, -7.021087 ], [ 110.498828000000117, -7.021223 ], [ 110.498749000000146, -7.021309 ], [ 110.498663000000136, -7.021429 ], [ 110.498638355000139, -7.021463167999912 ], [ 110.49861907899998, -7.021490095999923 ], [ 110.498600498000144, -7.021926719999897 ], [ 110.498581001000048, -7.022386998999878 ], [ 110.498611513000071, -7.022588503999941 ], [ 110.498634, -7.022737000999882 ], [ 110.498444000000177, -7.023155 ], [ 110.498245, -7.023458 ], [ 110.498222000000112, -7.023649 ], [ 110.498215, -7.023808 ], [ 110.498253, -7.023932999999829 ], [ 110.498268000000166, -7.024008 ], [ 110.498199000000113, -7.024161 ], [ 110.498024, -7.02422 ], [ 110.497856000000183, -7.024343 ], [ 110.497757000000149, -7.024477999999874 ], [ 110.497719, -7.024632 ], [ 110.497719, -7.024756 ], [ 110.497849000000144, -7.024922 ], [ 110.497917, -7.025003 ], [ 110.498093, -7.025183 ], [ 110.498451, -7.025614 ], [ 110.498528000000192, -7.025681 ], [ 110.498650000000168, -7.025709 ], [ 110.498772000000145, -7.025667 ], [ 110.498940000000175, -7.025557999999876 ], [ 110.499092000000132, -7.025521 ], [ 110.499168, -7.025650999999868 ], [ 110.499138, -7.02579 ], [ 110.499146000000167, -7.025888 ], [ 110.499161000000129, -7.026019999999846 ], [ 110.499008000000117, -7.025999 ], [ 110.498489000000177, -7.025925 ], [ 110.498489000000177, -7.026129 ], [ 110.498352000000182, -7.02616 ], [ 110.498337, -7.026252 ], [ 110.498238000000185, -7.026419 ], [ 110.498184000000151, -7.026631 ], [ 110.498222000000112, -7.026811999999893 ], [ 110.498215, -7.026985 ], [ 110.497993000000122, -7.027122 ], [ 110.497734, -7.027122 ], [ 110.497383000000127, -7.027101999999843 ], [ 110.497154000000194, -7.027072 ], [ 110.496941000000163, -7.027053 ], [ 110.496750000000134, -7.027208 ], [ 110.496658000000195, -7.027345 ], [ 110.496635, -7.027521 ], [ 110.495987, -7.027433 ], [ 110.495842000000152, -7.027445999999884 ], [ 110.49572, -7.027709 ], [ 110.495560000000125, -7.028157 ], [ 110.495636000000161, -7.028244 ], [ 110.495674000000122, -7.02841 ], [ 110.49572, -7.028526999999883 ], [ 110.495781, -7.028595 ], [ 110.495392, -7.029759 ], [ 110.495140000000163, -7.029680999999869 ], [ 110.494804000000101, -7.029711 ], [ 110.494591, -7.029613 ], [ 110.494423, -7.029562999999882 ], [ 110.494362, -7.029602999999895 ], [ 110.494308, -7.029772999999864 ], [ 110.494255000000123, -7.02995 ], [ 110.494041, -7.030235999999888 ], [ 110.493515000000173, -7.03005 ], [ 110.493378, -7.029974 ], [ 110.493088, -7.029881 ], [ 110.492493000000195, -7.029629 ], [ 110.492455, -7.029729 ], [ 110.492393, -7.029857999999876 ], [ 110.492035000000101, -7.029834 ], [ 110.491959, -7.029829 ], [ 110.491745, -7.029817 ], [ 110.491508, -7.029785 ], [ 110.491302, -7.029762 ], [ 110.491219000000115, -7.029732 ], [ 110.491051, -7.029738999999893 ], [ 110.490906000000166, -7.029753 ], [ 110.490700000000174, -7.02976 ], [ 110.490463, -7.029751 ], [ 110.489868, -7.029569 ], [ 110.489296000000138, -7.029391 ], [ 110.488998, -7.029299 ], [ 110.488762, -7.029264 ], [ 110.488235000000145, -7.029150999999899 ], [ 110.488136000000111, -7.029126 ], [ 110.487984000000154, -7.029088 ], [ 110.487732, -7.029064999999889 ], [ 110.487495000000195, -7.029035 ], [ 110.487411000000179, -7.029005 ], [ 110.487389000000121, -7.0293 ], [ 110.487381000000141, -7.029581 ], [ 110.487503000000117, -7.030083 ], [ 110.487534, -7.030462 ], [ 110.487495000000195, -7.030785 ], [ 110.487434000000121, -7.031059 ], [ 110.487076000000172, -7.031644 ], [ 110.486885000000143, -7.031939 ], [ 110.486786000000109, -7.032248 ], [ 110.48669400000017, -7.032563999999866 ], [ 110.486664000000189, -7.032808999999872 ], [ 110.486656, -7.033006 ], [ 110.486794, -7.03318199999984 ], [ 110.48674, -7.033303999999873 ], [ 110.486656, -7.033563999999899 ], [ 110.486595000000136, -7.033777 ], [ 110.486534, -7.03395 ], [ 110.486412, -7.034259 ], [ 110.486305000000129, -7.034614 ], [ 110.486221000000114, -7.034813999999869 ], [ 110.486191000000133, -7.034978 ], [ 110.486153000000172, -7.035314 ], [ 110.48613, -7.035424 ], [ 110.486053, -7.035759999999868 ], [ 110.485893000000146, -7.036119 ], [ 110.485802, -7.036271999999883 ], [ 110.485756, -7.036328 ], [ 110.48542, -7.036669 ], [ 110.485115, -7.037052 ], [ 110.485016, -7.037365 ], [ 110.484993, -7.037526 ], [ 110.48506900000018, -7.03767 ], [ 110.485176000000138, -7.037998 ], [ 110.485161000000176, -7.038127 ], [ 110.485008000000107, -7.038428 ], [ 110.484779000000174, -7.038701 ], [ 110.484612000000197, -7.039298 ], [ 110.484489000000167, -7.039639 ], [ 110.484383, -7.039878 ], [ 110.484276000000136, -7.039934 ], [ 110.484001, -7.039899 ], [ 110.48391, -7.039879999999812 ], [ 110.483841, -7.040137999999843 ], [ 110.4837950000001, -7.040307999999868 ], [ 110.483711689000074, -7.040456678999931 ], [ 110.483665000000201, -7.04054 ] ] ] ] } },
{ "type": "Feature", "properties": { "Kecamatan": "Semarang Barat", "Kota": "Kota Semarang", "adm3": "33.74.13" }, "geometry": { "type": "MultiPolygon", "coordinates": [ [ [ [ 110.391403199000024, -7.005700110999953 ], [ 110.391296387000068, -7.005720137999958 ], [ 110.391021729000101, -7.005770206999898 ], [ 110.39070129400011, -7.005819796999958 ], [ 110.390426636000143, -7.005859850999968 ], [ 110.390281677000132, -7.005869864999966 ], [ 110.389999389000081, -7.005859850999968 ], [ 110.389579774000083, -7.005879879999952 ], [ 110.389358521000133, -7.005909918999919 ], [ 110.389251709000177, -7.005980014999977 ], [ 110.389122010000051, -7.006110190999891 ], [ 110.388992309000059, -7.006289958999957 ], [ 110.388877869000169, -7.00649976699998 ], [ 110.3888320920002, -7.006639957999937 ], [ 110.3888320920002, -7.006753443999912 ], [ 110.388458252000191, -7.007554052999978 ], [ 110.387893677000079, -7.008465290999879 ], [ 110.387496949000138, -7.00916767099983 ], [ 110.387008666000156, -7.010048864999931 ], [ 110.38652801600017, -7.010751247999849 ], [ 110.386390687000073, -7.011154651999902 ], [ 110.386451722000061, -7.011498450999966 ], [ 110.38663482600009, -7.011746406999919 ], [ 110.386940003000063, -7.01233625499998 ], [ 110.387222291000114, -7.013009548999889 ], [ 110.387359620000041, -7.013577937999969 ], [ 110.387298584000121, -7.014190673999963 ], [ 110.38721466100003, -7.014850614999943 ], [ 110.387260438, -7.015043258999981 ], [ 110.384674072000053, -7.013076304999913 ], [ 110.382957459000068, -7.011770247999948 ], [ 110.381889344000058, -7.010924815999886 ], [ 110.381668091000108, -7.010651110999902 ], [ 110.380317688000048, -7.009185314999968 ], [ 110.379981994000161, -7.008798121999973 ], [ 110.378479004000155, -7.007112024999913 ], [ 110.378379822000113, -7.006939886999874 ], [ 110.378288270000155, -7.006895064999981 ], [ 110.378005982000104, -7.006526946999827 ], [ 110.377952576000098, -7.006470202999935 ], [ 110.377769470000032, -7.006279945999893 ], [ 110.376991272000168, -7.005479812999965 ], [ 110.376907348000145, -7.005390166999916 ], [ 110.376831054000036, -7.005300044999899 ], [ 110.376602173000038, -7.005010126999935 ], [ 110.375602722, -7.003829955999947 ], [ 110.37547302300004, -7.00368022899994 ], [ 110.374992370000143, -7.00338983599994 ], [ 110.37474822900009, -7.00329017599995 ], [ 110.374237060000155, -7.003119944999924 ], [ 110.373641967000026, -7.002950189999979 ], [ 110.373268127000188, -7.002860067999904 ], [ 110.373016358000086, -7.002779959999941 ], [ 110.37232971300017, -7.002530097999966 ], [ 110.371978759000115, -7.002339838999944 ], [ 110.371788025000114, -7.002180098999872 ], [ 110.371459960000095, -7.001820086999942 ], [ 110.371139527000139, -7.001200197999879 ], [ 110.371032715000183, -7.000810146999925 ], [ 110.370941163000055, -7.000309943999923 ], [ 110.370910644000105, -7.000110148999852 ], [ 110.370887756000172, -6.999999998999954 ], [ 110.370849609000118, -6.99977016399987 ], [ 110.370773315000179, -6.999360083999875 ], [ 110.37056732100001, -6.998899935999816 ], [ 110.370201111000085, -6.998410224999873 ], [ 110.370132445000081, -6.998320102999969 ], [ 110.36952209400016, -6.997570037999935 ], [ 110.369132996000076, -6.99696016199988 ], [ 110.368942262000132, -6.996550082999875 ], [ 110.368873596000128, -6.996369838999897 ], [ 110.368728637000117, -6.995960234999927 ], [ 110.368637084999989, -6.995629786999871 ], [ 110.368568420000088, -6.995240210999953 ], [ 110.368583680000143, -6.994939804999888 ], [ 110.368942262000132, -6.993760108999879 ], [ 110.368980408000084, -6.993597506999947 ], [ 110.369018555000139, -6.993480205999902 ], [ 110.369087219000107, -6.993299959999945 ], [ 110.369216920000099, -6.991990088999898 ], [ 110.369041444000175, -6.990990161999946 ], [ 110.368988037000065, -6.990719794999961 ], [ 110.368682862000128, -6.989560126999947 ], [ 110.36859130800002, -6.989220141999965 ], [ 110.368461609000065, -6.988800048999906 ], [ 110.368179321000127, -6.987820148999958 ], [ 110.368156433000195, -6.987741946999961 ], [ 110.367958068000064, -6.987740039999949 ], [ 110.367637633000072, -6.98779010699991 ], [ 110.367523193000011, -6.987813472999903 ], [ 110.367286682000099, -6.987837313999933 ], [ 110.366569518000063, -6.987906454999973 ], [ 110.365974426000037, -6.987853049999899 ], [ 110.365386963000049, -6.987686634999875 ], [ 110.364662171000077, -6.987493515999972 ], [ 110.36408233700007, -6.987300396999899 ], [ 110.363471985000047, -6.987054824999916 ], [ 110.363182067000196, -6.986967085999936 ], [ 110.363113404000103, -6.986941336999962 ], [ 110.363159181000071, -6.986674784999934 ], [ 110.36322021400008, -6.986420154999905 ], [ 110.363327026000036, -6.98620176299994 ], [ 110.36338043100011, -6.986005782999939 ], [ 110.363479614000028, -6.98578262299992 ], [ 110.36372375500008, -6.98576640999994 ], [ 110.363784790000068, -6.985623835999945 ], [ 110.363876342000196, -6.985298632999957 ], [ 110.364059448000035, -6.984700201999885 ], [ 110.364128114000039, -6.984499930999846 ], [ 110.364158630000077, -6.984423159999949 ], [ 110.364105225, -6.984304428999906 ], [ 110.364089966999984, -6.984163284999966 ], [ 110.364105225, -6.983985423999968 ], [ 110.36416626, -6.983735084999978 ], [ 110.364204407000045, -6.983580111999856 ], [ 110.364204407000045, -6.983502863999945 ], [ 110.364151000000163, -6.983420371999955 ], [ 110.364105225, -6.983347415999958 ], [ 110.364089966999984, -6.983252046999951 ], [ 110.364135742000144, -6.983151911999926 ], [ 110.364189149000026, -6.983096121999949 ], [ 110.364181519000113, -6.983017443999927 ], [ 110.364204407000045, -6.982946394999885 ], [ 110.364265443000136, -6.982739924999976 ], [ 110.364456177000136, -6.982840059999887 ], [ 110.364509581999982, -6.982676029999936 ], [ 110.364547729000037, -6.982476710999947 ], [ 110.364608764000025, -6.982270717999938 ], [ 110.364677429000096, -6.982071398999892 ], [ 110.364738465000187, -6.981743811999877 ], [ 110.364936829000101, -6.981105803999924 ], [ 110.364349364000077, -6.98095989199993 ], [ 110.364181519000113, -6.980908869999894 ], [ 110.3644332880001, -6.98002386099995 ], [ 110.364578247000111, -6.979594230999908 ], [ 110.364814758000193, -6.979019640999979 ], [ 110.365196229000048, -6.977988719999871 ], [ 110.365348816000164, -6.977567195999882 ], [ 110.36550140300011, -6.977207183999951 ], [ 110.36569976800007, -6.976670740999964 ], [ 110.365951539000037, -6.976015567999923 ], [ 110.366195678000054, -6.975348948999965 ], [ 110.366241455000022, -6.975072860999944 ], [ 110.366249085000106, -6.974819659999923 ], [ 110.36640930100009, -6.97452878799993 ], [ 110.366554260000044, -6.974153040999965 ], [ 110.366462708000142, -6.973850726999956 ], [ 110.366401673000155, -6.973458765999965 ], [ 110.366516113000046, -6.973290442999883 ], [ 110.366554260000044, -6.973083495999902 ], [ 110.366493225000056, -6.972914694999872 ], [ 110.366470336000077, -6.972638606999965 ], [ 110.366493225000056, -6.972316741999975 ], [ 110.366508483000075, -6.971714495999947 ], [ 110.366508483000075, -6.971507548999966 ], [ 110.366630554000153, -6.971001624999872 ], [ 110.366813660000048, -6.970373153999901 ], [ 110.366935730000193, -6.970166205999931 ], [ 110.367263793000063, -6.969844818999889 ], [ 110.367584228, -6.969469545999914 ], [ 110.368057250999982, -6.968980312999975 ], [ 110.368171691000043, -6.968819140999926 ], [ 110.36652374300013, -6.967570304999981 ], [ 110.365272522000055, -6.96655654999995 ], [ 110.36446380700005, -6.965938090999941 ], [ 110.364318848000039, -6.965792178999948 ], [ 110.36446380700005, -6.965201853999872 ], [ 110.364677429000096, -6.96452760699998 ], [ 110.365097047, -6.963603973999909 ], [ 110.365234375, -6.962944984999922 ], [ 110.365303039000196, -6.962561606999941 ], [ 110.365447998000036, -6.96235465999996 ], [ 110.365623474000131, -6.962105750999967 ], [ 110.365837097000167, -6.961932182999874 ], [ 110.365913390000173, -6.96171045299991 ], [ 110.365898132000154, -6.961381911999922 ], [ 110.366012571999988, -6.961004256999956 ], [ 110.366210937000176, -6.959969520999948 ], [ 110.36652374300013, -6.958606241999917 ], [ 110.366645812000172, -6.957949160999931 ], [ 110.366760254000042, -6.957193850999943 ], [ 110.367042541000046, -6.95658635999996 ], [ 110.367355347000171, -6.956142901999954 ], [ 110.367584228, -6.955371379999974 ], [ 110.367782593000186, -6.954565524999907 ], [ 110.367912293000074, -6.954579830999933 ], [ 110.368309022000119, -6.95471000699996 ], [ 110.36859130800002, -6.954870223999933 ], [ 110.36897277800017, -6.955120085999965 ], [ 110.370117187000062, -6.954899787999977 ], [ 110.371139527000139, -6.954840182999931 ], [ 110.371429443000125, -6.954730032999919 ], [ 110.371780395000201, -6.954559802999881 ], [ 110.37213897700002, -6.954440116999933 ], [ 110.372558594, -6.954360007999981 ], [ 110.373107909999987, -6.954249857999912 ], [ 110.373748780000085, -6.954170226999963 ], [ 110.374328614000092, -6.954130171999964 ], [ 110.374763489000088, -6.954239844999961 ], [ 110.375198365000017, -6.954390048999869 ], [ 110.375511170000095, -6.954520225999886 ], [ 110.375953675000176, -6.954609869999956 ], [ 110.376800538000168, -6.95471000699996 ], [ 110.378372191000096, -6.954720019999911 ], [ 110.379280091000055, -6.954770087999975 ], [ 110.379806518, -6.954800128999977 ], [ 110.38017273000014, -6.954800128999977 ], [ 110.380790710000099, -6.954740047999962 ], [ 110.381011963, -6.954740047999962 ], [ 110.381340028000068, -6.95471000699996 ], [ 110.381507873000203, -6.954790115999856 ], [ 110.381637574000194, -6.954810141999928 ], [ 110.382232667000096, -6.954760073999921 ], [ 110.382751464000137, -6.954699993999952 ], [ 110.383079529000042, -6.954559802999881 ], [ 110.383193969999979, -6.954376220999961 ], [ 110.382736206000118, -6.954200267999965 ], [ 110.382179260000044, -6.953886985999929 ], [ 110.381126403000053, -6.953672408999921 ], [ 110.3796768200001, -6.953358173999959 ], [ 110.378677368000012, -6.952946186999952 ], [ 110.378067017000092, -6.952633379999952 ], [ 110.377426147000165, -6.952172277999978 ], [ 110.376937866000162, -6.951711653999951 ], [ 110.376770019000048, -6.951234816999943 ], [ 110.376770019000048, -6.950890062999918 ], [ 110.378761292000036, -6.950711726999828 ], [ 110.383682250000049, -6.950110433999896 ], [ 110.38550567600015, -6.949866294999936 ], [ 110.386680603000059, -6.949793813999975 ], [ 110.386795044000053, -6.95089483299995 ], [ 110.387084962000074, -6.951618194999867 ], [ 110.387237549000133, -6.951924800999905 ], [ 110.387588501000039, -6.95216989499994 ], [ 110.387908936000201, -6.952260016999958 ], [ 110.388862610000047, -6.952199934999953 ], [ 110.389556885000047, -6.952109812999936 ], [ 110.390083313000048, -6.952139853999938 ], [ 110.390312196000082, -6.952109812999936 ], [ 110.390602112000124, -6.95198011399998 ], [ 110.39089202800011, -6.951700210999888 ], [ 110.391098022999984, -6.951360224999917 ], [ 110.391082764000089, -6.951019763999909 ], [ 110.390830993000122, -6.950560092999979 ], [ 110.390502930000082, -6.950170038999943 ], [ 110.390220642000145, -6.949769972999889 ], [ 110.389930725000056, -6.949369906999891 ], [ 110.389717103000123, -6.948969840999951 ], [ 110.389457703000176, -6.948699950999981 ], [ 110.389190673000087, -6.948339938999936 ], [ 110.389129638000099, -6.948140143999922 ], [ 110.389190673000087, -6.947969913999884 ], [ 110.389320374000079, -6.947830199999885 ], [ 110.389617921000138, -6.947690009999917 ], [ 110.389900207000039, -6.947609901999954 ], [ 110.390151978000176, -6.947440146999952 ], [ 110.39040374800004, -6.947269915999868 ], [ 110.390571595000154, -6.947130201999869 ], [ 110.392639160000044, -6.94583988099987 ], [ 110.393203736000089, -6.945600509999963 ], [ 110.394630433000088, -6.947953222999956 ], [ 110.395317078000119, -6.947805403999951 ], [ 110.395828247000054, -6.948889731999884 ], [ 110.39626312200005, -6.949800491999838 ], [ 110.397186280000085, -6.952301501999898 ], [ 110.398086548000151, -6.954106330999934 ], [ 110.39823913500004, -6.95440006299998 ], [ 110.398338317000082, -6.954557894999937 ], [ 110.398475646000179, -6.954777239999942 ], [ 110.398612977000084, -6.955022333999977 ], [ 110.399116516000106, -6.955974100999924 ], [ 110.399505614000134, -6.957170486999871 ], [ 110.399787902000014, -6.958756446999928 ], [ 110.400024414000086, -6.960186958999884 ], [ 110.400177003000181, -6.961668967999969 ], [ 110.400199889000078, -6.963229178999882 ], [ 110.400306702000137, -6.964321136999843 ], [ 110.400382995000143, -6.965101241999889 ], [ 110.400489808000202, -6.965728282999919 ], [ 110.400642395000148, -6.966869353999925 ], [ 110.400848389000089, -6.968682288999901 ], [ 110.400985718000186, -6.970160960999863 ], [ 110.400985718000186, -6.970245359999979 ], [ 110.40102386500007, -6.970639705999929 ], [ 110.401306153000178, -6.972824095999954 ], [ 110.401435852000134, -6.974202155999933 ], [ 110.401489257000037, -6.975553988999934 ], [ 110.401672363000102, -6.977498529999878 ], [ 110.401802064000037, -6.978621482999927 ], [ 110.401901246000079, -6.97934818199991 ], [ 110.401962279000088, -6.980288505999908 ], [ 110.401962279000088, -6.981094835999897 ], [ 110.401863097000046, -6.981530188999955 ], [ 110.402008056000057, -6.982639788999961 ], [ 110.402061462, -6.982979773999944 ], [ 110.402137757000048, -6.98389005699994 ], [ 110.402191162000122, -6.984449862999952 ], [ 110.402183531999981, -6.984910011999943 ], [ 110.402183531999981, -6.985620020999875 ], [ 110.402381896000065, -6.98753976799992 ], [ 110.402488709000124, -6.98885011699997 ], [ 110.402488709000124, -6.989699838999854 ], [ 110.402496337000059, -6.990880011999877 ], [ 110.402496337000059, -6.992290019999928 ], [ 110.402496337000059, -6.99280977199993 ], [ 110.402496337000059, -6.993989944999896 ], [ 110.402313233000143, -6.994835852999927 ], [ 110.40225982600009, -6.994946956999968 ], [ 110.402107239000202, -6.995349406999935 ], [ 110.402038575000176, -6.995546817999923 ], [ 110.401947021000069, -6.995791434999944 ], [ 110.401664733000132, -6.996397972999944 ], [ 110.401519776000157, -6.99677324299995 ], [ 110.401359558000024, -6.997289179999939 ], [ 110.401191711000081, -6.997691630999952 ], [ 110.400955200000169, -6.998170375999848 ], [ 110.400909425000179, -6.998458861999893 ], [ 110.400993346000121, -6.998754023999822 ], [ 110.401107789000093, -6.99904251199996 ], [ 110.401313781000056, -6.999337672999957 ], [ 110.401489257000037, -6.999586104999935 ], [ 110.401641846000132, -6.999985217999892 ], [ 110.401611328000115, -7.00013256099993 ], [ 110.401412964000201, -7.000461100999928 ], [ 110.401168822000045, -7.000869749999879 ], [ 110.400970460000167, -7.001164435999954 ], [ 110.400749207000104, -7.001352309999959 ], [ 110.400444031000063, -7.001391409999883 ], [ 110.400062560000038, -7.001364230999968 ], [ 110.399597168000071, -7.001397131999909 ], [ 110.399490356000115, -7.001393794999899 ], [ 110.399337769000169, -7.001397131999909 ], [ 110.399040222000167, -7.001430033999895 ], [ 110.398208618000126, -7.001576422999847 ], [ 110.397483827000087, -7.001743315999875 ], [ 110.397094726000148, -7.001903533999894 ], [ 110.396896362000064, -7.002131461999852 ], [ 110.396850587000074, -7.002267837999966 ], [ 110.396751405000032, -7.002493380999965 ], [ 110.396614074000126, -7.002942084999972 ], [ 110.396514892000141, -7.003223894999905 ], [ 110.396324158000141, -7.00353193199993 ], [ 110.396202087000063, -7.003695009999888 ], [ 110.395858765000071, -7.004111289999969 ], [ 110.395690918000128, -7.004349230999935 ], [ 110.395393371000125, -7.004683970999906 ], [ 110.395240784, -7.004871367999954 ], [ 110.395195007000041, -7.004950523999867 ], [ 110.394958496000129, -7.005192756999918 ], [ 110.39458465600012, -7.005594728999938 ], [ 110.394325256000116, -7.005808828999932 ], [ 110.39403534000013, -7.005956172999959 ], [ 110.393745422000109, -7.006049632999918 ], [ 110.393669128, -7.006062507999957 ], [ 110.393463136000037, -7.006149291999918 ], [ 110.39296722500012, -7.006124018999969 ], [ 110.392707825000173, -7.006050109999876 ], [ 110.392601013000046, -7.006011485999977 ], [ 110.392181396000012, -7.005859850999968 ], [ 110.391822814000193, -7.005750178999961 ], [ 110.391578675000176, -7.005700110999953 ], [ 110.391403199000024, -7.005700110999953 ] ] ] ] } },
{ "type": "Feature", "properties": { "Kecamatan": "Semarang Selatan", "Kota": "Kota Semarang", "adm3": "33.74.07" }, "geometry": { "type": "MultiPolygon", "coordinates": [ [ [ [ 110.431953430000078, -7.00645017599993 ], [ 110.431907655000089, -7.006080148999956 ], [ 110.431922913000108, -7.005829809999966 ], [ 110.431922913000108, -7.005730152999888 ], [ 110.431991577000133, -7.005169868999872 ], [ 110.431999207000047, -7.005090235999944 ], [ 110.432022094999979, -7.004899978999958 ], [ 110.432037353, -7.004825592999907 ], [ 110.43186187800012, -7.004769802999931 ], [ 110.431747437000183, -7.004746436999937 ], [ 110.431610108000086, -7.004827975999945 ], [ 110.431411744, -7.004991052999912 ], [ 110.431106567000086, -7.005189417999929 ], [ 110.430908203, -7.005329131999929 ], [ 110.430740357000161, -7.005410670999936 ], [ 110.430519105000144, -7.005410194999968 ], [ 110.430297852000081, -7.005421637999916 ], [ 110.430191040000125, -7.00544500399991 ], [ 110.429916382000101, -7.005467890999967 ], [ 110.429618835000099, -7.005444048999948 ], [ 110.429435729000033, -7.005397319999872 ], [ 110.429222107000157, -7.00530385999997 ], [ 110.428886413000043, -7.005233286999896 ], [ 110.428703307000035, -7.005186079999817 ], [ 110.42847442599998, -7.005186079999817 ], [ 110.42803192100007, -7.005185604999951 ], [ 110.427894592000143, -7.005185126999891 ], [ 110.427864075000059, -7.005255222999949 ], [ 110.427742005000084, -7.005255222999949 ], [ 110.427207947000113, -7.004741191999926 ], [ 110.426864624000018, -7.004518985999937 ], [ 110.426704406000113, -7.00422716199995 ], [ 110.426528930000131, -7.004019259999893 ], [ 110.426246642000081, -7.003776073999859 ], [ 110.4257736200002, -7.003283500999942 ], [ 110.425300598000092, -7.002782344999957 ], [ 110.42470550500019, -7.002004622999948 ], [ 110.424293518000127, -7.001373767999951 ], [ 110.4236526480002, -7.000691413999959 ], [ 110.423469544000113, -7.00044965799998 ], [ 110.423110963000056, -7.000116824999964 ], [ 110.422622680000075, -6.999693392999916 ], [ 110.422370911000087, -6.999373912999943 ], [ 110.422088622000103, -6.998907087999953 ], [ 110.421730040999989, -6.99845790899991 ], [ 110.421356201000151, -6.998147009999968 ], [ 110.420776368000077, -6.997844217999955 ], [ 110.420219422000173, -6.997610091999945 ], [ 110.419883729, -6.997478008999849 ], [ 110.419502259000069, -6.997374533999903 ], [ 110.419410707000111, -6.997350214999926 ], [ 110.41928863600009, -6.997340201999975 ], [ 110.419059753000056, -6.997300147999965 ], [ 110.418731690000186, -6.997220038999899 ], [ 110.418411255000024, -6.997129916999825 ], [ 110.418197632000044, -6.997119903999874 ], [ 110.417907714000194, -6.99707984999992 ], [ 110.417343140000014, -6.996990202999882 ], [ 110.41713714500014, -6.996993540999881 ], [ 110.417022705000079, -6.996970176999923 ], [ 110.416687012000125, -6.996910094999919 ], [ 110.416038514000093, -6.996709822999946 ], [ 110.415962219999983, -6.996689796999931 ], [ 110.415863038000111, -6.996640204999892 ], [ 110.415733337000177, -6.996612547999916 ], [ 110.4156265270002, -6.996578693999936 ], [ 110.415557861000195, -6.99654006999998 ], [ 110.414909363, -6.996200083999895 ], [ 110.414642333000131, -6.996049881999966 ], [ 110.414512635000051, -6.995960234999927 ], [ 110.414451599000131, -6.995920180999917 ], [ 110.414093018000074, -6.995729923999875 ], [ 110.413848876000088, -6.995810030999962 ], [ 110.413581849000138, -6.995890138999926 ], [ 110.413269044000117, -6.995935438999936 ], [ 110.412849427000083, -6.995984075999957 ], [ 110.412338257999977, -6.996041773999934 ], [ 110.41191864100017, -6.996073722999938 ], [ 110.411476135000157, -6.996109961999878 ], [ 110.410972596000136, -6.996116161999964 ], [ 110.410659789000135, -6.996087073999945 ], [ 110.410476685000049, -6.996028422999814 ], [ 110.410270691000051, -6.995911597999907 ], [ 110.410049438000158, -6.995801924999967 ], [ 110.409896851000042, -6.995779990999949 ], [ 110.409736633000136, -6.995810030999962 ], [ 110.409500122000168, -6.995930193999925 ], [ 110.40885925200007, -6.996079920999875 ], [ 110.408348083000135, -6.99609994899987 ], [ 110.408172608000143, -6.996109961999878 ], [ 110.408172608000143, -6.995960234999927 ], [ 110.408119202000137, -6.995739936999939 ], [ 110.40798187300004, -6.995490072999928 ], [ 110.407768249000128, -6.995279787999948 ], [ 110.407402039000033, -6.995009897999978 ], [ 110.407058716000165, -6.994740007999951 ], [ 110.406921387000068, -6.994569777999914 ], [ 110.406845093000129, -6.994474887999957 ], [ 110.406547547000059, -6.994589805999965 ], [ 110.406227112000067, -6.994729994999943 ], [ 110.406082152000181, -6.994838236999897 ], [ 110.405860902000143, -6.994996546999971 ], [ 110.405639649000079, -6.995275019999895 ], [ 110.405410766000045, -6.995615481999948 ], [ 110.40520477300015, -6.995785711999872 ], [ 110.405006409000066, -6.995909212999891 ], [ 110.404724121000186, -6.995924472999889 ], [ 110.404365539000139, -6.995938300999967 ], [ 110.404121398000143, -6.995939253999893 ], [ 110.403564454000048, -6.995938300999967 ], [ 110.402992248000146, -6.995999811999923 ], [ 110.402664185000049, -6.995937346999938 ], [ 110.402435304000051, -6.995859622999944 ], [ 110.402038575000176, -6.995546817999923 ], [ 110.402107239000202, -6.995349406999935 ], [ 110.40225982600009, -6.994946956999968 ], [ 110.402313233000143, -6.994835852999927 ], [ 110.402496337000059, -6.993989944999896 ], [ 110.402496337000059, -6.99280977199993 ], [ 110.402496337000059, -6.992290019999928 ], [ 110.402496337000059, -6.990880011999877 ], [ 110.402488709000124, -6.989699838999854 ], [ 110.402488709000124, -6.98885011699997 ], [ 110.402381896000065, -6.98753976799992 ], [ 110.402183531999981, -6.985620020999875 ], [ 110.402183531999981, -6.984910011999943 ], [ 110.402191162000122, -6.984449862999952 ], [ 110.402137757000048, -6.98389005699994 ], [ 110.402061462, -6.982979773999944 ], [ 110.402008056000057, -6.982639788999961 ], [ 110.401863097000046, -6.981530188999955 ], [ 110.401962279000088, -6.981094835999897 ], [ 110.402099610000164, -6.981123446999959 ], [ 110.402168274000189, -6.981144905999884 ], [ 110.402275086000145, -6.981168746999913 ], [ 110.402404785000101, -6.981222628999944 ], [ 110.40368652300009, -6.981769084999939 ], [ 110.405105591000108, -6.982437133999952 ], [ 110.406463623000036, -6.983087061999981 ], [ 110.40663147000015, -6.983159064999938 ], [ 110.406791688000055, -6.983227728999907 ], [ 110.407356262000064, -6.983469961999958 ], [ 110.408653260000108, -6.984053611999968 ], [ 110.40911102400014, -6.984205245999874 ], [ 110.409248353000066, -6.984205245999874 ], [ 110.409301758000083, -6.98430919599997 ], [ 110.409393310000041, -6.984417913999891 ], [ 110.409515381000119, -6.984479903999954 ], [ 110.409591674000126, -6.984494684999959 ], [ 110.409751892000031, -6.984482286999878 ], [ 110.409843446000139, -6.984536169999899 ], [ 110.409919739000145, -6.984537601999932 ], [ 110.410156251000046, -6.984694003999891 ], [ 110.410789490000127, -6.985003948999974 ], [ 110.412353516, -6.985718726999949 ], [ 110.413772583000082, -6.986372947999939 ], [ 110.413917542000092, -6.986435413999914 ], [ 110.414085387000057, -6.986510751999958 ], [ 110.414665222000167, -6.986683367999944 ], [ 110.415634155000134, -6.986950874999934 ], [ 110.416503906000059, -6.987222194999845 ], [ 110.417457580000075, -6.987506865999933 ], [ 110.417922974000021, -6.987653255999874 ], [ 110.418205261000026, -6.987782478999918 ], [ 110.418769837000013, -6.988023757999883 ], [ 110.419021606000172, -6.988161563999938 ], [ 110.420928955000136, -6.989087104999953 ], [ 110.421691894000162, -6.989465712999845 ], [ 110.422378541, -6.98978328599992 ], [ 110.422439575999988, -6.989827632999948 ], [ 110.422508240000184, -6.989712714999939 ], [ 110.422576905000085, -6.989540098999953 ], [ 110.422721862000117, -6.989268778999872 ], [ 110.422782897000104, -6.989175319999958 ], [ 110.422966003000113, -6.989145755999914 ], [ 110.423088074000191, -6.989170551999848 ], [ 110.423294067000086, -6.989238737999869 ], [ 110.423561096000071, -6.989356040999894 ], [ 110.42385101300016, -6.989511012999969 ], [ 110.424018860000103, -6.989653109999892 ], [ 110.424079895000091, -6.989739417999942 ], [ 110.424095154000042, -6.989831924999919 ], [ 110.423782349000192, -6.990527152999903 ], [ 110.423950195000202, -6.990630149999902 ], [ 110.424430847, -6.990880011999877 ], [ 110.425231934000124, -6.991250036999929 ], [ 110.426651001000039, -6.991950034999945 ], [ 110.42681884700005, -6.992040155999973 ], [ 110.427162170000145, -6.992209911999964 ], [ 110.427848815, -6.992539881999903 ], [ 110.428306579000036, -6.992760179999948 ], [ 110.428916932, -6.993055343999913 ], [ 110.429016114000035, -6.993103503999919 ], [ 110.429153443000132, -6.993168830999821 ], [ 110.429840088, -6.993529795999905 ], [ 110.430641175000119, -6.993919848999951 ], [ 110.431083679000153, -6.994130133999931 ], [ 110.431297301000086, -6.994190216999925 ], [ 110.431770326000048, -6.994269847999874 ], [ 110.431976318000011, -6.994279860999882 ], [ 110.432060242000034, -6.994305132999955 ], [ 110.432136536000144, -6.994329928999946 ], [ 110.432601930000089, -6.99451017399997 ], [ 110.433929442000135, -6.995044231999827 ], [ 110.434272766000163, -6.99518013099987 ], [ 110.435920715000179, -6.995900154999958 ], [ 110.43604278600003, -6.995940208999968 ], [ 110.436256409000066, -6.996039865999933 ], [ 110.436569213000155, -6.996160029999942 ], [ 110.437232972000118, -6.996429919999969 ], [ 110.4376602170002, -6.996610164999879 ], [ 110.437828065000076, -6.996689796999931 ], [ 110.438377381, -6.996910094999919 ], [ 110.438468933000138, -6.99696016199988 ], [ 110.438659669000117, -6.997039794999978 ], [ 110.438827514000081, -6.997082709999916 ], [ 110.438774109000178, -6.997169493999877 ], [ 110.438728332000039, -6.997225761999914 ], [ 110.438667297000052, -6.99733114199995 ], [ 110.438583375, -6.997424600999977 ], [ 110.43852234000002, -6.997745035999912 ], [ 110.43850707900009, -6.99789762599994 ], [ 110.43850707900009, -6.998075008999933 ], [ 110.438537598000039, -6.998429775999966 ], [ 110.438598633000026, -6.998557566999978 ], [ 110.438690185000155, -6.998644827999954 ], [ 110.438941955000189, -6.998893737999936 ], [ 110.439147949000187, -6.999074458999928 ], [ 110.439407349000135, -6.99925851699993 ], [ 110.439689637000072, -6.999485969999967 ], [ 110.439941406, -6.999666690999902 ], [ 110.440238953000062, -6.999902246999966 ], [ 110.44042205900007, -7.000026702999946 ], [ 110.44062805100009, -7.000213621999876 ], [ 110.440666198000145, -7.00028228799988 ], [ 110.441169739000145, -7.000466823999943 ], [ 110.441963196000131, -7.000780105999922 ], [ 110.442535400000054, -7.000997065999968 ], [ 110.442848205000132, -7.00106429899995 ], [ 110.44310760500008, -7.001160620999883 ], [ 110.443367004000152, -7.001291751999929 ], [ 110.443557739000198, -7.001422880999939 ], [ 110.443916320000085, -7.001679897999963 ], [ 110.444396972999982, -7.001942157999906 ], [ 110.444503785000109, -7.002009867999902 ], [ 110.444740296000077, -7.002130031999911 ], [ 110.445137025000122, -7.002260207999939 ], [ 110.445411683000088, -7.002364157999921 ], [ 110.445510865000131, -7.002399921999938 ], [ 110.445808411000087, -7.002540110999973 ], [ 110.446472168000184, -7.002739904999942 ], [ 110.446792602000073, -7.002830028999938 ], [ 110.448219299000073, -7.003429889999893 ], [ 110.448417664000033, -7.00356006599992 ], [ 110.448661805000086, -7.003739833999873 ], [ 110.448722840000073, -7.003799914999945 ], [ 110.448959351000042, -7.004049776999921 ], [ 110.449020387000076, -7.00417995499987 ], [ 110.449050903000114, -7.004389762999892 ], [ 110.449050903000114, -7.004809856999941 ], [ 110.449081422000063, -7.005209922999938 ], [ 110.449119569000118, -7.005300044999899 ], [ 110.449150085000156, -7.005370140999958 ], [ 110.449539184000116, -7.006129263999981 ], [ 110.449447631999988, -7.006240843999933 ], [ 110.44869995200014, -7.006964682999978 ], [ 110.448577881000062, -7.007094858999892 ], [ 110.448242188000108, -7.007391452999968 ], [ 110.446678162000183, -7.008924484999966 ], [ 110.445152283000141, -7.010702132999938 ], [ 110.444976806999989, -7.010921477999887 ], [ 110.444847106000054, -7.011194228999898 ], [ 110.444740296000077, -7.011363981999921 ], [ 110.444511413000043, -7.01133012799994 ], [ 110.444328306999978, -7.01124000599998 ], [ 110.444122315000186, -7.011169909999921 ], [ 110.443283081, -7.011129855999911 ], [ 110.44288635200013, -7.011079787999961 ], [ 110.442596436000144, -7.011020182999971 ], [ 110.441993713000102, -7.010799884999869 ], [ 110.441833495000196, -7.010759830999916 ], [ 110.441551209000068, -7.010690212999862 ], [ 110.441360473000088, -7.010630129999925 ], [ 110.441276551000101, -7.010600090999958 ], [ 110.441200256000116, -7.010580062999964 ], [ 110.440727233000132, -7.010449885999947 ], [ 110.439567566, -7.010139941999967 ], [ 110.439208984000174, -7.010009765999939 ], [ 110.439002990000176, -7.009940147999885 ], [ 110.438751221000075, -7.009840010999937 ], [ 110.438667297000052, -7.009809970999925 ], [ 110.4376602170002, -7.009590148999962 ], [ 110.435897827000019, -7.009170053999924 ], [ 110.435813903, -7.009134291999885 ], [ 110.435707093000076, -7.00912380199992 ], [ 110.435501098000145, -7.00914955099995 ], [ 110.435089111000082, -7.009164808999969 ], [ 110.434646606000172, -7.009206770999867 ], [ 110.434265138000058, -7.009232521999934 ], [ 110.434074402000078, -7.009237289999817 ], [ 110.433990478000055, -7.009220123999967 ], [ 110.433509827000137, -7.009039877999896 ], [ 110.432861327000126, -7.008689878999974 ], [ 110.432670593000182, -7.008580206999966 ], [ 110.432548523000037, -7.008540153999945 ], [ 110.432441712000184, -7.008431911999878 ], [ 110.432319641999982, -7.007939815999919 ], [ 110.432151794000163, -7.007299898999918 ], [ 110.432067870000139, -7.006959914999925 ], [ 110.431953430000078, -7.00645017599993 ] ] ] ] } },
{ "type": "Feature", "properties": { "Kecamatan": "Semarang Tengah", "Kota": "Kota Semarang", "adm3": "33.74.01" }, "geometry": { "type": "MultiPolygon", "coordinates": [ [ [ [ 110.431083679000153, -6.994130133999931 ], [ 110.430641175000119, -6.993919848999951 ], [ 110.429840088, -6.993529795999905 ], [ 110.429153443000132, -6.993168830999821 ], [ 110.429016114000035, -6.993103503999919 ], [ 110.428916932, -6.993055343999913 ], [ 110.428306579000036, -6.992760179999948 ], [ 110.427848815, -6.992539881999903 ], [ 110.427162170000145, -6.992209911999964 ], [ 110.42681884700005, -6.992040155999973 ], [ 110.426651001000039, -6.991950034999945 ], [ 110.425231934000124, -6.991250036999929 ], [ 110.424430847, -6.990880011999877 ], [ 110.423950195000202, -6.990630149999902 ], [ 110.423782349000192, -6.990527152999903 ], [ 110.424095154000042, -6.989831924999919 ], [ 110.424079895000091, -6.989739417999942 ], [ 110.424018860000103, -6.989653109999892 ], [ 110.42385101300016, -6.989511012999969 ], [ 110.423561096000071, -6.989356040999894 ], [ 110.423294067000086, -6.989238737999869 ], [ 110.423088074000191, -6.989170551999848 ], [ 110.422966003000113, -6.989145755999914 ], [ 110.422782897000104, -6.989175319999958 ], [ 110.422721862000117, -6.989268778999872 ], [ 110.422576905000085, -6.989540098999953 ], [ 110.422508240000184, -6.989712714999939 ], [ 110.422439575999988, -6.989827632999948 ], [ 110.422378541, -6.98978328599992 ], [ 110.421691894000162, -6.989465712999845 ], [ 110.420928955000136, -6.989087104999953 ], [ 110.419021606000172, -6.988161563999938 ], [ 110.418769837000013, -6.988023757999883 ], [ 110.418205261000026, -6.987782478999918 ], [ 110.417922974000021, -6.987653255999874 ], [ 110.417457580000075, -6.987506865999933 ], [ 110.416503906000059, -6.987222194999845 ], [ 110.415634155000134, -6.986950874999934 ], [ 110.414665222000167, -6.986683367999944 ], [ 110.414085387000057, -6.986510751999958 ], [ 110.413917542000092, -6.986435413999914 ], [ 110.413772583000082, -6.986372947999939 ], [ 110.412353516, -6.985718726999949 ], [ 110.410789490000127, -6.985003948999974 ], [ 110.410156251000046, -6.984694003999891 ], [ 110.409919739000145, -6.984537601999932 ], [ 110.409843446000139, -6.984536169999899 ], [ 110.409751892000031, -6.984482286999878 ], [ 110.409591674000126, -6.984494684999959 ], [ 110.409515381000119, -6.984479903999954 ], [ 110.409393310000041, -6.984417913999891 ], [ 110.409301758000083, -6.98430919599997 ], [ 110.409248353000066, -6.984205245999874 ], [ 110.40911102400014, -6.984205245999874 ], [ 110.408653260000108, -6.984053611999968 ], [ 110.407356262000064, -6.983469961999958 ], [ 110.406791688000055, -6.983227728999907 ], [ 110.40663147000015, -6.983159064999938 ], [ 110.406463623000036, -6.983087061999981 ], [ 110.405105591000108, -6.982437133999952 ], [ 110.40368652300009, -6.981769084999939 ], [ 110.402404785000101, -6.981222628999944 ], [ 110.402275086000145, -6.981168746999913 ], [ 110.402168274000189, -6.981144905999884 ], [ 110.402099610000164, -6.981123446999959 ], [ 110.401962279000088, -6.981094835999897 ], [ 110.401962279000088, -6.980288505999908 ], [ 110.401901246000079, -6.97934818199991 ], [ 110.401802064000037, -6.978621482999927 ], [ 110.401672363000102, -6.977498529999878 ], [ 110.40182495, -6.977499961999911 ], [ 110.402008056000057, -6.977479933999973 ], [ 110.402442932000156, -6.977449892999971 ], [ 110.40299987800006, -6.977399824999907 ], [ 110.403907775000107, -6.977330206999909 ], [ 110.404251099000078, -6.977300165999907 ], [ 110.404418945000145, -6.977290152999956 ], [ 110.404800415000068, -6.977250097999956 ], [ 110.40512085000006, -6.977230071999884 ], [ 110.405212402000132, -6.977230071999884 ], [ 110.405731200999981, -6.977169989999879 ], [ 110.4068756100001, -6.977087497999889 ], [ 110.406951905000085, -6.977092742999901 ], [ 110.407089234000182, -6.977006434999964 ], [ 110.407356262000064, -6.977048395999873 ], [ 110.408134461000088, -6.976893901999972 ], [ 110.408569336000085, -6.976778983999964 ], [ 110.409362793000071, -6.976486682999962 ], [ 110.409851074000073, -6.976265429999842 ], [ 110.410385131000112, -6.976008414999967 ], [ 110.410926819, -6.975680351999927 ], [ 110.411437988000102, -6.975326060999919 ], [ 110.411911009999983, -6.974971293999943 ], [ 110.412338257999977, -6.974651813999913 ], [ 110.412864685000102, -6.974237918999961 ], [ 110.412979126000096, -6.974369525999975 ], [ 110.413101196000071, -6.974499224999875 ], [ 110.41331481900005, -6.974658011999963 ], [ 110.413398743000073, -6.974722861999908 ], [ 110.413597107000157, -6.974832534999962 ], [ 110.413642884000126, -6.97474288799998 ], [ 110.413833618000069, -6.974369525999975 ], [ 110.414001466000116, -6.974129676999951 ], [ 110.414329528999986, -6.973960398999964 ], [ 110.414810181000178, -6.973706721999974 ], [ 110.415206910000052, -6.973566055999981 ], [ 110.415275573000088, -6.973512172999961 ], [ 110.420532227000194, -6.970964908999917 ], [ 110.420822143, -6.970829486999946 ], [ 110.421104431000117, -6.970697878999943 ], [ 110.421760559000063, -6.970394133999946 ], [ 110.422454834, -6.970027446999893 ], [ 110.423057555000071, -6.969830035999905 ], [ 110.423385620000147, -6.969731807999949 ], [ 110.423767091000173, -6.969675540999845 ], [ 110.424110412000061, -6.969676017999973 ], [ 110.424278260000108, -6.96965074499991 ], [ 110.424438477000081, -6.969752311999969 ], [ 110.425460815000122, -6.96881437299993 ], [ 110.425559997000164, -6.968718528999887 ], [ 110.425712584999985, -6.968735693999975 ], [ 110.426261903000182, -6.968648432999942 ], [ 110.426704406000113, -6.968580721999956 ], [ 110.427055360000168, -6.968512533999956 ], [ 110.427467347000061, -6.968483447999972 ], [ 110.42798614600008, -6.968445300999917 ], [ 110.428680421000081, -6.968387125999925 ], [ 110.428863525000111, -6.968377589999932 ], [ 110.42908477800006, -6.968309401999875 ], [ 110.429328919000113, -6.968231677999938 ], [ 110.429710389000036, -6.968046186999857 ], [ 110.430122376000099, -6.967860697999981 ], [ 110.430511474000127, -6.967655658999945 ], [ 110.431022644000166, -6.967372892999947 ], [ 110.431373597000174, -6.967104434999897 ], [ 110.431396484000174, -6.967891691999966 ], [ 110.431396484000174, -6.968243598999948 ], [ 110.431388855000193, -6.969075202999932 ], [ 110.431419372000107, -6.96937847199996 ], [ 110.431419372000107, -6.969623087999935 ], [ 110.431434630000126, -6.969851493999897 ], [ 110.431457519000162, -6.970606326999928 ], [ 110.431488038000111, -6.972269057999938 ], [ 110.431510926000044, -6.973364828999934 ], [ 110.431541443000185, -6.974230288999934 ], [ 110.431526184000063, -6.97448062899997 ], [ 110.431533813000101, -6.975422859999924 ], [ 110.431549073000099, -6.975870130999908 ], [ 110.431556701000034, -6.976051806999919 ], [ 110.431556701000034, -6.976155756999901 ], [ 110.431564331000118, -6.976231097999914 ], [ 110.431610108000086, -6.978504656999917 ], [ 110.431678772000112, -6.979486942999927 ], [ 110.431732177000185, -6.981768129999921 ], [ 110.431747437000183, -6.982872008999948 ], [ 110.431800842000087, -6.985476493999897 ], [ 110.431800842000087, -6.985569952999981 ], [ 110.431800842000087, -6.985662459999844 ], [ 110.431846619000055, -6.987139701999922 ], [ 110.431983948000095, -6.989780425999925 ], [ 110.432083130000137, -6.991735456999947 ], [ 110.432060242000034, -6.993638990999898 ], [ 110.432060242000034, -6.994305132999955 ], [ 110.431976318000011, -6.994279860999882 ], [ 110.431770326000048, -6.994269847999874 ], [ 110.431297301000086, -6.994190216999925 ], [ 110.431083679000153, -6.994130133999931 ] ] ] ] } },
{ "type": "Feature", "properties": { "Kecamatan": "Semarang Timur", "Kota": "Kota Semarang", "adm3": "33.74.03" }, "geometry": { "type": "MultiPolygon", "coordinates": [ [ [ [ 110.4405822760001, -6.98866176599995 ], [ 110.440490722, -6.989027499999906 ], [ 110.44046783400006, -6.989235876999942 ], [ 110.440452575000108, -6.989413260999925 ], [ 110.440429687, -6.989791392999962 ], [ 110.44040679800014, -6.990102767999872 ], [ 110.440414428999986, -6.990514754999936 ], [ 110.440391540000121, -6.990846157999954 ], [ 110.440368652000018, -6.99099254499987 ], [ 110.440307616000155, -6.99109697199998 ], [ 110.440200806000178, -6.991196154999955 ], [ 110.440032958000131, -6.991327284999954 ], [ 110.439979553000057, -6.991387367999948 ], [ 110.439857483000083, -6.991536617999941 ], [ 110.439758300000165, -6.991738796999869 ], [ 110.439697265000177, -6.992031097999927 ], [ 110.439697265000177, -6.992127417999882 ], [ 110.439712525000175, -6.992222784999967 ], [ 110.4397811890002, -6.992559909999954 ], [ 110.439880371000015, -6.992852686999925 ], [ 110.439949036000144, -6.993058203999965 ], [ 110.440025330000026, -6.993287561999978 ], [ 110.440040588000045, -6.993413447999899 ], [ 110.440032958000131, -6.993513107999945 ], [ 110.439987183000198, -6.993764876999933 ], [ 110.43991851800007, -6.994236946999933 ], [ 110.439895629000034, -6.994551181999952 ], [ 110.439842224000188, -6.994740007999951 ], [ 110.439804077000133, -6.99504756999994 ], [ 110.439796447000049, -6.995359419999943 ], [ 110.439743042000146, -6.99554920099996 ], [ 110.439643860000103, -6.995783328999948 ], [ 110.439483642000141, -6.99600028899988 ], [ 110.439361572, -6.99621772699993 ], [ 110.43920135400009, -6.996417998999959 ], [ 110.438980102000073, -6.996785640999917 ], [ 110.438880921000134, -6.9970087989999 ], [ 110.438827514000081, -6.997082709999916 ], [ 110.438659669000117, -6.997039794999978 ], [ 110.438468933000138, -6.99696016199988 ], [ 110.438377381, -6.996910094999919 ], [ 110.437828065000076, -6.996689796999931 ], [ 110.4376602170002, -6.996610164999879 ], [ 110.437232972000118, -6.996429919999969 ], [ 110.436569213000155, -6.996160029999942 ], [ 110.436256409000066, -6.996039865999933 ], [ 110.43604278600003, -6.995940208999968 ], [ 110.435920715000179, -6.995900154999958 ], [ 110.434272766000163, -6.99518013099987 ], [ 110.433929442000135, -6.995044231999827 ], [ 110.432601930000089, -6.99451017399997 ], [ 110.432136536000144, -6.994329928999946 ], [ 110.432060242000034, -6.994305132999955 ], [ 110.432060242000034, -6.993638990999898 ], [ 110.432083130000137, -6.991735456999947 ], [ 110.431983948000095, -6.989780425999925 ], [ 110.431846619000055, -6.987139701999922 ], [ 110.431800842000087, -6.985662459999844 ], [ 110.431800842000087, -6.985569952999981 ], [ 110.431800842000087, -6.985476493999897 ], [ 110.431747437000183, -6.982872008999948 ], [ 110.431732177000185, -6.981768129999921 ], [ 110.431678772000112, -6.979486942999927 ], [ 110.431610108000086, -6.978504656999917 ], [ 110.431564331000118, -6.976231097999914 ], [ 110.431556701000034, -6.976155756999901 ], [ 110.431556701000034, -6.976051806999919 ], [ 110.431549073000099, -6.975870130999908 ], [ 110.431533813000101, -6.975422859999924 ], [ 110.431526184000063, -6.97448062899997 ], [ 110.431541443000185, -6.974230288999934 ], [ 110.431510926000044, -6.973364828999934 ], [ 110.431488038000111, -6.972269057999938 ], [ 110.431457519000162, -6.970606326999928 ], [ 110.431434630000126, -6.969851493999897 ], [ 110.431419372000107, -6.969623087999935 ], [ 110.431419372000107, -6.96937847199996 ], [ 110.431388855000193, -6.969075202999932 ], [ 110.431396484000174, -6.968243598999948 ], [ 110.431396484000174, -6.967891691999966 ], [ 110.431373597000174, -6.967104434999897 ], [ 110.431343078000054, -6.964604852999969 ], [ 110.431327820000035, -6.96439886099995 ], [ 110.431350709000014, -6.964148521999959 ], [ 110.431320190000065, -6.962041854999882 ], [ 110.431198119000044, -6.954406737999932 ], [ 110.432907104000094, -6.953852653999888 ], [ 110.43414306700015, -6.953381537999917 ], [ 110.435150147000172, -6.952929973999971 ], [ 110.436058044000049, -6.952457903999971 ], [ 110.436859132000109, -6.952088831999902 ], [ 110.437240600000052, -6.951836584999967 ], [ 110.437675475000049, -6.951620101999936 ], [ 110.43824005200014, -6.951348781999968 ], [ 110.438636780000081, -6.951177596999912 ], [ 110.43952941900011, -6.950812816999928 ], [ 110.439750672000059, -6.95075511899995 ], [ 110.440879823000159, -6.950284479999937 ], [ 110.440979005000145, -6.950253009999869 ], [ 110.441703796000184, -6.949990748999937 ], [ 110.441398620000143, -6.950813769999911 ], [ 110.440948486000025, -6.951939581999966 ], [ 110.440879823000159, -6.952503203999981 ], [ 110.440948486000025, -6.95323085799987 ], [ 110.441299438000101, -6.954733370999975 ], [ 110.441749573000152, -6.95604801199994 ], [ 110.442398071000184, -6.958137987999919 ], [ 110.442962646000069, -6.959931373999893 ], [ 110.442962646000069, -6.960508823999874 ], [ 110.443031311000141, -6.961072444999957 ], [ 110.443244934000177, -6.961494921999929 ], [ 110.443710328000122, -6.962011813999879 ], [ 110.444206239000039, -6.962646483999947 ], [ 110.444412231, -6.963256834999981 ], [ 110.44460296699998, -6.963937758999919 ], [ 110.44460296699998, -6.964665412999977 ], [ 110.444526671000062, -6.965392589999965 ], [ 110.444335937000119, -6.966493606999904 ], [ 110.444305421000081, -6.966621397999916 ], [ 110.444244385000161, -6.967053412999974 ], [ 110.444046021000077, -6.968534469999952 ], [ 110.444046021000077, -6.968734741999981 ], [ 110.443962097000053, -6.969127177999951 ], [ 110.44380188000008, -6.970039844999974 ], [ 110.443641662000118, -6.970612049999943 ], [ 110.443534852000141, -6.971092224999893 ], [ 110.44346618700007, -6.971589087999973 ], [ 110.443420410000101, -6.972021102999918 ], [ 110.443374635000168, -6.972601412999893 ], [ 110.443275452000194, -6.972753524999973 ], [ 110.443214417000036, -6.972856997999884 ], [ 110.443176270000151, -6.972929953999881 ], [ 110.443077088000109, -6.97320175099992 ], [ 110.442924499000014, -6.973778247999917 ], [ 110.442901612000185, -6.974098682999966 ], [ 110.442901612000185, -6.974483012999883 ], [ 110.44288635200013, -6.974899290999872 ], [ 110.442901612000185, -6.975363731999948 ], [ 110.44288635200013, -6.975595472999942 ], [ 110.442878724000082, -6.97570800799997 ], [ 110.442794800000058, -6.976312636999921 ], [ 110.442687988000102, -6.97670507499987 ], [ 110.442543031000071, -6.977081297999916 ], [ 110.442382813000165, -6.977521418999913 ], [ 110.442214965000119, -6.97806978199992 ], [ 110.442176819000167, -6.97835779199994 ], [ 110.442131042000199, -6.978678224999896 ], [ 110.442131042000199, -6.979102609999927 ], [ 110.442070006000108, -6.979694842999891 ], [ 110.441871644000059, -6.981172084999912 ], [ 110.441772462000188, -6.981853008999963 ], [ 110.441604614000141, -6.982649325999944 ], [ 110.441467285000044, -6.983121870999867 ], [ 110.44132232600009, -6.983561991999977 ], [ 110.441253663000168, -6.984214304999909 ], [ 110.441253663000168, -6.984574793999911 ], [ 110.441291810000052, -6.984943388999966 ], [ 110.441253663000168, -6.985295294999901 ], [ 110.441200256000116, -6.985607624999943 ], [ 110.441139220000196, -6.985905170999956 ], [ 110.440849303999983, -6.987397193999925 ], [ 110.440826415000174, -6.987578869999936 ], [ 110.440757752000081, -6.98789358199997 ], [ 110.440689086000077, -6.988142490999962 ], [ 110.440620423000155, -6.988465785999949 ], [ 110.4405822760001, -6.98866176599995 ] ] ] ] } },
{ "type": "Feature", "properties": { "Kecamatan": "Semarang Utara", "Kota": "Kota Semarang", "adm3": "33.74.02" }, "geometry": { "type": "MultiPolygon", "coordinates": [ [ [ [ 110.401306153000178, -6.972824095999954 ], [ 110.40102386500007, -6.970639705999929 ], [ 110.400985718000186, -6.970245359999979 ], [ 110.400985718000186, -6.970160960999863 ], [ 110.400848389000089, -6.968682288999901 ], [ 110.400642395000148, -6.966869353999925 ], [ 110.400489808000202, -6.965728282999919 ], [ 110.400382995000143, -6.965101241999889 ], [ 110.400306702000137, -6.964321136999843 ], [ 110.400199889000078, -6.963229178999882 ], [ 110.400177003000181, -6.961668967999969 ], [ 110.400024414000086, -6.960186958999884 ], [ 110.399787902000014, -6.958756446999928 ], [ 110.399505614000134, -6.957170486999871 ], [ 110.399116516000106, -6.955974100999924 ], [ 110.398612977000084, -6.955022333999977 ], [ 110.398475646000179, -6.954777239999942 ], [ 110.398338317000082, -6.954557894999937 ], [ 110.39823913500004, -6.95440006299998 ], [ 110.398086548000151, -6.954106330999934 ], [ 110.397186280000085, -6.952301501999898 ], [ 110.39626312200005, -6.949800491999838 ], [ 110.395828247000054, -6.948889731999884 ], [ 110.396080016000042, -6.94863891499989 ], [ 110.396232606000012, -6.948339938999936 ], [ 110.396194459000185, -6.948164462999898 ], [ 110.396369935000109, -6.947858810999946 ], [ 110.396919250000167, -6.947625636999931 ], [ 110.397491455000193, -6.947574137999936 ], [ 110.398010254000042, -6.947574614999951 ], [ 110.398506165000128, -6.947445391999906 ], [ 110.399208068, -6.947033404999956 ], [ 110.399620057000106, -6.94705677099995 ], [ 110.399833678999983, -6.947290896999959 ], [ 110.399467467000079, -6.947758673999829 ], [ 110.398506165000128, -6.9483885759999 ], [ 110.398590088000049, -6.948649882999916 ], [ 110.398681640000177, -6.948949813999945 ], [ 110.398826600000064, -6.949289797999938 ], [ 110.398841858000083, -6.949490069999911 ], [ 110.39897918700018, -6.949779985999896 ], [ 110.399353027000188, -6.949950218999959 ], [ 110.399780274000136, -6.950039862999915 ], [ 110.400138856000126, -6.95015001299987 ], [ 110.400489808000202, -6.950280188999898 ], [ 110.400756834999981, -6.95041990299984 ], [ 110.401252746000068, -6.951210020999952 ], [ 110.401451110000153, -6.951479910999979 ], [ 110.401679993000187, -6.95155000699998 ], [ 110.402061462, -6.95155000699998 ], [ 110.402229309000177, -6.951529979999918 ], [ 110.402542114000198, -6.951449871999955 ], [ 110.403007508000144, -6.951350211999966 ], [ 110.403472900000111, -6.951330183999914 ], [ 110.403678894000109, -6.951439856999855 ], [ 110.403808593000065, -6.951449871999955 ], [ 110.403900147, -6.951360224999917 ], [ 110.40399169900013, -6.951270102999842 ], [ 110.404136658000141, -6.951139926999929 ], [ 110.404693604000045, -6.950990199999865 ], [ 110.405029298000102, -6.950900077999961 ], [ 110.405380249000075, -6.950839995999956 ], [ 110.405601502000195, -6.950709819999929 ], [ 110.405738831000122, -6.950540065999917 ], [ 110.405792236000138, -6.950339794999934 ], [ 110.405738831000122, -6.950119971999868 ], [ 110.405708312000172, -6.95004129299997 ], [ 110.405815125, -6.94997835099997 ], [ 110.405838013000107, -6.949814794999952 ], [ 110.405723573000103, -6.949409483999887 ], [ 110.405670166, -6.949056146999965 ], [ 110.405731200999981, -6.948835371999905 ], [ 110.405815125, -6.9487557409999 ], [ 110.406234741999981, -6.948586462999913 ], [ 110.406539916000042, -6.948410511999953 ], [ 110.406936645000087, -6.948312759999908 ], [ 110.407173156, -6.948535442999969 ], [ 110.407363891999978, -6.948826313999973 ], [ 110.40753936800013, -6.948966979999966 ], [ 110.407752991000109, -6.949418543999855 ], [ 110.407745360000092, -6.949117659999899 ], [ 110.407798768000077, -6.948513030999891 ], [ 110.407783509000183, -6.948339938999936 ], [ 110.407752991000109, -6.948050021999961 ], [ 110.407653808000191, -6.947879791999981 ], [ 110.407554626000149, -6.947732447999954 ], [ 110.409019470000032, -6.947186469999906 ], [ 110.410873414000093, -6.946765421999885 ], [ 110.413101196000071, -6.946291446999908 ], [ 110.414581298000144, -6.946134089999873 ], [ 110.415542603000176, -6.945976732999895 ], [ 110.41664886500007, -6.945607184999972 ], [ 110.417289735000168, -6.945184230999871 ], [ 110.417289735000168, -6.944125175999943 ], [ 110.417556762000117, -6.943648813999971 ], [ 110.418090820000089, -6.942801951999968 ], [ 110.419120788000043, -6.942850113999953 ], [ 110.419113160000109, -6.943089961999874 ], [ 110.419097900000111, -6.943679809999935 ], [ 110.419128418000128, -6.944019793999928 ], [ 110.419319153, -6.944169997999893 ], [ 110.419433593000065, -6.944330215999912 ], [ 110.419456482000101, -6.944580076999898 ], [ 110.419387818000075, -6.945378779999885 ], [ 110.419342041000107, -6.945515155999828 ], [ 110.41923522899998, -6.945630073999894 ], [ 110.419097900000111, -6.945733546999975 ], [ 110.419090272000176, -6.945853709999938 ], [ 110.419174193000117, -6.946066856999892 ], [ 110.419311524000193, -6.94636774099996 ], [ 110.419006348000153, -6.946416377999981 ], [ 110.418670655000199, -6.946421145999977 ], [ 110.418663024000182, -6.946743488999914 ], [ 110.419006348000153, -6.946710109999913 ], [ 110.41939544600001, -6.946712016999925 ], [ 110.419372558000077, -6.947115898999925 ], [ 110.41928863600009, -6.949306963999959 ], [ 110.419273376000035, -6.950364112999921 ], [ 110.419250489000035, -6.950850008999964 ], [ 110.419227601000102, -6.951393603999918 ], [ 110.419242859000121, -6.951579569999979 ], [ 110.419265747000054, -6.951667308999845 ], [ 110.419357299000126, -6.951620101999936 ], [ 110.419349671000077, -6.951350211999966 ], [ 110.419357299000126, -6.951089859999911 ], [ 110.419502259000069, -6.950920104999909 ], [ 110.419860840000183, -6.95097017199987 ], [ 110.420059205000143, -6.951149939999937 ], [ 110.420211792000089, -6.951409816999956 ], [ 110.420257569000057, -6.951610088999928 ], [ 110.420318604000045, -6.951879976999919 ], [ 110.420410156000116, -6.952000139999939 ], [ 110.420539857000108, -6.951920031999975 ], [ 110.420722961000195, -6.951630114999944 ], [ 110.420890809000014, -6.951710223999953 ], [ 110.421028138000111, -6.951809883999829 ], [ 110.421203613000159, -6.951920031999975 ], [ 110.421340942000029, -6.952000139999939 ], [ 110.421623230000137, -6.952239988999963 ], [ 110.421722413000111, -6.952429769999981 ], [ 110.421623230000137, -6.952730178999957 ], [ 110.421577453000168, -6.952909944999874 ], [ 110.421722413000111, -6.953139780999891 ], [ 110.421958924000194, -6.953420161999929 ], [ 110.422119141000053, -6.953760146999969 ], [ 110.422286987000064, -6.953969954999934 ], [ 110.422500611000146, -6.954050063999887 ], [ 110.422752381000066, -6.954199790999951 ], [ 110.42297363400013, -6.954269885999963 ], [ 110.423126221000075, -6.95440006299998 ], [ 110.42337799, -6.954569815999946 ], [ 110.423507691, -6.95471000699996 ], [ 110.423736572000053, -6.954790115999856 ], [ 110.423812866000105, -6.954639910999958 ], [ 110.423751830000072, -6.954470157999936 ], [ 110.423591613000042, -6.954339979999929 ], [ 110.423461914000029, -6.954170226999963 ], [ 110.423408509000126, -6.953959941999926 ], [ 110.423469544000113, -6.953760146999969 ], [ 110.423568725999985, -6.953559875999929 ], [ 110.423751830000072, -6.953350065999871 ], [ 110.423896790000128, -6.953219889999957 ], [ 110.424179078000066, -6.953100203999895 ], [ 110.42430114800004, -6.952980040999932 ], [ 110.424316407000106, -6.952839851999954 ], [ 110.424148559000116, -6.95269012499989 ], [ 110.423843384000179, -6.95260000299993 ], [ 110.423530580000033, -6.952489852999975 ], [ 110.423110963000056, -6.952370166999913 ], [ 110.422920226000144, -6.952239988999963 ], [ 110.422599791000039, -6.95203018199993 ], [ 110.422378541, -6.951879976999919 ], [ 110.422058106000065, -6.951729774999933 ], [ 110.421836853000116, -6.95155000699998 ], [ 110.421577453000168, -6.951369762999889 ], [ 110.421371460999978, -6.951139926999929 ], [ 110.421180725000056, -6.950930117999974 ], [ 110.420989991000056, -6.95075988699989 ], [ 110.420791626000096, -6.95062017499987 ], [ 110.42066192599998, -6.950540065999917 ], [ 110.420623779000152, -6.950439929999959 ], [ 110.420516968000072, -6.949979782999947 ], [ 110.420639037000171, -6.949860094999963 ], [ 110.420799255000077, -6.949729918999935 ], [ 110.420837401000028, -6.94948005699996 ], [ 110.420776368000077, -6.949279784999931 ], [ 110.420570374000079, -6.94913005799998 ], [ 110.420219422000173, -6.949029922999955 ], [ 110.420089721000181, -6.94868993699987 ], [ 110.419998169000053, -6.948339938999936 ], [ 110.419906615000116, -6.9479498849999 ], [ 110.419883729, -6.94755983399989 ], [ 110.419921876000046, -6.947400091999896 ], [ 110.420051574000126, -6.947269915999868 ], [ 110.420242311000038, -6.947259902999861 ], [ 110.420516968000072, -6.947360037999886 ], [ 110.420806885, -6.947519779999936 ], [ 110.421157836000191, -6.947700023999971 ], [ 110.421379089000084, -6.947869776999937 ], [ 110.421798706000118, -6.948040008999897 ], [ 110.422042847000114, -6.948180198999978 ], [ 110.422309875, -6.948490142999958 ], [ 110.422431946000074, -6.948740004999934 ], [ 110.422653199000194, -6.949019907999912 ], [ 110.422912598000039, -6.949250220999943 ], [ 110.423110963000056, -6.949429988999896 ], [ 110.42337799, -6.949659822999934 ], [ 110.42366790900013, -6.949759959999938 ], [ 110.423927306000166, -6.949870109999893 ], [ 110.424217224000188, -6.94996023199991 ], [ 110.424430847, -6.950099945999909 ], [ 110.424598695000043, -6.950250147999895 ], [ 110.425407410000048, -6.950630187999934 ], [ 110.42569732600009, -6.950799940999843 ], [ 110.425842285999977, -6.950960158999976 ], [ 110.426071167000202, -6.951169965999895 ], [ 110.426200867000091, -6.951340198999958 ], [ 110.426338196000188, -6.951449871999955 ], [ 110.426513672000112, -6.951529979999918 ], [ 110.426628113000106, -6.951449871999955 ], [ 110.426666259000058, -6.951310157999956 ], [ 110.426712036000197, -6.951039789999868 ], [ 110.426773072000117, -6.95075988699989 ], [ 110.426841734999982, -6.950530050999873 ], [ 110.42681884700005, -6.950253485999838 ], [ 110.426193237000177, -6.949706554999977 ], [ 110.426078797000116, -6.949649809999869 ], [ 110.426033020000148, -6.949544429999946 ], [ 110.42591094900007, -6.949404715999947 ], [ 110.42575073200004, -6.948999881999953 ], [ 110.425033570000039, -6.948143958999822 ], [ 110.424972535000052, -6.948102949999964 ], [ 110.424407959000064, -6.947395801999903 ], [ 110.424331665000125, -6.947279928999933 ], [ 110.424118042000146, -6.947090147999916 ], [ 110.42393493600008, -6.946901798999875 ], [ 110.423828124000124, -6.944714068999872 ], [ 110.42385101300016, -6.943861960999925 ], [ 110.423980713000049, -6.943315505999976 ], [ 110.423995972000171, -6.942764281999928 ], [ 110.424041749000139, -6.94198942099996 ], [ 110.424171447000049, -6.94102096599994 ], [ 110.424278260000108, -6.938765524999951 ], [ 110.424194336000085, -6.93867063499988 ], [ 110.424102784000127, -6.938403605999895 ], [ 110.424102784000127, -6.937709807999966 ], [ 110.424110412000061, -6.936801909999929 ], [ 110.425308228000063, -6.936811922999937 ], [ 110.425323486000082, -6.937796114999912 ], [ 110.425323486000082, -6.938198088999968 ], [ 110.42660522400007, -6.93819141299997 ], [ 110.427017211000134, -6.938243387999876 ], [ 110.427009583000199, -6.939091682999901 ], [ 110.427047730000083, -6.93974590299996 ], [ 110.427009583000199, -6.940495013999964 ], [ 110.427001953000115, -6.941045761999931 ], [ 110.42712402300009, -6.941524028999936 ], [ 110.427215575000048, -6.941761017999966 ], [ 110.427391053000179, -6.942139624999868 ], [ 110.42762756400009, -6.942062853999971 ], [ 110.428283692000036, -6.941879748999952 ], [ 110.428382874000079, -6.942239759999893 ], [ 110.429122924000183, -6.944432257999949 ], [ 110.431182861000195, -6.943744657999957 ], [ 110.431289673000151, -6.943910120999874 ], [ 110.431488038000111, -6.944059847999938 ], [ 110.431716919000166, -6.944495677999953 ], [ 110.432380677000197, -6.944281100999945 ], [ 110.432922363000046, -6.944091796999942 ], [ 110.433204651000153, -6.943980693999947 ], [ 110.433288575000176, -6.944118499999888 ], [ 110.433654784000169, -6.945290087999922 ], [ 110.433975219000104, -6.946177004999981 ], [ 110.434234619000108, -6.947245119999877 ], [ 110.434326171, -6.947844504999978 ], [ 110.434486388000039, -6.948100089999912 ], [ 110.434707641000159, -6.948430059999964 ], [ 110.435920715000179, -6.949999808999962 ], [ 110.436126710000053, -6.950230121999937 ], [ 110.436256409000066, -6.950379848999887 ], [ 110.436393738000106, -6.950520037999866 ], [ 110.436599732000104, -6.95061015999994 ], [ 110.436790466000105, -6.950530050999873 ], [ 110.436981200000048, -6.950319765999893 ], [ 110.437088013000107, -6.950039862999915 ], [ 110.437171936000198, -6.949739931999886 ], [ 110.437187195000149, -6.94944000299995 ], [ 110.437072753999985, -6.949069977999955 ], [ 110.436889648000147, -6.948830126999951 ], [ 110.436691284000062, -6.948629854999979 ], [ 110.436363221000192, -6.948490142999958 ], [ 110.436126710000053, -6.948359966999931 ], [ 110.435974121000129, -6.948007105999977 ], [ 110.435768128000063, -6.94790983099989 ], [ 110.43568420400004, -6.947849750999978 ], [ 110.435287476000099, -6.947702883999909 ], [ 110.435020446000181, -6.947538852999912 ], [ 110.434913636000033, -6.947351454999875 ], [ 110.43485260000017, -6.947297571999968 ], [ 110.434791565000182, -6.947090624999873 ], [ 110.434791565000182, -6.946970461999967 ], [ 110.43497467100002, -6.946866988999943 ], [ 110.435348511000086, -6.946850298999891 ], [ 110.435562134000065, -6.946910858999956 ], [ 110.43576049800015, -6.946894167999972 ], [ 110.435775756000169, -6.946644305999882 ], [ 110.435722351000095, -6.946385859999907 ], [ 110.435844422000173, -6.946187972999894 ], [ 110.436027528000011, -6.945964336999964 ], [ 110.436241150000114, -6.945757864999905 ], [ 110.436233520000201, -6.945611475999954 ], [ 110.436218262000182, -6.94515943499988 ], [ 110.43626403900015, -6.9448409069999 ], [ 110.436248779000096, -6.944470881999905 ], [ 110.436279297000169, -6.944100856999967 ], [ 110.43644714300018, -6.943670271999963 ], [ 110.436782836000191, -6.94334363899992 ], [ 110.437194825000063, -6.943171978999942 ], [ 110.437492371000189, -6.943104265999921 ], [ 110.43780517600004, -6.943037509999897 ], [ 110.437896728000112, -6.94298267299996 ], [ 110.438331604000041, -6.942433833999871 ], [ 110.438796998000043, -6.942201613999941 ], [ 110.438964843000122, -6.942227361999926 ], [ 110.439147949000187, -6.942667959999881 ], [ 110.43952941900011, -6.943616866999946 ], [ 110.439460754000038, -6.943982601999949 ], [ 110.43955993600008, -6.944548605999955 ], [ 110.439697265000177, -6.945297717999949 ], [ 110.439895629000034, -6.945696829999918 ], [ 110.440010070000199, -6.945996283999932 ], [ 110.440277100000117, -6.945730685999877 ], [ 110.440490722, -6.945597647999875 ], [ 110.441078187000016, -6.945765017999975 ], [ 110.441291810000052, -6.945898055999976 ], [ 110.441474915000185, -6.946264265999901 ], [ 110.441543579000154, -6.946564197999919 ], [ 110.441741943000068, -6.946381091999967 ], [ 110.441993713000102, -6.945665835999932 ], [ 110.442375183000024, -6.94460153599988 ], [ 110.442726135000157, -6.943686962999891 ], [ 110.443275452000194, -6.942289829999936 ], [ 110.443664551000154, -6.941159246999916 ], [ 110.443748475000177, -6.940609930999926 ], [ 110.443695067000192, -6.940177440999946 ], [ 110.443901062000066, -6.94006109299994 ], [ 110.444129943000121, -6.93982839499995 ], [ 110.44416046200007, -6.939640997999959 ], [ 110.443519592000143, -6.939350126999898 ], [ 110.443420410000101, -6.939199924999969 ], [ 110.443374635000168, -6.939124106999941 ], [ 110.442985534, -6.938676357999952 ], [ 110.442955017000088, -6.938271998999937 ], [ 110.444549560000098, -6.937701224999955 ], [ 110.445106506000172, -6.937558650999904 ], [ 110.445213318000128, -6.937709807999966 ], [ 110.445411683000088, -6.937644481999882 ], [ 110.445541381, -6.937439917999939 ], [ 110.445632935000106, -6.937150001999953 ], [ 110.445800781000173, -6.936979770999869 ], [ 110.445938110000043, -6.936870097999872 ], [ 110.446136474000127, -6.936769961999914 ], [ 110.445709229000045, -6.938765049999972 ], [ 110.444686889000195, -6.94298267299996 ], [ 110.443977356000175, -6.944818018999968 ], [ 110.442359925, -6.948478221999949 ], [ 110.441703796000184, -6.949990748999937 ], [ 110.440979005000145, -6.950253009999869 ], [ 110.440879823000159, -6.950284479999937 ], [ 110.439750672000059, -6.95075511899995 ], [ 110.43952941900011, -6.950812816999928 ], [ 110.438636780000081, -6.951177596999912 ], [ 110.43824005200014, -6.951348781999968 ], [ 110.437675475000049, -6.951620101999936 ], [ 110.437240600000052, -6.951836584999967 ], [ 110.436859132000109, -6.952088831999902 ], [ 110.436058044000049, -6.952457903999971 ], [ 110.435150147000172, -6.952929973999971 ], [ 110.43414306700015, -6.953381537999917 ], [ 110.432907104000094, -6.953852653999888 ], [ 110.431198119000044, -6.954406737999932 ], [ 110.431320190000065, -6.962041854999882 ], [ 110.431350709000014, -6.964148521999959 ], [ 110.431327820000035, -6.96439886099995 ], [ 110.431343078000054, -6.964604852999969 ], [ 110.431373597000174, -6.967104434999897 ], [ 110.431022644000166, -6.967372892999947 ], [ 110.430511474000127, -6.967655658999945 ], [ 110.430122376000099, -6.967860697999981 ], [ 110.429710389000036, -6.968046186999857 ], [ 110.429328919000113, -6.968231677999938 ], [ 110.42908477800006, -6.968309401999875 ], [ 110.428863525000111, -6.968377589999932 ], [ 110.428680421000081, -6.968387125999925 ], [ 110.42798614600008, -6.968445300999917 ], [ 110.427467347000061, -6.968483447999972 ], [ 110.427055360000168, -6.968512533999956 ], [ 110.426704406000113, -6.968580721999956 ], [ 110.426261903000182, -6.968648432999942 ], [ 110.425712584999985, -6.968735693999975 ], [ 110.425559997000164, -6.968718528999887 ], [ 110.425460815000122, -6.96881437299993 ], [ 110.424438477000081, -6.969752311999969 ], [ 110.424278260000108, -6.96965074499991 ], [ 110.424110412000061, -6.969676017999973 ], [ 110.423767091000173, -6.969675540999845 ], [ 110.423385620000147, -6.969731807999949 ], [ 110.423057555000071, -6.969830035999905 ], [ 110.422454834, -6.970027446999893 ], [ 110.421760559000063, -6.970394133999946 ], [ 110.421104431000117, -6.970697878999943 ], [ 110.420822143, -6.970829486999946 ], [ 110.420532227000194, -6.970964908999917 ], [ 110.415275573000088, -6.973512172999961 ], [ 110.415206910000052, -6.973566055999981 ], [ 110.414810181000178, -6.973706721999974 ], [ 110.414329528999986, -6.973960398999964 ], [ 110.414001466000116, -6.974129676999951 ], [ 110.413833618000069, -6.974369525999975 ], [ 110.413642884000126, -6.97474288799998 ], [ 110.413597107000157, -6.974832534999962 ], [ 110.413398743000073, -6.974722861999908 ], [ 110.41331481900005, -6.974658011999963 ], [ 110.413101196000071, -6.974499224999875 ], [ 110.412979126000096, -6.974369525999975 ], [ 110.412864685000102, -6.974237918999961 ], [ 110.412338257999977, -6.974651813999913 ], [ 110.411911009999983, -6.974971293999943 ], [ 110.411437988000102, -6.975326060999919 ], [ 110.410926819, -6.975680351999927 ], [ 110.410385131000112, -6.976008414999967 ], [ 110.409851074000073, -6.976265429999842 ], [ 110.409362793000071, -6.976486682999962 ], [ 110.408569336000085, -6.976778983999964 ], [ 110.408134461000088, -6.976893901999972 ], [ 110.407356262000064, -6.977048395999873 ], [ 110.407089234000182, -6.977006434999964 ], [ 110.406951905000085, -6.977092742999901 ], [ 110.4068756100001, -6.977087497999889 ], [ 110.405731200999981, -6.977169989999879 ], [ 110.405212402000132, -6.977230071999884 ], [ 110.40512085000006, -6.977230071999884 ], [ 110.404800415000068, -6.977250097999956 ], [ 110.404418945000145, -6.977290152999956 ], [ 110.404251099000078, -6.977300165999907 ], [ 110.403907775000107, -6.977330206999909 ], [ 110.40299987800006, -6.977399824999907 ], [ 110.402442932000156, -6.977449892999971 ], [ 110.402008056000057, -6.977479933999973 ], [ 110.40182495, -6.977499961999911 ], [ 110.401672363000102, -6.977498529999878 ], [ 110.401489257000037, -6.975553988999934 ], [ 110.401435852000134, -6.974202155999933 ], [ 110.401306153000178, -6.972824095999954 ] ] ] ] } },
{ "type": "Feature", "properties": { "Kecamatan": "Tembalang", "Kota": "Kota Semarang", "adm3": "33.74.10" }, "geometry": { "type": "MultiPolygon", "coordinates": [ [ [ [ 110.500544101000116, -7.067349320999938 ], [ 110.500530773000094, -7.067348543999969 ], [ 110.500514584000086, -7.067347599999891 ], [ 110.500480651000203, -7.067345619999912 ], [ 110.500335948000043, -7.067292781999981 ], [ 110.500289789000192, -7.067100564999976 ], [ 110.500224064000179, -7.066964799999937 ], [ 110.500153000000182, -7.066818 ], [ 110.500138830000083, -7.066808646999903 ], [ 110.500000001000046, -7.066716670999938 ], [ 110.4999726530001, -7.066716528999905 ], [ 110.499955648000196, -7.066716439999823 ], [ 110.49994180200008, -7.066716367999902 ], [ 110.499908447000109, -7.066716192999877 ], [ 110.499878409000075, -7.066730795999945 ], [ 110.499839783000084, -7.066749571999878 ], [ 110.499671935000038, -7.06681585299998 ], [ 110.499633789000086, -7.066893100999948 ], [ 110.499622009, -7.066982735999829 ], [ 110.49960258200008, -7.06712762199993 ], [ 110.499584975000175, -7.067237954999882 ], [ 110.499572753000052, -7.067313193999894 ], [ 110.499558654, -7.067357547999904 ], [ 110.499544209000135, -7.067402987999969 ], [ 110.499535392000041, -7.067430725999941 ], [ 110.49952695900015, -7.067457024999896 ], [ 110.499515814, -7.06746520299987 ], [ 110.499507567000137, -7.067471269999942 ], [ 110.499450683000077, -7.06751251299994 ], [ 110.499405641000067, -7.067526387999976 ], [ 110.499385819, -7.06753249399992 ], [ 110.499344010000186, -7.067544995999981 ], [ 110.499182781000115, -7.067522678999978 ], [ 110.499070474000121, -7.067493240999966 ], [ 110.498978000000136, -7.067469000999893 ], [ 110.498809932000086, -7.067422979999947 ], [ 110.498753092000129, -7.067405772999905 ], [ 110.498222000000112, -7.067245 ], [ 110.498100001000012, -7.06721199999987 ], [ 110.498000840000088, -7.067212121999887 ], [ 110.497950749000097, -7.067250315999956 ], [ 110.497924407000085, -7.067270305999898 ], [ 110.497873341000115, -7.067309061999936 ], [ 110.497840882000162, -7.067333696999981 ], [ 110.497828580000032, -7.067369254999903 ], [ 110.497810000000129, -7.067422 ], [ 110.497794649000184, -7.067452360999937 ], [ 110.497764588000052, -7.067510604999882 ], [ 110.497764588000052, -7.067598818999898 ], [ 110.497774511000102, -7.067675513999973 ], [ 110.497777243000144, -7.067696630999933 ], [ 110.497780461000048, -7.067721512999924 ], [ 110.497787475000109, -7.067775724999876 ], [ 110.497800547000111, -7.067851703999963 ], [ 110.497803951000037, -7.067871488999913 ], [ 110.497816561000036, -7.067944784999952 ], [ 110.497817993000126, -7.068085669999959 ], [ 110.497802735000107, -7.068240641999978 ], [ 110.497779847000174, -7.06839561399994 ], [ 110.497779962000095, -7.068494937999958 ], [ 110.497879029000046, -7.068616866999946 ], [ 110.4979708850002, -7.068641532999948 ], [ 110.498018146000106, -7.068654222999839 ], [ 110.498052450000102, -7.068663433999973 ], [ 110.498085021, -7.068672179999965 ], [ 110.498115972, -7.068683424999961 ], [ 110.498206999, -7.068716999999879 ], [ 110.498290534000091, -7.068766939999932 ], [ 110.498352051000097, -7.068827151999926 ], [ 110.498362649000114, -7.068841910999936 ], [ 110.49838354700006, -7.068871007999917 ], [ 110.498397221000118, -7.068890045999979 ], [ 110.498489001000053, -7.069018 ], [ 110.498514834000161, -7.069082024999886 ], [ 110.498535, -7.069132000999957 ], [ 110.49853289400005, -7.069249767999906 ], [ 110.498496986000077, -7.069314007999878 ], [ 110.4984839990002, -7.06932175399993 ], [ 110.498382845000151, -7.069382024999925 ], [ 110.498209917000054, -7.069410567999967 ], [ 110.498176897000178, -7.069415993999883 ], [ 110.497770844000058, -7.069392793999953 ], [ 110.497609157999989, -7.069364167999936 ], [ 110.497467000000142, -7.069339000999832 ], [ 110.497232660000122, -7.069237191999946 ], [ 110.49722293800005, -7.06923295699994 ], [ 110.497040001000073, -7.069108 ], [ 110.49694099400017, -7.068970975999946 ], [ 110.496923435000042, -7.068909745999918 ], [ 110.496902466000165, -7.068834781999954 ], [ 110.496902466000165, -7.06870937399998 ], [ 110.496948243000134, -7.068572997999979 ], [ 110.497032166000054, -7.068493365999927 ], [ 110.497238159000119, -7.068334101999881 ], [ 110.497337341000161, -7.068220615999905 ], [ 110.497406006000062, -7.068107127999951 ], [ 110.497421265000185, -7.067981719999977 ], [ 110.497360229000094, -7.067867754999952 ], [ 110.497307676000105, -7.067835356999922 ], [ 110.497250667000117, -7.067800212999941 ], [ 110.497210214000063, -7.067775275999963 ], [ 110.497192382000151, -7.067764281999928 ], [ 110.497039795000035, -7.067708491999838 ], [ 110.496902466000165, -7.06770801499988 ], [ 110.496810914000037, -7.067719459999921 ], [ 110.496757497000146, -7.067772501999968 ], [ 110.49674222900012, -7.067787770999928 ], [ 110.4967193600001, -7.06793546699987 ], [ 110.496714968999981, -7.068027121999933 ], [ 110.496711731000119, -7.068094729999927 ], [ 110.496665934000134, -7.068231103999892 ], [ 110.496654361000139, -7.068249559999913 ], [ 110.496631660000105, -7.068285691999961 ], [ 110.496551514000089, -7.068413257999964 ], [ 110.496444747000055, -7.068561015999933 ], [ 110.496339807000027, -7.068567575999964 ], [ 110.496269096000162, -7.068571993999967 ], [ 110.495979310000166, -7.068458079999971 ], [ 110.495880127000021, -7.068380832999935 ], [ 110.495819092000033, -7.068332670999951 ], [ 110.495642241000041, -7.068252426999891 ], [ 110.495564354000123, -7.068247116999885 ], [ 110.495549620000133, -7.068246111999883 ], [ 110.495483399000079, -7.068241596999883 ], [ 110.495467761000043, -7.068257070999948 ], [ 110.495440259000077, -7.068284286999869 ], [ 110.495407343000181, -7.068316858999879 ], [ 110.495391975000132, -7.068332065999925 ], [ 110.495475769000166, -7.068462371999942 ], [ 110.495628437000164, -7.06856733199993 ], [ 110.495708720000152, -7.068622526999945 ], [ 110.495749989000103, -7.068650990999913 ], [ 110.495836541000131, -7.068713371999934 ], [ 110.495971679000149, -7.068810938999945 ], [ 110.496070862000067, -7.068924903999914 ], [ 110.496085698000059, -7.068959903999882 ], [ 110.496155768, -7.069126206999897 ], [ 110.496161999000094, -7.069141 ], [ 110.496198716000038, -7.069244232999893 ], [ 110.496230969000123, -7.069334911999931 ], [ 110.496232144000089, -7.069364163999978 ], [ 110.496232994000195, -7.06938586799987 ], [ 110.496238709000011, -7.069539069999962 ], [ 110.496233834000066, -7.069569995999927 ], [ 110.496227402999978, -7.069610792999924 ], [ 110.496218245000136, -7.069668884999942 ], [ 110.496208, -7.069733000999918 ], [ 110.496175436000044, -7.069807816999969 ], [ 110.4961235990001, -7.069926597999938 ], [ 110.496071050000126, -7.070005218999881 ], [ 110.496031033000065, -7.07006494999996 ], [ 110.495994568000185, -7.070119379999937 ], [ 110.495843762000106, -7.070300637999878 ], [ 110.495817169000134, -7.070332600999961 ], [ 110.495796204000101, -7.070357798999908 ], [ 110.495755963000079, -7.070409297999902 ], [ 110.495714055000121, -7.070462929999906 ], [ 110.495686012000021, -7.070498816999873 ], [ 110.495635986000195, -7.070562838999933 ], [ 110.495498657000098, -7.070733070999893 ], [ 110.495468728, -7.07081246499996 ], [ 110.495462117000102, -7.070830002999912 ], [ 110.495443327000146, -7.070879844999979 ], [ 110.495430008000199, -7.070914978999951 ], [ 110.495385480000039, -7.071054363999906 ], [ 110.495365478000167, -7.071116634999896 ], [ 110.495359728000039, -7.07113292799994 ], [ 110.495327772000053, -7.071181330999934 ], [ 110.4952926630001, -7.071233749999919 ], [ 110.495270014000084, -7.071243106999816 ], [ 110.495240315000046, -7.071255378999922 ], [ 110.495147963000193, -7.071290319999889 ], [ 110.495045135000055, -7.07129527799998 ], [ 110.494924288000107, -7.071300309999913 ], [ 110.494740379000064, -7.071226001999889 ], [ 110.494727977000082, -7.071220971999935 ], [ 110.494704267000088, -7.071196040999894 ], [ 110.494667053, -7.071156500999905 ], [ 110.49459076, -7.0710735319999 ], [ 110.494476126000109, -7.070925163999959 ], [ 110.49438476500012, -7.07089138099991 ], [ 110.494360633000099, -7.070897287999969 ], [ 110.49435021, -7.070899838999935 ], [ 110.49432285000006, -7.070906536999928 ], [ 110.494293213, -7.070913791999942 ], [ 110.494155884000122, -7.071004866999886 ], [ 110.49409051900011, -7.071088275999955 ], [ 110.494064032000153, -7.071121958999981 ], [ 110.493942842000081, -7.071274204999895 ], [ 110.493904001000146, -7.07132299899996 ], [ 110.493721001000097, -7.071595998999953 ], [ 110.493668863000039, -7.071694479999962 ], [ 110.493567999000049, -7.071884999999895 ], [ 110.493358702000023, -7.072276129999921 ], [ 110.493346903000031, -7.072298086999979 ], [ 110.493223043000114, -7.072410747999868 ], [ 110.492782593000072, -7.072810648999905 ], [ 110.492364979000172, -7.07313994399982 ], [ 110.492326995000042, -7.073169894999978 ], [ 110.492282567000075, -7.073204927999939 ], [ 110.492126464000023, -7.073328017999927 ], [ 110.491832128000055, -7.073659398999894 ], [ 110.491693290000114, -7.073815710999952 ], [ 110.491684133000149, -7.073826019999899 ], [ 110.491569518000176, -7.073955059999946 ], [ 110.491536905000203, -7.073966846999951 ], [ 110.49149761100017, -7.073981047999951 ], [ 110.491481572000168, -7.073986844999979 ], [ 110.491394043000128, -7.074018477999857 ], [ 110.491314349999982, -7.074089156999946 ], [ 110.49127830700013, -7.07412112399993 ], [ 110.491233825000165, -7.074160574999951 ], [ 110.491202559999977, -7.074353060999897 ], [ 110.491188011000133, -7.074441934999811 ], [ 110.49111592200012, -7.074773372999971 ], [ 110.491111, -7.074796000999982 ], [ 110.491069176000167, -7.074988995999945 ], [ 110.491046588000074, -7.075092858999938 ], [ 110.491027833000203, -7.075179099999957 ], [ 110.490898132000041, -7.075382708999939 ], [ 110.490876892000017, -7.075410072999887 ], [ 110.490869096000097, -7.075420116999908 ], [ 110.490852000000132, -7.075442 ], [ 110.490562102000126, -7.075814867999895 ], [ 110.490539655000134, -7.075825278999957 ], [ 110.490512076000073, -7.075838068999929 ], [ 110.490417, -7.075882000999968 ], [ 110.49024292900009, -7.075913293999974 ], [ 110.490223890000038, -7.075916658999972 ], [ 110.490196256000047, -7.075921543999925 ], [ 110.490150452000137, -7.075929641999892 ], [ 110.490080705000139, -7.075956985999937 ], [ 110.4900616070002, -7.075964472999942 ], [ 110.489982604000147, -7.075995444999933 ], [ 110.489955125000051, -7.07602049999997 ], [ 110.489946522000139, -7.076028342999962 ], [ 110.489852905000134, -7.07611370099994 ], [ 110.489669799000069, -7.076423167999963 ], [ 110.48965352100015, -7.076459347999844 ], [ 110.489624939000123, -7.076522870999952 ], [ 110.489563464000071, -7.076659495999877 ], [ 110.489479000000188, -7.076847000999919 ], [ 110.48939549500011, -7.077007850999905 ], [ 110.48932437000019, -7.077144682999972 ], [ 110.489286987000014, -7.077216599999872 ], [ 110.489234924000073, -7.077316759999974 ], [ 110.489214599000093, -7.077322649999928 ], [ 110.489194821000069, -7.077328380999973 ], [ 110.489170457000171, -7.077335440999946 ], [ 110.489151, -7.077341 ], [ 110.489002259000074, -7.077346225999861 ], [ 110.488893741000197, -7.077349979999894 ], [ 110.488730365000151, -7.077355631999922 ], [ 110.488296510000055, -7.077370642999938 ], [ 110.487949717000049, -7.077407739999956 ], [ 110.487925326000095, -7.077410349999923 ], [ 110.487899852999988, -7.077413074999981 ], [ 110.487886919000175, -7.07741975499988 ], [ 110.487822686000129, -7.07745307499988 ], [ 110.487807301000146, -7.077461055999947 ], [ 110.487747192000086, -7.077492237999934 ], [ 110.487701417000096, -7.077587126999958 ], [ 110.487503052000136, -7.078163146999941 ], [ 110.487411498000199, -7.078415393999933 ], [ 110.487373352000077, -7.078713417999893 ], [ 110.48682033700004, -7.079254216999971 ], [ 110.486655256000176, -7.07941564999993 ], [ 110.486606959000142, -7.079462879999937 ], [ 110.486358642000141, -7.079705713999942 ], [ 110.486022948000084, -7.080018996999911 ], [ 110.486003682000046, -7.08003617199995 ], [ 110.485995730000127, -7.080043259999968 ], [ 110.485877991000052, -7.080148219999955 ], [ 110.485432555000159, -7.080564239999944 ], [ 110.485410694000052, -7.080583666999928 ], [ 110.485260010000161, -7.08071756399994 ], [ 110.485137939000083, -7.080821990999937 ], [ 110.484680175000051, -7.081281660999935 ], [ 110.484584770000083, -7.081344141999978 ], [ 110.48444396900004, -7.081436351999969 ], [ 110.484287411000082, -7.081538879999925 ], [ 110.483627, -7.081970998999964 ], [ 110.483089149000079, -7.082254783999929 ], [ 110.482703032000188, -7.082458600999928 ], [ 110.482002, -7.082893 ], [ 110.481141219000165, -7.083389570999941 ], [ 110.481033325000112, -7.083451746999913 ], [ 110.479965209000056, -7.083981513999959 ], [ 110.479695333000109, -7.084131569999954 ], [ 110.479632564000156, -7.0841664699999 ], [ 110.479598654000199, -7.084185323999975 ], [ 110.479156494, -7.084431170999949 ], [ 110.47907946100014, -7.08447965299996 ], [ 110.479026758000089, -7.084512821999965 ], [ 110.478877656, -7.084606661999828 ], [ 110.478828431000125, -7.084637642999894 ], [ 110.477584964000187, -7.085433879999869 ], [ 110.477607727000191, -7.084692000999951 ], [ 110.4775466910001, -7.084491728999978 ], [ 110.47752400000013, -7.084448 ], [ 110.477501000000188, -7.084404 ], [ 110.477356, -7.084289999999896 ], [ 110.477264000000105, -7.084187 ], [ 110.477226000000144, -7.084103 ], [ 110.477062000000103, -7.083936 ], [ 110.476913000000195, -7.08378400099997 ], [ 110.476620879000109, -7.08358009899996 ], [ 110.476562500000114, -7.083539485999893 ], [ 110.476542442000095, -7.083528382999873 ], [ 110.476492000000178, -7.083500999999899 ], [ 110.476295078000021, -7.083392042999947 ], [ 110.476175, -7.083356 ], [ 110.476128, -7.083342 ], [ 110.475716, -7.083306 ], [ 110.475728, -7.083227 ], [ 110.47573100000011, -7.083210000999884 ], [ 110.475673658000119, -7.083179917999928 ], [ 110.475609000000134, -7.083146 ], [ 110.475537000000202, -7.083072 ], [ 110.475517030000162, -7.083051031999901 ], [ 110.475357056000064, -7.082932472999971 ], [ 110.475203838000141, -7.082840894999833 ], [ 110.475125, -7.082794 ], [ 110.475023000000135, -7.082733 ], [ 110.47478281900004, -7.082589618999975 ], [ 110.474693000000173, -7.082535999999891 ], [ 110.474215, -7.08232 ], [ 110.474068027000044, -7.082253011999967 ], [ 110.473917281000013, -7.082203164999896 ], [ 110.473572000000161, -7.082088999999883 ], [ 110.47300513700003, -7.081800940999926 ], [ 110.472955766000155, -7.081772881999939 ], [ 110.472457999000085, -7.081490000999963 ], [ 110.472346120000168, -7.081423307999955 ], [ 110.472255353000037, -7.081369201999905 ], [ 110.472099000000128, -7.081276 ], [ 110.471891000000142, -7.081177 ], [ 110.471748963000039, -7.081109024999876 ], [ 110.471633911000083, -7.081054209999877 ], [ 110.471494166000184, -7.080998232999946 ], [ 110.471130518000109, -7.080853204999926 ], [ 110.470245, -7.080511 ], [ 110.469162000000154, -7.08009 ], [ 110.468846, -7.08001 ], [ 110.468760985000074, -7.079987952999943 ], [ 110.468742371000133, -7.079983234999929 ], [ 110.468722863000096, -7.07998026599995 ], [ 110.468693, -7.079976 ], [ 110.468560660000094, -7.079953195999906 ], [ 110.468516904000069, -7.079927434999888 ], [ 110.468445000000145, -7.079885 ], [ 110.468389666000178, -7.079765261999967 ], [ 110.468383999000139, -7.079752999999869 ], [ 110.468350231000045, -7.079699496999979 ], [ 110.46830704000007, -7.07963106699998 ], [ 110.468164796000053, -7.079529275999903 ], [ 110.468032838000113, -7.079435348999937 ], [ 110.467952000000196, -7.079403 ], [ 110.467861000000141, -7.079366999999877 ], [ 110.467826688000116, -7.079352966999977 ], [ 110.467547001000185, -7.079320000999928 ], [ 110.467432016000146, -7.07930627099995 ], [ 110.467346212000166, -7.079296024999962 ], [ 110.467229730000099, -7.079284861999952 ], [ 110.466751000000102, -7.079239 ], [ 110.466597, -7.079177999999899 ], [ 110.466384849000121, -7.079092940999942 ], [ 110.466252847000021, -7.079041061999931 ], [ 110.466156005000187, -7.079003333999935 ], [ 110.465904236000029, -7.079010486999891 ], [ 110.465735333, -7.07900038899993 ], [ 110.46555299900001, -7.078990000999966 ], [ 110.465378001000147, -7.078990000999966 ], [ 110.46533032200017, -7.079102212999942 ], [ 110.46527900000018, -7.079223 ], [ 110.465290498000059, -7.079533424999909 ], [ 110.465294000000199, -7.079628 ], [ 110.465278007, -7.079711442999894 ], [ 110.465271, -7.079747999999881 ], [ 110.465190000000121, -7.07987299999985 ], [ 110.465179929000101, -7.079880510999942 ], [ 110.464894209000079, -7.080020463999972 ], [ 110.464122000000202, -7.079872 ], [ 110.463982000000158, -7.079845 ], [ 110.463341, -7.079721 ], [ 110.463249, -7.079664 ], [ 110.462563, -7.079366999999877 ], [ 110.462494000000163, -7.079335999999898 ], [ 110.46242500000011, -7.079304 ], [ 110.462375491000046, -7.079290496999874 ], [ 110.462326000000132, -7.079277 ], [ 110.462297094, -7.079268981999974 ], [ 110.46218590400008, -7.079239216999895 ], [ 110.462132, -7.079243 ], [ 110.462067000000161, -7.079246999999896 ], [ 110.461876000000188, -7.079186 ], [ 110.461767913000017, -7.079208911999956 ], [ 110.461258, -7.079317 ], [ 110.460990116000062, -7.079332144999967 ], [ 110.460974948000057, -7.079333002999931 ], [ 110.460655009000163, -7.079351 ], [ 110.460418418000188, -7.079359151999938 ], [ 110.460354, -7.079376 ], [ 110.460230818000127, -7.079408173999923 ], [ 110.460220001000039, -7.079411000999926 ], [ 110.459892000000139, -7.079475000999935 ], [ 110.459621446000142, -7.079469401999916 ], [ 110.459167, -7.07945999999987 ], [ 110.459115000000168, -7.079452999999887 ], [ 110.458931, -7.079428 ], [ 110.458686979, -7.079392967999922 ], [ 110.458648681000057, -7.079297064999878 ], [ 110.458572387000117, -7.079265593999935 ], [ 110.458465577000197, -7.079223155999898 ], [ 110.458114623000085, -7.079180716999929 ], [ 110.457763672000112, -7.07908630299994 ], [ 110.457427978000055, -7.078938960999949 ], [ 110.457176209000068, -7.078854559999968 ], [ 110.456893921000187, -7.07884359399992 ], [ 110.456687926000086, -7.078879832999917 ], [ 110.456535339000141, -7.078983305999941 ], [ 110.456352233000132, -7.079133032999891 ], [ 110.456298828000058, -7.079188346999956 ], [ 110.456130982, -7.079021453999928 ], [ 110.455871583000146, -7.078819751999902 ], [ 110.455329895000091, -7.078637598999933 ], [ 110.454902650000179, -7.078657626999927 ], [ 110.454330443000174, -7.078808784999978 ], [ 110.454093932000035, -7.078931807999936 ], [ 110.453895568000121, -7.079046725999945 ], [ 110.45372772200011, -7.079258440999979 ], [ 110.453552247000061, -7.079421042999911 ], [ 110.453308105000133, -7.079311370999903 ], [ 110.452941895000038, -7.079195975999937 ], [ 110.452400208000029, -7.079115390999959 ], [ 110.452178955000136, -7.079053400999953 ], [ 110.451812745000041, -7.07873439899987 ], [ 110.451438903, -7.078353405999962 ], [ 110.450958252000135, -7.078105448999963 ], [ 110.4505386350001, -7.077936648999923 ], [ 110.450271606000172, -7.07788705899992 ], [ 110.44800567700014, -7.076994419999949 ], [ 110.447898864000138, -7.077072142999896 ], [ 110.447830201000045, -7.077095984999914 ], [ 110.447410584000011, -7.077313899999922 ], [ 110.446952819999979, -7.077397345999827 ], [ 110.446411132000094, -7.0773630139999 ], [ 110.446174621000182, -7.077324389999831 ], [ 110.44571685700015, -7.077099799999871 ], [ 110.445617675000108, -7.077119827999979 ], [ 110.445411683000088, -7.077191351999943 ], [ 110.445152283000141, -7.077149866999946 ], [ 110.445060729000033, -7.077030180999884 ], [ 110.444847106000054, -7.076779841999894 ], [ 110.444770813000048, -7.076769828999943 ], [ 110.444694519000109, -7.076744555999881 ], [ 110.444641114000035, -7.076646803999893 ], [ 110.444671631000176, -7.076558588999944 ], [ 110.444717408000145, -7.076434610999911 ], [ 110.444763185000113, -7.076304434999884 ], [ 110.444519043000128, -7.07631063499997 ], [ 110.444252014000199, -7.076248644999907 ], [ 110.444053649000182, -7.076186178999876 ], [ 110.443809510000165, -7.076079844999981 ], [ 110.443664551000154, -7.076044082999942 ], [ 110.443519592000143, -7.07597017199987 ], [ 110.442863464000027, -7.075740813999971 ], [ 110.442626952000182, -7.075722217999953 ], [ 110.442375183000024, -7.075646398999879 ], [ 110.442047119999984, -7.075562 ], [ 110.442070006000108, -7.07542800899995 ], [ 110.442214965000119, -7.075067041999944 ], [ 110.442260742000087, -7.074807166999904 ], [ 110.442367553000111, -7.074538706999931 ], [ 110.442497254000102, -7.074157236999952 ], [ 110.442741395000155, -7.073804854999935 ], [ 110.442855835000046, -7.073620318999929 ], [ 110.442832947000113, -7.073477744999877 ], [ 110.442733765000071, -7.073301313999934 ], [ 110.442520142000035, -7.073091506999958 ], [ 110.442070006000108, -7.072566509999888 ], [ 110.44165039100011, -7.072137831999953 ], [ 110.441390992000038, -7.071860788999913 ], [ 110.440994263, -7.071591853999962 ], [ 110.440689086000077, -7.071423530999823 ], [ 110.440361023000037, -7.07122182899991 ], [ 110.43991851800007, -7.070927619999907 ], [ 110.439682007000158, -7.070767879999948 ], [ 110.439422606999983, -7.070624828999883 ], [ 110.439155579000101, -7.07045698099995 ], [ 110.438896180000029, -7.070364473999859 ], [ 110.438400269000169, -7.070111751999889 ], [ 110.438003540000068, -7.069977282999957 ], [ 110.437705994000169, -7.069783686999926 ], [ 110.437477111000135, -7.069573878999904 ], [ 110.437355042000092, -7.069432734999964 ], [ 110.437271119000172, -7.069330215999969 ], [ 110.437133790000075, -7.069011210999975 ], [ 110.437004089000084, -7.068809508999891 ], [ 110.436851502000138, -7.068728922999981 ], [ 110.436653137000178, -7.068719863999945 ], [ 110.43640136800002, -7.068669794999948 ], [ 110.435913085000038, -7.068580149999946 ], [ 110.435340881000116, -7.068500518999883 ], [ 110.434936524000193, -7.068449973999975 ], [ 110.434806823000201, -7.06844568199989 ], [ 110.434700013000054, -7.068397521999827 ], [ 110.434761048000041, -7.068227768999975 ], [ 110.435043334000113, -7.067741393999881 ], [ 110.435417175000055, -7.067238807999956 ], [ 110.435668946000192, -7.066987037999979 ], [ 110.435920715000179, -7.066765307999958 ], [ 110.43725586000005, -7.066967009999928 ], [ 110.437294007000105, -7.066804409999975 ], [ 110.437393189000147, -7.066495417999931 ], [ 110.437492371000189, -7.066303728999969 ], [ 110.437599182000042, -7.066123962999939 ], [ 110.437774658000137, -7.065943716999925 ], [ 110.437950133000015, -7.065818308999951 ], [ 110.438041687000123, -7.065746784999874 ], [ 110.438102723000043, -7.065631389999908 ], [ 110.438125611000146, -7.065383910999969 ], [ 110.438140869000165, -7.065120220999972 ], [ 110.438133239000081, -7.064729212999964 ], [ 110.438110351000148, -7.064483165999945 ], [ 110.438110351000148, -7.064218997999944 ], [ 110.438087464000091, -7.064021586999957 ], [ 110.438026429000104, -7.063739775999977 ], [ 110.437751771000137, -7.06364011699992 ], [ 110.43730163500004, -7.063509939999904 ], [ 110.436653137000178, -7.063320158999943 ], [ 110.436340332000157, -7.063220023999975 ], [ 110.436172485000043, -7.063109873999906 ], [ 110.43611908000014, -7.063049793999937 ], [ 110.435981751000043, -7.062910079999938 ], [ 110.435867310000106, -7.062709807999966 ], [ 110.435783386000082, -7.062429904999874 ], [ 110.43576049800015, -7.06202983799983 ], [ 110.435737609000114, -7.061759947999974 ], [ 110.435630799000137, -7.060810088999972 ], [ 110.435531617000095, -7.0603199009999 ], [ 110.43549347000004, -7.060019968999882 ], [ 110.435470582000107, -7.059790133999968 ], [ 110.435417175000055, -7.059599876999926 ], [ 110.435379028, -7.059100150999882 ], [ 110.435348511000086, -7.059020041999929 ], [ 110.435302734000118, -7.058953283999926 ], [ 110.43518066300004, -7.05855989399987 ], [ 110.435096742000098, -7.058480739999879 ], [ 110.434822082000096, -7.058301925999956 ], [ 110.434547424000129, -7.058092116999887 ], [ 110.434226989000194, -7.057801245999883 ], [ 110.434043885000108, -7.057591437999918 ], [ 110.433837890000063, -7.057285785999966 ], [ 110.43356323200004, -7.056860923999977 ], [ 110.433387757, -7.056561946999921 ], [ 110.433158874000185, -7.055996895999897 ], [ 110.432991028000117, -7.055742263999889 ], [ 110.432838441000058, -7.055494784999951 ], [ 110.432617188000108, -7.055156230999955 ], [ 110.432456971000079, -7.05486106799998 ], [ 110.432304383000087, -7.054486274999874 ], [ 110.432220459000064, -7.054183960999978 ], [ 110.432189941000047, -7.054012297999918 ], [ 110.432014465000066, -7.054005144999962 ], [ 110.431007385000044, -7.054009914999881 ], [ 110.430809021000186, -7.054009914999881 ], [ 110.430679322000174, -7.053959845999941 ], [ 110.430572510000047, -7.053870200999881 ], [ 110.430320740000184, -7.053669928999909 ], [ 110.430183411000087, -7.053549765999946 ], [ 110.430023194000057, -7.053410051999833 ], [ 110.429939270000034, -7.053329943999927 ], [ 110.43015289300007, -7.053229808999902 ], [ 110.43029022200011, -7.053150176999907 ], [ 110.431007385000044, -7.052810191999924 ], [ 110.43122100800008, -7.052710056999899 ], [ 110.431617736000192, -7.052490233999947 ], [ 110.431823731000122, -7.052350044999969 ], [ 110.431999207000047, -7.052219866999963 ], [ 110.432327270000087, -7.05191993699998 ], [ 110.432586669000159, -7.051680087999955 ], [ 110.433059692000143, -7.051050185999884 ], [ 110.433143615000063, -7.050879955999903 ], [ 110.433448791999979, -7.05020999899989 ], [ 110.433593749000181, -7.049880026999972 ], [ 110.433692931000053, -7.049620151999932 ], [ 110.433746338000105, -7.049459933999913 ], [ 110.434349059000169, -7.047949790999951 ], [ 110.434600831000182, -7.047309875999929 ], [ 110.434646606000172, -7.047200202999932 ], [ 110.434669494000104, -7.047130107999976 ], [ 110.434715271000073, -7.04696273799982 ], [ 110.434791565000182, -7.046720027999982 ], [ 110.434890747, -7.046259879999923 ], [ 110.434913636000033, -7.046140193999975 ], [ 110.434898377000138, -7.045370102999925 ], [ 110.43482971200001, -7.044859885999927 ], [ 110.434730530000195, -7.04437017399988 ], [ 110.434417725000117, -7.043099878999953 ], [ 110.434341431000064, -7.042829990999905 ], [ 110.434310913, -7.042719840999951 ], [ 110.434242249000192, -7.042449950999981 ], [ 110.434097290000182, -7.041900157999976 ], [ 110.434013366000158, -7.041450023999971 ], [ 110.43392181400003, -7.041090011999927 ], [ 110.433761597000057, -7.040420055999903 ], [ 110.433692931000053, -7.040040015999978 ], [ 110.433670045000099, -7.039969919999976 ], [ 110.433547974000021, -7.039319991999946 ], [ 110.43340301500001, -7.038650034999932 ], [ 110.433357238000042, -7.038479804999952 ], [ 110.433326721000128, -7.03836011899989 ], [ 110.433273316000054, -7.03805017499991 ], [ 110.43312072700013, -7.037330150999935 ], [ 110.432960509, -7.03660011199986 ], [ 110.43292999300013, -7.036469935999946 ], [ 110.432838441000058, -7.036170005999963 ], [ 110.432800292000138, -7.035950183999887 ], [ 110.432716370000151, -7.035729885999956 ], [ 110.432586669000159, -7.035319804999972 ], [ 110.432327270000087, -7.03467988899996 ], [ 110.432289123000032, -7.034599780999883 ], [ 110.432258606000119, -7.034530161999896 ], [ 110.432098389000089, -7.034190176999857 ], [ 110.431907655000089, -7.03379010999987 ], [ 110.431846619000055, -7.033649920999892 ], [ 110.431610108000086, -7.033180236999954 ], [ 110.431556701000034, -7.033110140999952 ], [ 110.43135833700012, -7.032839774999957 ], [ 110.430618287000186, -7.032090187999927 ], [ 110.429916382000101, -7.031509875999973 ], [ 110.42976379400011, -7.03142023099997 ], [ 110.429580688000044, -7.031350135999958 ], [ 110.429450990000134, -7.031300067999894 ], [ 110.429092408000145, -7.031132697999908 ], [ 110.429428101000099, -7.031089782999913 ], [ 110.429817199000183, -7.030982493999943 ], [ 110.430252075000112, -7.030875205999905 ], [ 110.430618287000186, -7.030660150999893 ], [ 110.430976869, -7.030383109999889 ], [ 110.431312562000187, -7.029998301999854 ], [ 110.431640625000057, -7.029428957999926 ], [ 110.431869506000055, -7.028812884999979 ], [ 110.432388305000075, -7.02715778399994 ], [ 110.43273162800017, -7.026094911999905 ], [ 110.432945250999978, -7.025371074999953 ], [ 110.433189392000202, -7.024909495999964 ], [ 110.434036255000194, -7.023947715999952 ], [ 110.435699463000162, -7.022100924999961 ], [ 110.436363221000192, -7.021501063999949 ], [ 110.436904907000041, -7.021178243999884 ], [ 110.437561035000158, -7.020977974999937 ], [ 110.437835693000125, -7.020894050999914 ], [ 110.438362122000115, -7.020787237999969 ], [ 110.438827514000081, -7.020695208999882 ], [ 110.438919068000189, -7.020669937999912 ], [ 110.4390869140002, -7.020613192999861 ], [ 110.439414979000105, -7.020459650999953 ], [ 110.439788819000114, -7.020233154999858 ], [ 110.440063477000081, -7.020013809999909 ], [ 110.44042205900007, -7.019706249999956 ], [ 110.440689086000077, -7.019479751999938 ], [ 110.441032410000048, -7.019179342999962 ], [ 110.441093445000035, -7.019106386999965 ], [ 110.441642761000196, -7.018645285999924 ], [ 110.442024231000119, -7.018249988999969 ], [ 110.442314148000037, -7.017891407999969 ], [ 110.442604066000058, -7.017437458999893 ], [ 110.442764281000109, -7.017071246999876 ], [ 110.442863464000027, -7.01674890399994 ], [ 110.443214417000036, -7.015690801999881 ], [ 110.443344116, -7.015258788999859 ], [ 110.44341278100012, -7.015027522999901 ], [ 110.443786621000129, -7.013959883999917 ], [ 110.443862915000068, -7.013797282999974 ], [ 110.444007874000022, -7.013409137999929 ], [ 110.444190978000108, -7.01288175499991 ], [ 110.444381714000087, -7.012325286999953 ], [ 110.444610595000086, -7.011702537999952 ], [ 110.444740296000077, -7.011363981999921 ], [ 110.444847106000054, -7.011194228999898 ], [ 110.444976806999989, -7.010921477999887 ], [ 110.445152283000141, -7.010702132999938 ], [ 110.446678162000183, -7.008924484999966 ], [ 110.448242188000108, -7.007391452999968 ], [ 110.448577881000062, -7.007094858999892 ], [ 110.44869995200014, -7.006964682999978 ], [ 110.449447631999988, -7.006240843999933 ], [ 110.449539184000116, -7.006129263999981 ], [ 110.449577331000171, -7.006205081999951 ], [ 110.449707031000059, -7.006460189999871 ], [ 110.449783325000169, -7.006599902999824 ], [ 110.450042725000117, -7.006840229999966 ], [ 110.450279236000085, -7.006999969999981 ], [ 110.451438903, -7.0076799389999 ], [ 110.451652527000078, -7.007800101999919 ], [ 110.451873780000199, -7.007849216999887 ], [ 110.452217102000191, -7.007805347999977 ], [ 110.452507019999985, -7.007811545999971 ], [ 110.452705384000069, -7.007839201999957 ], [ 110.452857972000118, -7.007884025999942 ], [ 110.453010559, -7.007909774999916 ], [ 110.45317840600012, -7.007979870999975 ], [ 110.453369141, -7.008110046999889 ], [ 110.453498839000076, -7.00825643599984 ], [ 110.453582763000099, -7.00847244199997 ], [ 110.453697204000093, -7.008644579999952 ], [ 110.453880310000102, -7.008750438999925 ], [ 110.454101562000119, -7.008811473999913 ], [ 110.454315185000155, -7.008828639999933 ], [ 110.454475402000185, -7.008867739999971 ], [ 110.454689025000164, -7.008885382999892 ], [ 110.455055237000067, -7.008930204999899 ], [ 110.455352783000194, -7.00901937499998 ], [ 110.455474854000101, -7.009088992999978 ], [ 110.455673218000129, -7.009170053999924 ], [ 110.455940246000011, -7.009300231999873 ], [ 110.4562072760001, -7.009379863999868 ], [ 110.45639038000013, -7.009482383999909 ], [ 110.456619263000164, -7.009671209999908 ], [ 110.456832885000097, -7.009892462999915 ], [ 110.457000733000143, -7.010001182999872 ], [ 110.457153320000032, -7.010076521999963 ], [ 110.457298279000042, -7.010128498999904 ], [ 110.457786560000045, -7.010284423999963 ], [ 110.458084106000115, -7.010407446999977 ], [ 110.458396911000193, -7.010426520999886 ], [ 110.458641053000122, -7.010464191999972 ], [ 110.45881652800017, -7.010540007999964 ], [ 110.458915710000042, -7.01058721499993 ], [ 110.459152222000057, -7.010681629999965 ], [ 110.459388733000196, -7.010738372999924 ], [ 110.459526062000066, -7.010797022999895 ], [ 110.459648132000041, -7.010832786999913 ], [ 110.459854127000142, -7.010927198999923 ], [ 110.460113525999986, -7.011092185999814 ], [ 110.460166932000163, -7.011145591999878 ], [ 110.460395812000115, -7.011233805999893 ], [ 110.460517883000136, -7.011252878999869 ], [ 110.460807799000179, -7.011342525999908 ], [ 110.461135864000028, -7.01144170799995 ], [ 110.461303710000095, -7.01151704699987 ], [ 110.461441039000135, -7.011663435999935 ], [ 110.461494446000074, -7.011761187999923 ], [ 110.461547851000091, -7.011819837999951 ], [ 110.461715699000138, -7.012044905999971 ], [ 110.461853028000064, -7.012294767999947 ], [ 110.461875916000167, -7.01253938699989 ], [ 110.461860656000169, -7.012826442999938 ], [ 110.461875916000167, -7.013090132999935 ], [ 110.461990357000161, -7.013396261999958 ], [ 110.462120056000117, -7.01356601699996 ], [ 110.462272645000041, -7.013860225999963 ], [ 110.462303162000183, -7.013964175999945 ], [ 110.462562561000027, -7.014068125999927 ], [ 110.462974548000147, -7.014153002999933 ], [ 110.463226318000181, -7.014224052999964 ], [ 110.463371277000192, -7.014249801999938 ], [ 110.46360015800019, -7.014319895999961 ], [ 110.463813782000102, -7.014319895999961 ], [ 110.463989258000083, -7.014408586999934 ], [ 110.46426391600005, -7.014639377999856 ], [ 110.464546204000158, -7.014818668999965 ], [ 110.46484375100016, -7.014941691999979 ], [ 110.46498108000003, -7.014964580999958 ], [ 110.465209961000085, -7.015049933999876 ], [ 110.465431213000102, -7.015120029999935 ], [ 110.465553284000123, -7.015170097999885 ], [ 110.465751648000037, -7.015190123999957 ], [ 110.466079711000077, -7.015319824999949 ], [ 110.466209412000069, -7.015369891999967 ], [ 110.466659546000187, -7.015570163999939 ], [ 110.466781616000162, -7.0156202309999 ], [ 110.466888427000015, -7.015659807999896 ], [ 110.467140197999981, -7.015729903999954 ], [ 110.467460633000144, -7.015830038999979 ], [ 110.467720031000113, -7.015920162999976 ], [ 110.469421388000114, -7.01654004999989 ], [ 110.470031739000035, -7.016689776999954 ], [ 110.47015380900001, -7.016819952999981 ], [ 110.470230103000119, -7.016980169999897 ], [ 110.470596313000044, -7.017439841999931 ], [ 110.470886231000065, -7.017749785999968 ], [ 110.471389770000087, -7.018123148999962 ], [ 110.471450805000075, -7.018169880999949 ], [ 110.472129822, -7.018640039999923 ], [ 110.472297668000067, -7.018710135999982 ], [ 110.472702026000093, -7.018879888999948 ], [ 110.472816467000087, -7.018929958999934 ], [ 110.473197937, -7.019149778999918 ], [ 110.473258972, -7.019199848999961 ], [ 110.473320008000087, -7.019289492999917 ], [ 110.473396301000093, -7.019491194999944 ], [ 110.473503114000152, -7.019710062999934 ], [ 110.47367095900006, -7.019902228999911 ], [ 110.473800658000073, -7.020008563999909 ], [ 110.473953247000168, -7.020100115999924 ], [ 110.474136353000063, -7.02014017099998 ], [ 110.474227905000134, -7.020193099999915 ], [ 110.474372865000078, -7.020247935999919 ], [ 110.47457885700004, -7.02035379299997 ], [ 110.474792480000076, -7.020453452999959 ], [ 110.474868775000061, -7.020489691999956 ], [ 110.475013732000093, -7.020613669999875 ], [ 110.475120545000095, -7.020728110999926 ], [ 110.475204469000118, -7.020833492999941 ], [ 110.47524261500007, -7.020967006999911 ], [ 110.47524261500007, -7.021129131999828 ], [ 110.475212097000053, -7.02122449899997 ], [ 110.475135803000114, -7.021338938999975 ], [ 110.475135803000114, -7.021443843999918 ], [ 110.475128173000201, -7.021558284999969 ], [ 110.475265504000106, -7.021710871999971 ], [ 110.475402833000203, -7.021778106999875 ], [ 110.475494385000161, -7.021797180999954 ], [ 110.475555420000148, -7.021835326999906 ], [ 110.475631714000031, -7.021844862999956 ], [ 110.475822448000201, -7.021959780999964 ], [ 110.475997926000161, -7.022041319999971 ], [ 110.476089478000063, -7.022179603999973 ], [ 110.476257323000198, -7.02256250399995 ], [ 110.476478576000147, -7.023325919999934 ], [ 110.476638794000053, -7.023715495999966 ], [ 110.476799011000082, -7.024043560999928 ], [ 110.476943970000093, -7.024180411999964 ], [ 110.477104188, -7.024214743999948 ], [ 110.477272033000133, -7.024290084999961 ], [ 110.477394104000041, -7.024358747999884 ], [ 110.477447509000115, -7.024522780999973 ], [ 110.477706909000062, -7.025048732999949 ], [ 110.477874756000176, -7.02540063899994 ], [ 110.477905273000147, -7.025667189999979 ], [ 110.478050232000157, -7.025913238999976 ], [ 110.478202819000046, -7.02624130199996 ], [ 110.478385925000111, -7.026494025999966 ], [ 110.478668213, -7.026948928999957 ], [ 110.478683472000114, -7.02714681599997 ], [ 110.478775024000072, -7.028253555999981 ], [ 110.47875976500012, -7.028584955999975 ], [ 110.478744507000101, -7.028714656999966 ], [ 110.478828431000125, -7.028864859999942 ], [ 110.478904725000064, -7.029069900999957 ], [ 110.478919983000083, -7.029281615999878 ], [ 110.478996277000135, -7.029541490999975 ], [ 110.479141236000146, -7.029753207999931 ], [ 110.479270934000056, -7.029883384999948 ], [ 110.479347228000165, -7.03018045399989 ], [ 110.479347228000165, -7.03035783699994 ], [ 110.47933960000006, -7.030583381999918 ], [ 110.479476929000157, -7.030836103999889 ], [ 110.479515075999984, -7.031000136999978 ], [ 110.479568481000058, -7.031328199999905 ], [ 110.479599, -7.031471728999975 ], [ 110.479721069999982, -7.032137869999929 ], [ 110.479843139000081, -7.032472610999946 ], [ 110.479927063000105, -7.032834529999946 ], [ 110.480064392000145, -7.033258437999962 ], [ 110.48018646200012, -7.033705710999925 ], [ 110.480300903000114, -7.033856390999972 ], [ 110.480346680000082, -7.034088611999891 ], [ 110.480339050000168, -7.034443855999882 ], [ 110.48037719600012, -7.034710405999931 ], [ 110.480422973000088, -7.035130500999855 ], [ 110.480567932000099, -7.03543090699992 ], [ 110.480804444000114, -7.035704611999904 ], [ 110.480979919000163, -7.035936832999937 ], [ 110.481002808000198, -7.0361113539999 ], [ 110.480949403000125, -7.036274908999928 ], [ 110.480796813000097, -7.036589145999926 ], [ 110.480789185, -7.036759853999911 ], [ 110.480865479000101, -7.036978721999901 ], [ 110.480987550000179, -7.037101744999973 ], [ 110.481170654000039, -7.037207602999956 ], [ 110.481384278000121, -7.037351606999948 ], [ 110.481613159000119, -7.037528990999874 ], [ 110.481704711000077, -7.037747859999968 ], [ 110.48175811800013, -7.037884711999936 ], [ 110.481750488000046, -7.037970065999957 ], [ 110.481651306, -7.038202284999898 ], [ 110.481407165000178, -7.03864574499994 ], [ 110.481185914000037, -7.038959979999959 ], [ 110.481018066000047, -7.039475440999979 ], [ 110.480987550000179, -7.039680003999933 ], [ 110.481048585000167, -7.03983068399998 ], [ 110.481163025, -7.040015219999873 ], [ 110.481452942000146, -7.04020643299998 ], [ 110.482025146000012, -7.040449619999947 ], [ 110.482368469000107, -7.040573119999976 ], [ 110.482727051000097, -7.040648458999954 ], [ 110.482978821000188, -7.040630340999883 ], [ 110.483100891000163, -7.040639875999886 ], [ 110.483329772000161, -7.040609836999977 ], [ 110.483619690000182, -7.040630817999954 ], [ 110.483642579, -7.040847777999943 ], [ 110.483648014000039, -7.040899639999964 ], [ 110.483653, -7.040951 ], [ 110.483665000000201, -7.041065999999887 ], [ 110.483583000000124, -7.04128 ], [ 110.4835718610002, -7.041307779999897 ], [ 110.483564000000172, -7.041318 ], [ 110.483395455000164, -7.041540281999971 ], [ 110.483260202999986, -7.041714684999931 ], [ 110.48317, -7.041831 ], [ 110.483086, -7.042022 ], [ 110.483063000000129, -7.042227 ], [ 110.48307736300012, -7.042265615999952 ], [ 110.483124000000203, -7.042390999999895 ], [ 110.483135, -7.042399 ], [ 110.483274752000057, -7.04249910599998 ], [ 110.48340727599998, -7.042544472999907 ], [ 110.483520802000157, -7.042582931999959 ], [ 110.483696018999979, -7.042625202999943 ], [ 110.48380279600002, -7.042651175999936 ], [ 110.483898055, -7.042690437999909 ], [ 110.484084551000194, -7.042767812999898 ], [ 110.484283842000025, -7.042875648999939 ], [ 110.484375001000046, -7.042925000999958 ], [ 110.484558000000163, -7.043095999999878 ], [ 110.484592000000134, -7.043141999999875 ], [ 110.484679840000126, -7.043259492999937 ], [ 110.484748841000055, -7.043352125999945 ], [ 110.484817504000148, -7.043529986999943 ], [ 110.484832751000056, -7.043687231999968 ], [ 110.484810845000027, -7.043707643999937 ], [ 110.484653088000073, -7.043851574999962 ], [ 110.484623, -7.043855999999892 ], [ 110.484406771000181, -7.043891051999935 ], [ 110.483947754000155, -7.043854236999948 ], [ 110.483825683000077, -7.043826579999859 ], [ 110.483428954000033, -7.043787478999889 ], [ 110.483291625000106, -7.043774127999939 ], [ 110.482818603000055, -7.043726442999912 ], [ 110.482612611000036, -7.043693541999971 ], [ 110.482360213000163, -7.04367114299987 ], [ 110.481972, -7.043683999999871 ], [ 110.481894194000063, -7.043710500999907 ], [ 110.481742999000062, -7.043761998999912 ], [ 110.481658339000148, -7.043799055999955 ], [ 110.48143, -7.043898999999897 ], [ 110.481315597000048, -7.043991237999876 ], [ 110.481269926000095, -7.044028134999905 ], [ 110.481170999000142, -7.044206 ], [ 110.481170999000142, -7.044389998999918 ], [ 110.481269928000074, -7.044649807999917 ], [ 110.481551951000029, -7.044855444999882 ], [ 110.481598001000123, -7.044888999999898 ], [ 110.481964001000051, -7.045100999999875 ], [ 110.4820191660001, -7.045130842999924 ], [ 110.482269000000144, -7.045265998999923 ], [ 110.482521, -7.045354998999926 ], [ 110.48268899500016, -7.04535199399993 ], [ 110.482818603000055, -7.045368669999903 ], [ 110.482917785000097, -7.045394896999937 ], [ 110.483108521000077, -7.045418262999931 ], [ 110.483451843000068, -7.045407294999904 ], [ 110.483688354000151, -7.045391081999981 ], [ 110.483810425000058, -7.04543828899989 ], [ 110.483886718000065, -7.04555416099987 ], [ 110.483886718000065, -7.045738696999877 ], [ 110.483810425000058, -7.045841216999918 ], [ 110.483634949000077, -7.045949934999953 ], [ 110.483512878000056, -7.045990943999868 ], [ 110.483123780000142, -7.046004294999932 ], [ 110.482887269000059, -7.04602432299987 ], [ 110.482688904000042, -7.046078680999926 ], [ 110.482559203999983, -7.046228885999938 ], [ 110.482551575000173, -7.046379089999846 ], [ 110.482559203999983, -7.04652261699988 ], [ 110.482635497, -7.046604632999959 ], [ 110.482795715000123, -7.046632289999934 ], [ 110.483024598000156, -7.046602247999942 ], [ 110.483108521000077, -7.046677588999955 ], [ 110.483291625000106, -7.046677588999955 ], [ 110.483589172000109, -7.046700954999892 ], [ 110.483604432000163, -7.046817777999877 ], [ 110.483551025000054, -7.046967982999888 ], [ 110.483207704, -7.047466277999888 ], [ 110.483108521000077, -7.047698021999906 ], [ 110.48301696700014, -7.047923564999905 ], [ 110.482940674000133, -7.048169135999956 ], [ 110.482917785000097, -7.048319338999875 ], [ 110.482933044, -7.048415182999975 ], [ 110.483085633000144, -7.048524855999915 ], [ 110.483245850000117, -7.048559189999935 ], [ 110.483451843000068, -7.048606871999937 ], [ 110.483573913000043, -7.04870414699991 ], [ 110.4837188730001, -7.04872464999994 ], [ 110.483879000000115, -7.048752 ], [ 110.484085000000107, -7.04875 ], [ 110.484207, -7.048773 ], [ 110.484322000000191, -7.048865 ], [ 110.484505, -7.049013999999886 ], [ 110.484541, -7.04905 ], [ 110.484562538000034, -7.049071929999968 ], [ 110.484596252000131, -7.049105642999905 ], [ 110.484848023000097, -7.049254894999933 ], [ 110.484932186000037, -7.049309776999962 ], [ 110.485076580000111, -7.049403727999902 ], [ 110.485306, -7.049587 ], [ 110.485465616000113, -7.049794708999912 ], [ 110.485535000000198, -7.049884998999914 ], [ 110.485661000000107, -7.050043 ], [ 110.485671928000158, -7.050056907999931 ], [ 110.48577100000017, -7.050351 ], [ 110.485893000000146, -7.050948 ], [ 110.48595203800005, -7.051458793999927 ], [ 110.485961981000059, -7.051544839999963 ], [ 110.485984980000126, -7.051768307999964 ], [ 110.486008, -7.051992 ], [ 110.485961824000128, -7.052201305999915 ], [ 110.485892967000041, -7.052321448999976 ], [ 110.485817, -7.052454 ], [ 110.485634, -7.052767 ], [ 110.485625000000198, -7.052781 ], [ 110.485474000000124, -7.053005999999868 ], [ 110.485394241000165, -7.053160893999973 ], [ 110.485336, -7.053274 ], [ 110.485229000000118, -7.053393 ], [ 110.485126, -7.053417 ], [ 110.485100000000102, -7.053422999999839 ], [ 110.485055000000102, -7.053419 ], [ 110.484931922000044, -7.053407977999939 ], [ 110.484903442000132, -7.053400484999941 ], [ 110.484869906000029, -7.053391550999891 ], [ 110.48485600000015, -7.05338799999987 ], [ 110.484649659000013, -7.053333282999972 ], [ 110.484413148000101, -7.053138731999923 ], [ 110.484214783000084, -7.052899837999973 ], [ 110.484199523000086, -7.052751063999949 ], [ 110.484230042000036, -7.05258703099986 ], [ 110.48442840600012, -7.052392958999974 ], [ 110.484603882000044, -7.052258967999876 ], [ 110.48478698800011, -7.052139759999875 ], [ 110.48491668600019, -7.052020548999963 ], [ 110.484931945000142, -7.051916598999981 ], [ 110.48491668600019, -7.051737308999975 ], [ 110.484817504000148, -7.051573275999885 ], [ 110.484619140000063, -7.051424025999893 ], [ 110.484275819000175, -7.05124425799994 ], [ 110.484039308000092, -7.051169394999874 ], [ 110.48370370900011, -7.051109873999962 ], [ 110.48355194800007, -7.051109602999929 ], [ 110.483322144000056, -7.051109313999973 ], [ 110.483070373000089, -7.051183222999953 ], [ 110.482948304000047, -7.051258085999962 ], [ 110.482832920000078, -7.051426833999869 ], [ 110.482796, -7.051480998999978 ], [ 110.482697000000201, -7.051719998999886 ], [ 110.48266601600011, -7.051868918999958 ], [ 110.482680341000162, -7.051943819999906 ], [ 110.482688934000066, -7.051988649999885 ], [ 110.482728130000112, -7.052055713999948 ], [ 110.482811, -7.052197 ], [ 110.482903000000192, -7.052421000999971 ], [ 110.482903000000192, -7.052600000999973 ], [ 110.4828720000001, -7.052705 ], [ 110.482852729000058, -7.052723638999964 ], [ 110.482811, -7.052764 ], [ 110.482700972000202, -7.052791054999943 ], [ 110.482689001000153, -7.052794 ], [ 110.482553495000161, -7.05278467099987 ], [ 110.482383728000059, -7.052772998999956 ], [ 110.482269287000065, -7.052765368999871 ], [ 110.482169917000192, -7.052764933999924 ], [ 110.482124, -7.052765 ], [ 110.482035029000031, -7.052764101999855 ], [ 110.481925964000197, -7.052763461999973 ], [ 110.481738556000153, -7.052796470999965 ], [ 110.481668257000081, -7.05281038399994 ], [ 110.481515000000115, -7.052874 ], [ 110.481418, -7.052914 ], [ 110.481269990000101, -7.052975004999894 ], [ 110.48124, -7.052988 ], [ 110.481170938000048, -7.05301606799992 ], [ 110.481090000000108, -7.053105 ], [ 110.481049, -7.05315 ], [ 110.480958644000054, -7.053317651999976 ], [ 110.480923341999983, -7.05338265499995 ], [ 110.480895996000072, -7.053433417999884 ], [ 110.480812072000049, -7.053650855999933 ], [ 110.480799293000132, -7.053694306999887 ], [ 110.480736000000149, -7.05391 ], [ 110.48074703900005, -7.054020383999955 ], [ 110.480751038000108, -7.054059504999941 ], [ 110.480789183000184, -7.054298388999882 ], [ 110.480971792000105, -7.054686557999958 ], [ 110.480992179999987, -7.054731885999956 ], [ 110.48107845800007, -7.054923797999948 ], [ 110.481081, -7.054934999999887 ], [ 110.4811, -7.055034 ], [ 110.481148000000132, -7.055283 ], [ 110.481183000000158, -7.055588999999884 ], [ 110.481194000000187, -7.055686 ], [ 110.481184, -7.055737 ], [ 110.481148001, -7.055909998999823 ], [ 110.48110506800009, -7.055976348999877 ], [ 110.481071000000156, -7.056029 ], [ 110.480977000000166, -7.056148 ], [ 110.480842859000177, -7.056316253999967 ], [ 110.480741241000146, -7.056500496999831 ], [ 110.480735985000024, -7.056510076999928 ], [ 110.48072156600017, -7.056582133999939 ], [ 110.480710100000124, -7.056638611999972 ], [ 110.480682373000036, -7.056777 ], [ 110.480743408000023, -7.05713510399994 ], [ 110.480804444000114, -7.057360649999964 ], [ 110.48094177300004, -7.057432650999942 ], [ 110.480989506000128, -7.05738917799988 ], [ 110.481057775000011, -7.057326208999939 ], [ 110.481134885000188, -7.05725624899992 ], [ 110.481154981000088, -7.057238016999918 ], [ 110.481176720000178, -7.057055737999917 ], [ 110.481178000000114, -7.057045 ], [ 110.481189762000042, -7.056957555999873 ], [ 110.481201003000137, -7.056873989999929 ], [ 110.481261872000118, -7.056715330999907 ], [ 110.481397024000103, -7.056596634999948 ], [ 110.481416, -7.05658 ], [ 110.481453000000101, -7.056548 ], [ 110.481587507000143, -7.056482674999927 ], [ 110.481889433999982, -7.056336124999973 ], [ 110.481941000000177, -7.056311 ], [ 110.481995495000149, -7.056308237999929 ], [ 110.482236993000072, -7.056295633999923 ], [ 110.482306996000091, -7.056291999999871 ], [ 110.48252900000017, -7.056314 ], [ 110.482780000000162, -7.05643 ], [ 110.482836000000134, -7.056456 ], [ 110.482851727000138, -7.056463426999869 ], [ 110.482872008000129, -7.056472777999943 ], [ 110.483062744000108, -7.056558608999921 ], [ 110.483192443000064, -7.05659055599989 ], [ 110.483398438000165, -7.056557654999949 ], [ 110.48360679700005, -7.05643552499987 ], [ 110.483681000999979, -7.056391998999914 ], [ 110.483731525999985, -7.056358204999981 ], [ 110.483986, -7.056188 ], [ 110.484016000000111, -7.05617 ], [ 110.48415400000016, -7.056088999999872 ], [ 110.484200045000136, -7.056064271999958 ], [ 110.484352214000012, -7.055983838999964 ], [ 110.484471841000072, -7.05589391399991 ], [ 110.484496788000058, -7.05587516099996 ], [ 110.484600544000159, -7.055804840999826 ], [ 110.484711, -7.055729998999936 ], [ 110.484752846000106, -7.055692604999933 ], [ 110.484993, -7.055478 ], [ 110.48528355500008, -7.055287754999938 ], [ 110.485412591999989, -7.055203268999946 ], [ 110.485491885000101, -7.055133045999924 ], [ 110.485519000000124, -7.055109 ], [ 110.485601496000186, -7.054889008999965 ], [ 110.485624, -7.054828998999881 ], [ 110.4856629370002, -7.054725539999936 ], [ 110.485763551, -7.054456710999943 ], [ 110.485885619000157, -7.054138660999968 ], [ 110.486343525000052, -7.052850805999924 ], [ 110.486373994000132, -7.05276501599991 ], [ 110.486503000000141, -7.052296 ], [ 110.486556866000171, -7.052109959999882 ], [ 110.486609788000123, -7.05192673799985 ], [ 110.486609304000069, -7.051726856999892 ], [ 110.486423826000191, -7.051156017999915 ], [ 110.486403963000043, -7.051094898999963 ], [ 110.486393000000135, -7.051065 ], [ 110.486343, -7.050926999999888 ], [ 110.486366000000203, -7.05066 ], [ 110.486427003000188, -7.05039699699995 ], [ 110.486476830000129, -7.050343558999941 ], [ 110.486496000000102, -7.050323 ], [ 110.486511000000121, -7.050309 ], [ 110.486595000000136, -7.050231 ], [ 110.486679000000152, -7.050144 ], [ 110.486763, -7.050242998999977 ], [ 110.487025015000086, -7.050504514999943 ], [ 110.487287, -7.050765999999896 ], [ 110.487890000000164, -7.051367 ], [ 110.488124038000194, -7.051644139999894 ], [ 110.488678029000084, -7.052301031999889 ], [ 110.488713431000178, -7.052341594999973 ], [ 110.489219946000105, -7.05292193799994 ], [ 110.489525, -7.053313 ], [ 110.490128, -7.054098999999894 ], [ 110.490517936000174, -7.054617962999941 ], [ 110.490811000000122, -7.055007999999873 ], [ 110.490904005000061, -7.055132006999941 ], [ 110.490997, -7.055255999999872 ], [ 110.491003485000135, -7.055273428999897 ], [ 110.491172910000046, -7.05572873199992 ], [ 110.491432001000078, -7.056424998999887 ], [ 110.491484327000137, -7.056825033999928 ], [ 110.491507235000086, -7.05700023299994 ], [ 110.491296, -7.057473 ], [ 110.491173, -7.057742 ], [ 110.490967, -7.058398 ], [ 110.490954, -7.058821 ], [ 110.490946, -7.059077 ], [ 110.490943153000103, -7.059165823999933 ], [ 110.490936279000096, -7.059389114999931 ], [ 110.49144745000018, -7.060323715999971 ], [ 110.492134094000164, -7.060958862999939 ], [ 110.493309022, -7.061419962999878 ], [ 110.494117737000067, -7.061830518999955 ], [ 110.494287565000093, -7.061993070999961 ], [ 110.494299, -7.062003999999888 ], [ 110.494384537000087, -7.062085776999936 ], [ 110.494919, -7.062597 ], [ 110.495149000000197, -7.062878999999896 ], [ 110.495537000000127, -7.063355 ], [ 110.496192999000186, -7.063540998999883 ], [ 110.497123921000082, -7.063456006999957 ], [ 110.497925, -7.063171999999895 ], [ 110.498150058000192, -7.063158833999978 ], [ 110.498848001000113, -7.063117998999871 ], [ 110.499017962000039, -7.063177957999869 ], [ 110.499191285000109, -7.063238619999936 ], [ 110.499294102000135, -7.063274517999957 ], [ 110.499399795000102, -7.063310930999933 ], [ 110.499413, -7.063316 ], [ 110.499602, -7.063599999999894 ], [ 110.499732986000026, -7.063795978999963 ], [ 110.499724001000118, -7.063899 ], [ 110.499713290000045, -7.064014522999969 ], [ 110.499710082000092, -7.064050197999904 ], [ 110.499725301000012, -7.064270864999969 ], [ 110.499733, -7.064382 ], [ 110.499672000000146, -7.064648 ], [ 110.499672000000146, -7.064814001999878 ], [ 110.499710082000092, -7.065056799999979 ], [ 110.49978637800001, -7.065433024999948 ], [ 110.499845360000108, -7.065613657999961 ], [ 110.499855000000196, -7.065643 ], [ 110.499893188000158, -7.065875530999961 ], [ 110.499931313000047, -7.06596417399993 ], [ 110.499949322000191, -7.065974089999941 ], [ 110.499995442999989, -7.06599949799994 ], [ 110.500052999000161, -7.066048998999918 ], [ 110.500168329000076, -7.066152099999954 ], [ 110.500354406000156, -7.066209023999932 ], [ 110.500555200000065, -7.066270449999934 ], [ 110.500590150999983, -7.06628882699988 ], [ 110.500769449000074, -7.066384734999929 ], [ 110.500854, -7.06643 ], [ 110.500857000000167, -7.066441 ], [ 110.500899007000157, -7.066597305999892 ], [ 110.500912454000115, -7.066736910999907 ], [ 110.500922976000084, -7.066851751999934 ], [ 110.500922988000127, -7.067043047999846 ], [ 110.500917245000096, -7.067065826999965 ], [ 110.500892914000076, -7.067161976999898 ], [ 110.500839899000084, -7.067234773999871 ], [ 110.50082467600015, -7.067255301999978 ], [ 110.500816012000143, -7.067266982999968 ], [ 110.500678999000058, -7.067326 ], [ 110.500652998000135, -7.067334047999964 ], [ 110.500594999000043, -7.067352000999904 ], [ 110.500544101000116, -7.067349320999938 ] ] ] ] } },
{ "type": "Feature", "properties": { "Kecamatan": "Tugu", "Kota": "Kota Semarang", "adm3": "33.74.16" }, "geometry": { "type": "MultiPolygon", "coordinates": [ [ [ [ 110.361923218000072, -6.986755847999973 ], [ 110.36167907700019, -6.986742019999895 ], [ 110.36145782400007, -6.986720084999945 ], [ 110.361152649000132, -6.986690042999953 ], [ 110.361022948000198, -6.986680029999945 ], [ 110.360702516000117, -6.986649988999943 ], [ 110.360183716, -6.986589907999928 ], [ 110.359458922999977, -6.986470222999969 ], [ 110.358451843000182, -6.986299991999942 ], [ 110.358093261000135, -6.986189841999931 ], [ 110.357856750000053, -6.986080169999923 ], [ 110.357673644000158, -6.985889910999902 ], [ 110.35758209200003, -6.985727787999906 ], [ 110.357192994000172, -6.985030172999927 ], [ 110.357048035, -6.98486995799982 ], [ 110.356742858000075, -6.984529971999905 ], [ 110.356643676000033, -6.984459875999903 ], [ 110.356552124000075, -6.98437976799994 ], [ 110.356178284000066, -6.984159946999966 ], [ 110.355560302000072, -6.983850001999883 ], [ 110.354927063, -6.983580111999856 ], [ 110.354736329000048, -6.983479974999909 ], [ 110.354347228000108, -6.983300208999879 ], [ 110.354141236000089, -6.983200071999931 ], [ 110.353866578000122, -6.983109949999857 ], [ 110.353759765000063, -6.983069895999904 ], [ 110.353340148000086, -6.982880114999944 ], [ 110.353248596000128, -6.982840059999887 ], [ 110.3528823850001, -6.982739924999976 ], [ 110.351936340000123, -6.982480047999957 ], [ 110.351600647000112, -6.982409954999923 ], [ 110.351318359000061, -6.98239993999988 ], [ 110.351089478, -6.982379913999921 ], [ 110.350936890000185, -6.98239993999988 ], [ 110.350708008000083, -6.982510089999948 ], [ 110.35056304800014, -6.982570169999974 ], [ 110.35037994400011, -6.982699870999966 ], [ 110.349967957000047, -6.983260154999925 ], [ 110.349830627000017, -6.983449935999943 ], [ 110.3497467050002, -6.983590124999978 ], [ 110.349220275000164, -6.98441982199995 ], [ 110.348983764000025, -6.984670160999883 ], [ 110.348831177000136, -6.984819887999947 ], [ 110.348609924000016, -6.985000133999904 ], [ 110.348281861000146, -6.985179899999878 ], [ 110.348037720000093, -6.985290049999946 ], [ 110.34796142600004, -6.985320090999949 ], [ 110.347808839000095, -6.98539018699995 ], [ 110.347587586000145, -6.985479830999907 ], [ 110.347122192000199, -6.985620020999875 ], [ 110.346878053000182, -6.985660074999885 ], [ 110.346679688, -6.985690115999887 ], [ 110.346412659, -6.985730170999943 ], [ 110.345901490000131, -6.985750198999881 ], [ 110.345626832000107, -6.985750198999881 ], [ 110.345222473000149, -6.985779762999869 ], [ 110.344978332000096, -6.985829829999943 ], [ 110.344757081000182, -6.985869884999943 ], [ 110.344528197999978, -6.985899925999945 ], [ 110.344436646000077, -6.985909938999953 ], [ 110.344093323000152, -6.985939979999955 ], [ 110.34288787800017, -6.98600006099997 ], [ 110.3423995980001, -6.986030101999972 ], [ 110.342140198000095, -6.985980034999898 ], [ 110.341712951000034, -6.985909938999953 ], [ 110.341178894000166, -6.985770224999953 ], [ 110.340736390000131, -6.985630035999975 ], [ 110.340400697000177, -6.985519885999963 ], [ 110.339607240000134, -6.985260008999944 ], [ 110.339019775000111, -6.985050200999979 ], [ 110.338676453000119, -6.984930037999902 ], [ 110.338203429000089, -6.984670160999883 ], [ 110.337821961000145, -6.984459875999903 ], [ 110.337577820000092, -6.984280109999929 ], [ 110.337303162000126, -6.983990191999965 ], [ 110.337051392000035, -6.983729838999977 ], [ 110.336708069000167, -6.983359813999925 ], [ 110.336639403000163, -6.983250141999974 ], [ 110.336456299000133, -6.983079908999969 ], [ 110.336410522000165, -6.983009815999935 ], [ 110.336242675000051, -6.982789992999926 ], [ 110.336051941000051, -6.982560156999909 ], [ 110.33551788300008, -6.981929779999973 ], [ 110.334518434000074, -6.980710029999955 ], [ 110.334381103, -6.980549812999925 ], [ 110.334327697000049, -6.980490207999878 ], [ 110.334083556000166, -6.980199813999945 ], [ 110.333946227000069, -6.980040073999874 ], [ 110.333251952000126, -6.979179858999942 ], [ 110.332496644000116, -6.978489875999969 ], [ 110.3321914670002, -6.978199957999948 ], [ 110.332077027000139, -6.978109835999931 ], [ 110.331909179000093, -6.977940082999908 ], [ 110.331352233000018, -6.977292059999968 ], [ 110.33084106400014, -6.976786613999877 ], [ 110.330482482000093, -6.976497649999942 ], [ 110.330047607000097, -6.97633981599995 ], [ 110.329711914000143, -6.976274012999909 ], [ 110.329635620000033, -6.976252078999892 ], [ 110.329513549000126, -6.976234435999913 ], [ 110.328605652000078, -6.976124762999916 ], [ 110.327926635000097, -6.976064682999947 ], [ 110.327064514000085, -6.976037501999883 ], [ 110.326164245000143, -6.975974082999869 ], [ 110.325462342000037, -6.975953101999949 ], [ 110.324714659999984, -6.975985048999974 ], [ 110.323989868000069, -6.975990293999814 ], [ 110.323554993000073, -6.975993156999948 ], [ 110.323043824000138, -6.975965975999941 ], [ 110.322807312000123, -6.975965975999941 ], [ 110.322456361000093, -6.975925920999885 ], [ 110.32187652600004, -6.975852964999888 ], [ 110.321479798000041, -6.975787161999961 ], [ 110.32105255100015, -6.975766658999873 ], [ 110.32044219900007, -6.975706575999936 ], [ 110.319808959999989, -6.975653647999934 ], [ 110.319702149000136, -6.975639819999969 ], [ 110.319343568000022, -6.975550173999977 ], [ 110.319038391000106, -6.975529192999943 ], [ 110.318214417000149, -6.975411891999897 ], [ 110.317878724000195, -6.975358961999973 ], [ 110.317375183000138, -6.975234030999957 ], [ 110.316596984000171, -6.974990366999918 ], [ 110.316131592000033, -6.974819183999898 ], [ 110.315689087000123, -6.974579332999951 ], [ 110.315162659000066, -6.974309920999929 ], [ 110.314819336000141, -6.974073409999903 ], [ 110.314498901000036, -6.973784922999926 ], [ 110.314224243000069, -6.973423956999909 ], [ 110.313980102000187, -6.973167896999939 ], [ 110.313919068000132, -6.973063944999979 ], [ 110.313789368000016, -6.972918509999943 ], [ 110.313491821000184, -6.972721575999969 ], [ 110.31309509200014, -6.972504615999981 ], [ 110.312721252000131, -6.972409248999895 ], [ 110.312438964000023, -6.972389220999844 ], [ 110.311813355000027, -6.972414493999963 ], [ 110.311027528000125, -6.97247886699995 ], [ 110.310226440000122, -6.972553252999887 ], [ 110.309745788000157, -6.972552297999925 ], [ 110.309104920000038, -6.972558020999941 ], [ 110.30837249800004, -6.972622393999927 ], [ 110.307579041000167, -6.972702979999951 ], [ 110.306976318000125, -6.972767830999885 ], [ 110.306068421000077, -6.97288465399987 ], [ 110.305305480000072, -6.972955226999943 ], [ 110.304206848000149, -6.973104476999936 ], [ 110.303749084000117, -6.973176001999946 ], [ 110.303649902000075, -6.97318839999997 ], [ 110.303390503000173, -6.973214626999948 ], [ 110.302703858000143, -6.97331857699993 ], [ 110.301994325000123, -6.973425863999978 ], [ 110.301490784000123, -6.973496914999942 ], [ 110.300727845000154, -6.973541736999891 ], [ 110.300048828000172, -6.973567007999861 ], [ 110.299438477000024, -6.973546504999945 ], [ 110.298736572000166, -6.973519325999973 ], [ 110.29821777300009, -6.973426818999883 ], [ 110.298011898000027, -6.973355809999873 ], [ 110.297523498000146, -6.973278044999915 ], [ 110.297130309000011, -6.973139259999925 ], [ 110.296722413, -6.972995280999896 ], [ 110.296410751000167, -6.972894409999981 ], [ 110.295867920000092, -6.972718715999918 ], [ 110.295520125, -6.972598953999977 ], [ 110.295073999000067, -6.972445000999926 ], [ 110.294403, -6.972241 ], [ 110.293549, -6.97186 ], [ 110.292801, -6.971455999999876 ], [ 110.292590173000065, -6.971320633999881 ], [ 110.292259216000105, -6.97110795999987 ], [ 110.291389465, -6.970588683999893 ], [ 110.290122986000142, -6.969852923999952 ], [ 110.290063383000074, -6.969820837999976 ], [ 110.289451599000074, -6.969491481999967 ], [ 110.289305579000086, -6.96942531499991 ], [ 110.289237977000198, -6.969394682999962 ], [ 110.289146423000034, -6.969339847999947 ], [ 110.288352966000048, -6.968949793999911 ], [ 110.288220852000109, -6.968916963999959 ], [ 110.288033, -6.96887 ], [ 110.287949000000197, -6.968800000999977 ], [ 110.287768776, -6.968753810999942 ], [ 110.287750244999984, -6.968749044999925 ], [ 110.287658850000184, -6.968731908999928 ], [ 110.287682000000132, -6.968571 ], [ 110.287735, -6.968361 ], [ 110.287776467000015, -6.968233669999904 ], [ 110.287834166000096, -6.968056683999919 ], [ 110.288024903000178, -6.967697142999953 ], [ 110.287972880000041, -6.967675079999879 ], [ 110.287918090000119, -6.967651843999931 ], [ 110.287612916000114, -6.967511653999964 ], [ 110.287292481000122, -6.967333793999956 ], [ 110.287391834000118, -6.967133199999978 ], [ 110.287467957000104, -6.96697950399988 ], [ 110.287658691000047, -6.966560362999928 ], [ 110.287727816000199, -6.966361630999927 ], [ 110.287872315000129, -6.965946195999891 ], [ 110.288116388, -6.965417055999922 ], [ 110.288199999000085, -6.965429 ], [ 110.288652856000169, -6.965513471999884 ], [ 110.289299012000185, -6.965634345999945 ], [ 110.289726257000098, -6.965791225999965 ], [ 110.289899063000178, -6.965875284999981 ], [ 110.290535, -6.966185 ], [ 110.290878, -6.96645999999987 ], [ 110.291030884000122, -6.966583250999975 ], [ 110.291126944000041, -6.966630045999921 ], [ 110.291290283000137, -6.96670961399991 ], [ 110.292260613000167, -6.967153402999884 ], [ 110.292922974000135, -6.967456339999899 ], [ 110.294090272000119, -6.967948436999961 ], [ 110.294351125000105, -6.968063580999967 ], [ 110.294456482000044, -6.968110084999978 ], [ 110.294830322000053, -6.968249796999828 ], [ 110.295433045000095, -6.968399523999949 ], [ 110.295579403000147, -6.968420633999926 ], [ 110.295730687000059, -6.968442204999917 ], [ 110.295928955000079, -6.967958927999916 ], [ 110.29618072500017, -6.967384815999935 ], [ 110.296373101000086, -6.96693567799997 ], [ 110.296417236000082, -6.966832637999971 ], [ 110.297142030000202, -6.965263366999977 ], [ 110.297386169000049, -6.964721678999922 ], [ 110.297416177000059, -6.964658709999981 ], [ 110.298156738000102, -6.963104724999937 ], [ 110.298326182000096, -6.962744412999939 ], [ 110.298492431000113, -6.962390898999899 ], [ 110.298651071000108, -6.962049453999896 ], [ 110.298859000000164, -6.961603 ], [ 110.299136939000164, -6.961009916999956 ], [ 110.299240113000167, -6.960790156999963 ], [ 110.299524269000017, -6.960206257999971 ], [ 110.299613953000176, -6.960021972999925 ], [ 110.299659728000165, -6.959940431999939 ], [ 110.299473469000077, -6.959870870999964 ], [ 110.299347039000111, -6.959823651999955 ], [ 110.299720763000153, -6.959074973999975 ], [ 110.299331665000068, -6.958945272999927 ], [ 110.298939313000119, -6.958809069999916 ], [ 110.298629759999983, -6.958701608999945 ], [ 110.297798156000113, -6.958444594999889 ], [ 110.297509797000146, -6.958332856999959 ], [ 110.297302245000026, -6.958252429999959 ], [ 110.296813965000126, -6.958111285999848 ], [ 110.296356201000094, -6.957944392999877 ], [ 110.29560089000006, -6.957764147999967 ], [ 110.295283428000062, -6.957643819999873 ], [ 110.295127868000179, -6.957584856999972 ], [ 110.294746400000065, -6.957456587999957 ], [ 110.294560862000139, -6.957402913999942 ], [ 110.294479001000013, -6.957378999999833 ], [ 110.2943949000001, -6.957348323999952 ], [ 110.294235229000094, -6.957289694999815 ], [ 110.293861389000085, -6.957148550999932 ], [ 110.293403625000053, -6.957019804999959 ], [ 110.293393586000036, -6.95701615899992 ], [ 110.293282, -6.956975000999876 ], [ 110.293633001000046, -6.956141999999886 ], [ 110.293502438000132, -6.956108206999943 ], [ 110.292671203, -6.955892562999964 ], [ 110.29241180300005, -6.95571756399994 ], [ 110.292160034000119, -6.95561075199987 ], [ 110.291932784000096, -6.955499742999962 ], [ 110.291870116000098, -6.955469057999892 ], [ 110.29186340300015, -6.955114041999934 ], [ 110.291855001000158, -6.95466206299983 ], [ 110.291927760000078, -6.954529383999954 ], [ 110.292243958000086, -6.953952788999914 ], [ 110.292305274000057, -6.953830450999931 ], [ 110.292343140000128, -6.953754901999901 ], [ 110.292213439000136, -6.953601836999951 ], [ 110.292314951000037, -6.953361023999889 ], [ 110.29238885, -6.953185714999961 ], [ 110.292175907000058, -6.953060465999897 ], [ 110.291985000000182, -6.952948 ], [ 110.292308172000105, -6.952683837999928 ], [ 110.292686463000052, -6.952374934999966 ], [ 110.292840893, -6.952228547999937 ], [ 110.293052673000147, -6.952027796999914 ], [ 110.293014526000093, -6.951940059999913 ], [ 110.292846679000149, -6.9517421729999 ], [ 110.292956833, -6.951634155999955 ], [ 110.293067898000061, -6.951525172999879 ], [ 110.292762757000162, -6.951192854999931 ], [ 110.29274604699998, -6.95117922299994 ], [ 110.292480469000054, -6.950962543999879 ], [ 110.292263124000101, -6.950769569999977 ], [ 110.292221069000107, -6.950732230999904 ], [ 110.291984558000138, -6.950527190999935 ], [ 110.291832763000116, -6.950459664999926 ], [ 110.291725159000066, -6.950411795999969 ], [ 110.291694711000048, -6.950346276999937 ], [ 110.29167181400004, -6.950297009999872 ], [ 110.291710000000137, -6.950196 ], [ 110.292038001000037, -6.949867 ], [ 110.292251232000183, -6.94965190399995 ], [ 110.29261016800001, -6.949290275999886 ], [ 110.292846679000149, -6.949050426999861 ], [ 110.293106078000051, -6.948714255999846 ], [ 110.293365478000169, -6.948315142999945 ], [ 110.293387956000061, -6.948256138999966 ], [ 110.29340400000018, -6.948215 ], [ 110.293460491000133, -6.94810709099994 ], [ 110.293571472000167, -6.94789647999994 ], [ 110.293830872000115, -6.947383403999936 ], [ 110.293952943000193, -6.947165488999929 ], [ 110.294003666000037, -6.947153864999962 ], [ 110.294044, -6.947145000999967 ], [ 110.294156570000098, -6.947125828999958 ], [ 110.294273376000149, -6.947106360999953 ], [ 110.294593811000141, -6.946973323999941 ], [ 110.294629519000068, -6.946932831999959 ], [ 110.294700623000097, -6.94685220599996 ], [ 110.294856703, -6.946665286999973 ], [ 110.294937134000179, -6.946568965999973 ], [ 110.294950542000038, -6.946555223999894 ], [ 110.29505157400007, -6.946451662999948 ], [ 110.295157847000041, -6.946341139999959 ], [ 110.295242309000116, -6.946253298999977 ], [ 110.295519744000103, -6.946007076999933 ], [ 110.295852662000073, -6.945711612999901 ], [ 110.296075577000124, -6.945502193999971 ], [ 110.296096933000115, -6.945482085999913 ], [ 110.296410001000083, -6.945079 ], [ 110.29657, -6.944847998999933 ], [ 110.296620233000112, -6.944812228999922 ], [ 110.296958924000137, -6.944571494999821 ], [ 110.297180176000154, -6.944327352999949 ], [ 110.297355690000131, -6.944205236999892 ], [ 110.297828674000186, -6.94359493099995 ], [ 110.298025996000149, -6.943246774999977 ], [ 110.298031950000109, -6.943233429999964 ], [ 110.298264000000131, -6.942691 ], [ 110.298480901000062, -6.942246896999961 ], [ 110.298622132000105, -6.941958426999975 ], [ 110.298740234000093, -6.941765641999893 ], [ 110.29888153100012, -6.941534994999927 ], [ 110.29896358100018, -6.941369003999966 ], [ 110.299026488000152, -6.941241740999828 ], [ 110.299194253999985, -6.941005822999955 ], [ 110.299415999000132, -6.940850999999896 ], [ 110.299698001000195, -6.940680998999881 ], [ 110.300095000000113, -6.940444998999965 ], [ 110.300135776000104, -6.940444998999965 ], [ 110.300460815000065, -6.940445422999915 ], [ 110.300621033000198, -6.940462111999977 ], [ 110.300788879000038, -6.940486430999954 ], [ 110.301002672000038, -6.940519152999968 ], [ 110.301057046000096, -6.940461199999902 ], [ 110.301147460000152, -6.940364836999947 ], [ 110.301261903000125, -6.940104484999949 ], [ 110.301292999, -6.940035626999929 ], [ 110.301369000000193, -6.939867998999944 ], [ 110.301463206000165, -6.939700245999916 ], [ 110.301483154000039, -6.939664839999978 ], [ 110.301636, -6.939502 ], [ 110.301763285, -6.939436341999908 ], [ 110.301856996000026, -6.939388273999953 ], [ 110.302009160000011, -6.939322089999962 ], [ 110.302231001000166, -6.939226 ], [ 110.30254435500018, -6.939103530999944 ], [ 110.302688600000124, -6.939047335999874 ], [ 110.30287512600006, -6.938944784999933 ], [ 110.303177, -6.938778999999897 ], [ 110.303311474000111, -6.938733373999924 ], [ 110.303344726000034, -6.938722132999885 ], [ 110.303558350000117, -6.938665389999926 ], [ 110.303749084000117, -6.93864107099995 ], [ 110.304061889000138, -6.938674449999951 ], [ 110.304244315000119, -6.938745624999967 ], [ 110.304313659000172, -6.938772677999907 ], [ 110.304573058000074, -6.938829897999938 ], [ 110.304682963000175, -6.93882393399997 ], [ 110.304862977000141, -6.938814161999971 ], [ 110.304919778000169, -6.938760253999931 ], [ 110.30506896900016, -6.938618659999975 ], [ 110.305397034, -6.93817090999994 ], [ 110.305671692000033, -6.937870024999938 ], [ 110.305741562000094, -6.937765656999886 ], [ 110.305824279000092, -6.93764209699998 ], [ 110.305873911000162, -6.937567133999892 ], [ 110.305916000000138, -6.937504 ], [ 110.306041354000058, -6.937515937999933 ], [ 110.306083679000096, -6.937520026999891 ], [ 110.306205750000174, -6.93756103599992 ], [ 110.306221491000144, -6.937562143999912 ], [ 110.306328001000054, -6.93757 ], [ 110.306472999000164, -6.937586000999943 ], [ 110.306586685000127, -6.937631661999887 ], [ 110.306740000000104, -6.937641998999879 ], [ 110.306992626000067, -6.937693885999977 ], [ 110.307037354000045, -6.937703132999957 ], [ 110.307065823000187, -6.937646955999924 ], [ 110.307091, -6.937598 ], [ 110.307206592000171, -6.937556628999914 ], [ 110.307281495000097, -6.937530039999956 ], [ 110.307594300000119, -6.937465190999887 ], [ 110.308006286000079, -6.937376499999914 ], [ 110.308355393000113, -6.937282295999978 ], [ 110.308487, -6.937246998999967 ], [ 110.30865548800017, -6.9372142389999 ], [ 110.308738708000135, -6.937198161999902 ], [ 110.308998108000083, -6.937182425999936 ], [ 110.309318543000018, -6.937166214999934 ], [ 110.309424438000178, -6.93718069099998 ], [ 110.309563, -6.9372 ], [ 110.310043001000111, -6.937241 ], [ 110.310659764000093, -6.937345636999964 ], [ 110.310768128000177, -6.93736410199989 ], [ 110.310863994000101, -6.937377391999917 ], [ 110.311362999000096, -6.937447 ], [ 110.311707, -6.937520998999901 ], [ 110.312171999000043, -6.93757 ], [ 110.312331535000112, -6.937599543999909 ], [ 110.312522888000046, -6.937635421999971 ], [ 110.312919617000091, -6.937701224999955 ], [ 110.313117551000119, -6.937727480999911 ], [ 110.3132934570001, -6.937750814999902 ], [ 110.31365966900006, -6.93779182399993 ], [ 110.313995195000075, -6.937808979999943 ], [ 110.314080922000187, -6.937725211999918 ], [ 110.314155579000044, -6.937652109999931 ], [ 110.314484000000107, -6.937636998999892 ], [ 110.314620971000181, -6.937606334999941 ], [ 110.314804077000076, -6.937567710999929 ], [ 110.315017700000055, -6.937489509999978 ], [ 110.317268371000011, -6.93854999499996 ], [ 110.318412781000063, -6.938690185999917 ], [ 110.319038391000106, -6.938849925999875 ], [ 110.319931030000134, -6.938960073999965 ], [ 110.320327759, -6.93907022399992 ], [ 110.320831300000066, -6.939229963999878 ], [ 110.321121216000051, -6.939449786999887 ], [ 110.321472168000128, -6.939660071999981 ], [ 110.321739197000113, -6.939740180999934 ], [ 110.322082519000105, -6.939879894999933 ], [ 110.322456361000093, -6.940080165999973 ], [ 110.322860718000072, -6.940239905999874 ], [ 110.323081970000089, -6.940330027999948 ], [ 110.323440552000079, -6.94048023299996 ], [ 110.323753357000157, -6.94061994499998 ], [ 110.324043273000143, -6.940820215999963 ], [ 110.324287414000196, -6.94088983499995 ], [ 110.324577331000114, -6.941160201999935 ], [ 110.324798583000131, -6.941309928999942 ], [ 110.325073241000098, -6.94140005099996 ], [ 110.327903747000164, -6.942689895999933 ], [ 110.328277589000038, -6.942759989999956 ], [ 110.328643799000133, -6.942850113999953 ], [ 110.32922363300014, -6.942949770999917 ], [ 110.329750061000198, -6.943019866999975 ], [ 110.32994079700012, -6.94321012499995 ], [ 110.330108642000084, -6.943459986999869 ], [ 110.330398560000106, -6.943510054999933 ], [ 110.330642700000055, -6.943537710999976 ], [ 110.330902099000127, -6.943749903999958 ], [ 110.331016540000064, -6.943940161999876 ], [ 110.331336975, -6.94404983499993 ], [ 110.331809997000107, -6.944029806999936 ], [ 110.332038880000084, -6.944190023999965 ], [ 110.332283019000158, -6.944379805999858 ], [ 110.332527161000087, -6.944630144999962 ], [ 110.332717895000087, -6.944829940999966 ], [ 110.332893372000115, -6.944880008999917 ], [ 110.333183289000033, -6.944980143999942 ], [ 110.333412170000031, -6.945149898999887 ], [ 110.33364868100017, -6.945310115999916 ], [ 110.334152222000171, -6.945429801999978 ], [ 110.334480285000041, -6.945610045999956 ], [ 110.334762573000148, -6.945759772999907 ], [ 110.335060119000048, -6.945889948999934 ], [ 110.335403443000018, -6.94598007299993 ], [ 110.335586549000084, -6.946063994999918 ], [ 110.336029052000015, -6.946259020999889 ], [ 110.338050842000143, -6.94715022999992 ], [ 110.338478089000091, -6.94724988999991 ], [ 110.338783264000199, -6.947380065999937 ], [ 110.339111329000048, -6.94746017499989 ], [ 110.339416503000109, -6.947569846999897 ], [ 110.339683533000141, -6.947669981999923 ], [ 110.339973449000183, -6.94780015799995 ], [ 110.340148925000108, -6.94790983099989 ], [ 110.340332031000173, -6.948019980999959 ], [ 110.341613769000162, -6.948319911999874 ], [ 110.342231750000053, -6.948450088999948 ], [ 110.342796326000041, -6.948550223999973 ], [ 110.343063354000094, -6.948647975999961 ], [ 110.343177795000088, -6.94868993699987 ], [ 110.343452453000054, -6.948820113999886 ], [ 110.343872070000032, -6.949049948999971 ], [ 110.343986512000129, -6.949097156999926 ], [ 110.34462738000019, -6.949355600999979 ], [ 110.346023560000106, -6.949920177999957 ], [ 110.346687317000033, -6.950049875999866 ], [ 110.347343445000149, -6.950170038999943 ], [ 110.347930907000091, -6.950240134999888 ], [ 110.348182679000104, -6.950329779999947 ], [ 110.348442079000108, -6.950469970999961 ], [ 110.350349426000093, -6.951159952999944 ], [ 110.351013184000124, -6.951429842999914 ], [ 110.351570130000198, -6.951570034999975 ], [ 110.351821900000061, -6.951590060999933 ], [ 110.35395050000011, -6.95216989499994 ], [ 110.354301453000119, -6.952271460999896 ], [ 110.354568481, -6.952350138999918 ], [ 110.354980468000065, -6.952549933999933 ], [ 110.355583191000107, -6.952700137999955 ], [ 110.355979919000106, -6.95299005399994 ], [ 110.356292724000127, -6.953259943999967 ], [ 110.356796265000128, -6.953690051999956 ], [ 110.357269287000179, -6.953929900999981 ], [ 110.357933044000106, -6.953979967999942 ], [ 110.358650207000039, -6.953999995999936 ], [ 110.359268189000034, -6.954020021999895 ], [ 110.359710694000114, -6.954090117999954 ], [ 110.360717774000136, -6.954269885999963 ], [ 110.361053467000147, -6.954289912999968 ], [ 110.362373352000191, -6.954470157999936 ], [ 110.362586974000067, -6.954579830999933 ], [ 110.362739564000094, -6.954510211999946 ], [ 110.362899781000124, -6.954339979999929 ], [ 110.3632507330002, -6.954140185999904 ], [ 110.363510132000101, -6.954050063999887 ], [ 110.363998413000047, -6.953909873999919 ], [ 110.364532470000142, -6.953770160999909 ], [ 110.365470887000072, -6.953690051999956 ], [ 110.366310119000048, -6.95360994299989 ], [ 110.36654663000013, -6.953680038999948 ], [ 110.366783143000077, -6.953909873999919 ], [ 110.367027282000151, -6.954209803999959 ], [ 110.367332459000068, -6.954329966999978 ], [ 110.367561340000066, -6.954539775999933 ], [ 110.367782593000186, -6.954565524999907 ], [ 110.367584228, -6.955371379999974 ], [ 110.367355347000171, -6.956142901999954 ], [ 110.367042541000046, -6.95658635999996 ], [ 110.366760254000042, -6.957193850999943 ], [ 110.366645812000172, -6.957949160999931 ], [ 110.36652374300013, -6.958606241999917 ], [ 110.366210937000176, -6.959969520999948 ], [ 110.366012571999988, -6.961004256999956 ], [ 110.365898132000154, -6.961381911999922 ], [ 110.365913390000173, -6.96171045299991 ], [ 110.365837097000167, -6.961932182999874 ], [ 110.365623474000131, -6.962105750999967 ], [ 110.365447998000036, -6.96235465999996 ], [ 110.365303039000196, -6.962561606999941 ], [ 110.365234375, -6.962944984999922 ], [ 110.365097047, -6.963603973999909 ], [ 110.364677429000096, -6.96452760699998 ], [ 110.36446380700005, -6.965201853999872 ], [ 110.364318848000039, -6.965792178999948 ], [ 110.36446380700005, -6.965938090999941 ], [ 110.365272522000055, -6.96655654999995 ], [ 110.36652374300013, -6.967570304999981 ], [ 110.368171691000043, -6.968819140999926 ], [ 110.368057250999982, -6.968980312999975 ], [ 110.367584228, -6.969469545999914 ], [ 110.367263793000063, -6.969844818999889 ], [ 110.366935730000193, -6.970166205999931 ], [ 110.366813660000048, -6.970373153999901 ], [ 110.366630554000153, -6.971001624999872 ], [ 110.366508483000075, -6.971507548999966 ], [ 110.366508483000075, -6.971714495999947 ], [ 110.366493225000056, -6.972316741999975 ], [ 110.366470336000077, -6.972638606999965 ], [ 110.366493225000056, -6.972914694999872 ], [ 110.366554260000044, -6.973083495999902 ], [ 110.366516113000046, -6.973290442999883 ], [ 110.366401673000155, -6.973458765999965 ], [ 110.366462708000142, -6.973850726999956 ], [ 110.366554260000044, -6.974153040999965 ], [ 110.36640930100009, -6.97452878799993 ], [ 110.366249085000106, -6.974819659999923 ], [ 110.366241455000022, -6.975072860999944 ], [ 110.366195678000054, -6.975348948999965 ], [ 110.365951539000037, -6.976015567999923 ], [ 110.36569976800007, -6.976670740999964 ], [ 110.36550140300011, -6.977207183999951 ], [ 110.365348816000164, -6.977567195999882 ], [ 110.365196229000048, -6.977988719999871 ], [ 110.364814758000193, -6.979019640999979 ], [ 110.364578247000111, -6.979594230999908 ], [ 110.3644332880001, -6.98002386099995 ], [ 110.364181519000113, -6.980908869999894 ], [ 110.364349364000077, -6.98095989199993 ], [ 110.364936829000101, -6.981105803999924 ], [ 110.364738465000187, -6.981743811999877 ], [ 110.364677429000096, -6.982071398999892 ], [ 110.364608764000025, -6.982270717999938 ], [ 110.364547729000037, -6.982476710999947 ], [ 110.364509581999982, -6.982676029999936 ], [ 110.364456177000136, -6.982840059999887 ], [ 110.364265443000136, -6.982739924999976 ], [ 110.364204407000045, -6.982946394999885 ], [ 110.364181519000113, -6.983017443999927 ], [ 110.364189149000026, -6.983096121999949 ], [ 110.364135742000144, -6.983151911999926 ], [ 110.364089966999984, -6.983252046999951 ], [ 110.364105225, -6.983347415999958 ], [ 110.364151000000163, -6.983420371999955 ], [ 110.364204407000045, -6.983502863999945 ], [ 110.364204407000045, -6.983580111999856 ], [ 110.36416626, -6.983735084999978 ], [ 110.364105225, -6.983985423999968 ], [ 110.364089966999984, -6.984163284999966 ], [ 110.364105225, -6.984304428999906 ], [ 110.364158630000077, -6.984423159999949 ], [ 110.364128114000039, -6.984499930999846 ], [ 110.364059448000035, -6.984700201999885 ], [ 110.363876342000196, -6.985298632999957 ], [ 110.363784790000068, -6.985623835999945 ], [ 110.36372375500008, -6.98576640999994 ], [ 110.363479614000028, -6.98578262299992 ], [ 110.36338043100011, -6.986005782999939 ], [ 110.363327026000036, -6.98620176299994 ], [ 110.36322021400008, -6.986420154999905 ], [ 110.363159181000071, -6.986674784999934 ], [ 110.363113404000103, -6.986941336999962 ], [ 110.362854004000155, -6.986896990999924 ], [ 110.362304688000165, -6.986791132999883 ], [ 110.361923218000072, -6.986755847999973 ] ] ], [ [ [ 110.311782999, -6.937202 ], [ 110.311455000000137, -6.937137 ], [ 110.311329524000087, -6.937079294999933 ], [ 110.311080933000198, -6.936964510999928 ], [ 110.312241000000199, -6.937204 ], [ 110.312622, -6.937295 ], [ 110.312850845000071, -6.937439901999937 ], [ 110.312824041, -6.937435974999971 ], [ 110.312630011000124, -6.937407002999976 ], [ 110.312079999000105, -6.93726 ], [ 110.311782999, -6.937202 ] ] ], [ [ [ 110.310313936000057, -6.936905729999978 ], [ 110.310262695000176, -6.936868196999967 ], [ 110.310180664000029, -6.93680810799998 ], [ 110.310758355000132, -6.936956833999943 ], [ 110.3103714, -6.936947821999979 ], [ 110.310313936000057, -6.936905729999978 ] ] ] ] } }
]
}
